index,N_field_windows,N_field_eval_intervals,w1,w2,w3,w4,w5,w6,w7,w8,w9,w10,w11,w12,w13,w14,w15,w16,w17,w18,w19,w20,w21,w22,w23,w24,w25,w26,w27,w28,w29,w30,w31,w32,w33,w34,w35,w36,w37,w38,w39,w40,w41,w42,w43,w44,w45,w46,w47,w48,w49,w50,w51,w52,w53,w54,w55,w56,w57,w58,w59,w60,w61,w62,w63,w64,w65,w66,w67,w68,w69,w70,w71,w72,w73,w74,w75,w76,w77,w78,w79,w80,w81,w82,w83,w84,w85,w86,w87,w88,w89,w90,w91,w92,w93,w94,w95,w96,w97,w98,w99,w100,w101,w102,w103,w104,w105,w106,w107,w108,w109,w110,w111,w112,w113,w114,w115,w116,w117,w118,w119,w120,w121,w122,w123,w124,w125,w126,w127,w128,w129,w130,w131,w132,w133,w134,w135,w136,w137,w138,w139,w140,w141,w142,w143,w144,w145,w146,w147,w148,w149,w150,w151,w152,w153,w154,w155,w156,w157,w158,w159,w160,w161,w162,w163,w164,w165,w166,w167,w168,w169,w170,w171,w172,w173,w174,w175,w176,w177,w178,w179,w180,w181,w182,w183,w184,w185,w186,w187,w188,w189,w190,w191,w192,w193,w194,w195,w196,w197,w198,w199,w200,w201,w202,w203,w204,w205,w206,w207,w208,w209,w210,w211,w212,w213,w214,w215,w216,w217,w218,w219,w220,w221,w222,w223,w224,w225,w226,w227,w228,w229,w230,w231,w232,w233,w234,w235,w236,w237,w238,w239,w240,w241,w242,w243,w244,w245,w246,w247,w248,w249,w250,w251,w252,w253,w254,w255,w256,w257,w258,w259,w260,w261,w262,w263,w264,w265,w266,w267,w268,w269,w270,w271,w272,w273,w274,w275,w276,w277,w278,w279,w280,w281,w282,w283,w284,w285,w286,w287,w288,w289,w290,w291,w292,w293,w294,w295,w296,w297,w298,w299,w300,w301,w302,w303,w304,w305,w306,w307,w308,w309,w310,w311,w312,w313,w314,w315,w316,w317,w318,w319,w320,w321,w322,w323,w324,w325,w326,w327,w328,w329,w330,w331,w332,w333,w334,w335,w336,w337,w338,w339,w340,w341,w342,w343,w344,w345,w346,w347,w348,w349,w350,w351,w352,w353,w354,w355,w356,w357,w358,w359,w360,w361,w362,w363,w364,w365,w366,w367,w368,w369,w370,w371,w372,w373,w374,w375,w376,w377,w378,w379,w380,w381,w382,w383,w384,w385,w386,w387,w388,w389,w390,w391,w392,w393,w394,w395,w396,w397,w398,w399,w400
0,200.0,1.0,4,5,6,5,5,6,5,6,6,5,6,6,5,4,6,5,4,6,6,5,6,6,5,6,6,5,6,6,5,5,6,5,6,6,5,4,6,5,4,6,5,4,6,6,3,6,6,2,6,6,5,6,6,5,5,6,5,6,6,5,4,6,5,4,6,5,4,6,6,3,6,6,2,6,6,5,6,6,5,5,6,5,6,6,5,4,6,5,4,6,5,4,6,6,3,6,6,2,6,6,5,6,6,5,5,6,5,6,6,5,4,6,5,4,6,5,4,6,6,3,6,6,2,6,6,5,6,24,12,3,3,3,3,3,18,6,6,6,5,5,6,5,4,5,6,4,5,6,5,4,5,5,4,5,6,5,4,5,4,4,5,4,4,4,4,4,3,4,4,3,3,3,3,3,3,3,2,2,3,2,2,2,2,2,2,2,2,2,2,2,2,2,2,2,2,2,2,2,2,2,,,,,,,,,,,,,,,,,,,,,,,,,,,,,,,,,,,,,,,,,,,,,,,,,,,,,,,,,,,,,,,,,,,,,,,,,,,,,,,,,,,,,,,,,,,,,,,,,,,,,,,,,,,,,,,,,,,,,,,,,,,,,,,,,,,,,,,,,,,,,,,,,,,,,,,,,,,,,,,,,,,,,,,,,,,,,,,,,,,,,,,,,,,,,,,,,,,,,,,,
1,200.0,6.0,,,,,,,,,,,,,,,,,,,,,,,,,,,,,,,,,,,,,,,,,,,,,,,,,,,,,,,,,,,,,,,,,,,,,,,,,,,,,,,,,,,,,,,,,,,,,,,,,,,,,,,,,,,,,,,,,,,,,,,,,,,,,,,,,,,,,,,,,,,,,,,,,,,,,,,,,,,,,,,,,,,,,,,,,,,,,,,,,,,,,,,,,,,,,,,,,,,,,,,,,,,,,,,,,,,,,,,,,,,,,,,,,,,,,,,,,,,,,,,,,,,,,,,,,,,,,,,,,,,,,,,,,,,,,,,,,,,,,,,,,,,,,,,,,,,,,,,,,,,,,,,,,,,,,,,,,,,,,,,,,,,,,,,,,,,,,,,,,,,,,,,,,,,,,,,,,,,,,,,,,,,,,,,,,,,,,,,,,,,,,,,,,,,,,,,,,,,,,,,,
2,200.0,10.0,,,,,,,,,,,,,,,,,,,,,,,,,,,,,,,,,,,,,,,,,,,,,,,,,,,,,,,,,,,,,,,,,,,,,,,,,,,,,,,,,,,,,,,,,,,,,,,,,,,,,,,,,,,,,,,,,,,,,,,,,,,,,,,,,,,,,,,,,,,,,,,,,,,,,,,,,,,,,,,,,,,,,,,,,,,,,,,,,,,,,,,,,,,,,,,,,,,,,,,,,,,,,,,,,,,,,,,,,,,,,,,,,,,,,,,,,,,,,,,,,,,,,,,,,,,,,,,,,,,,,,,,,,,,,,,,,,,,,,,,,,,,,,,,,,,,,,,,,,,,,,,,,,,,,,,,,,,,,,,,,,,,,,,,,,,,,,,,,,,,,,,,,,,,,,,,,,,,,,,,,,,,,,,,,,,,,,,,,,,,,,,,,,,,,,,,,,,,,,,,
3,204.0,1.0,4,5,6,5,4,6,5,5,6,5,4,6,5,5,6,6,5,6,6,5,6,6,5,5,6,5,4,6,5,5,6,6,5,6,6,5,5,6,5,6,6,5,4,6,5,4,6,6,5,6,6,5,5,7,5,6,6,5,4,6,5,4,6,5,3,6,6,5,6,6,5,6,6,5,5,6,5,4,6,5,5,6,6,5,6,6,5,5,6,5,6,6,5,4,6,5,4,6,6,5,6,6,5,5,7,5,6,6,5,4,6,5,4,6,5,3,6,6,5,6,6,5,6,6,5,5,6,5,5,8,18,19,3,3,3,3,14,8,2,6,6,4,5,6,5,5,5,6,4,5,5,5,4,5,5,4,5,5,5,4,5,4,4,5,4,4,4,4,4,3,4,4,3,3,3,3,2,3,3,2,2,3,2,2,2,2,2,2,2,2,2,2,2,2,2,2,2,2,2,2,2,2,2,2,,,,,,,,,,,,,,,,,,,,,,,,,,,,,,,,,,,,,,,,,,,,,,,,,,,,,,,,,,,,,,,,,,,,,,,,,,,,,,,,,,,,,,,,,,,,,,,,,,,,,,,,,,,,,,,,,,,,,,,,,,,,,,,,,,,,,,,,,,,,,,,,,,,,,,,,,,,,,,,,,,,,,,,,,,,,,,,,,,,,,,,,,,,,,,,,,,,,
4,204.0,6.0,5,5,6,5,5,6,5,6,5,5,4,5,5,4,5,6,5,5,7,5,5,6,5,6,6,5,6,5,5,4,5,6,4,5,6,5,5,6,5,5,6,5,5,5,5,5,5,5,4,5,6,5,5,6,5,5,6,5,6,6,5,5,5,5,4,5,6,5,5,7,5,5,6,5,6,6,5,6,5,5,5,5,6,4,5,6,5,5,6,5,5,6,5,5,5,5,5,5,5,4,5,6,5,5,6,5,5,6,5,6,6,5,5,5,5,4,5,6,5,5,7,5,5,6,5,6,6,5,6,12,32,29,15,13,10,22,15,7,6,5,6,3,5,7,5,5,6,5,6,6,5,5,5,5,5,5,6,5,5,6,4,5,6,5,5,6,5,5,6,5,5,5,5,4,5,6,3,5,6,4,5,6,5,5,5,5,5,5,5,4,5,5,4,5,6,4,5,6,5,5,6,5,5,5,,,,,,,,,,,,,,,,,,,,,,,,,,,,,,,,,,,,,,,,,,,,,,,,,,,,,,,,,,,,,,,,,,,,,,,,,,,,,,,,,,,,,,,,,,,,,,,,,,,,,,,,,,,,,,,,,,,,,,,,,,,,,,,,,,,,,,,,,,,,,,,,,,,,,,,,,,,,,,,,,,,,,,,,,,,,,,,,,,,,,,,,,,,,,,,,,,,,
5,204.0,10.0,5,5,6,5,5,6,5,5,6,5,4,5,6,5,5,6,5,5,7,5,5,6,5,6,6,5,6,6,5,4,5,6,5,5,6,5,5,6,5,5,6,5,6,6,5,5,5,6,4,5,6,5,5,7,5,5,6,5,6,6,5,6,5,5,4,5,6,5,5,7,5,5,6,5,6,6,5,5,6,5,5,5,6,4,5,6,5,5,6,5,5,6,5,6,6,5,5,5,6,4,5,6,5,5,7,5,5,6,5,6,6,5,6,6,5,4,5,6,5,5,6,5,5,6,5,6,6,5,6,13,31,40,16,12,8,26,15,7,6,5,6,4,5,7,5,5,6,5,6,6,5,6,6,5,6,6,6,5,5,6,4,5,8,5,5,6,5,6,6,5,5,6,5,5,6,6,5,5,6,4,5,7,5,5,6,5,5,6,5,5,6,5,4,6,6,4,5,6,4,5,6,5,5,6,,,,,,,,,,,,,,,,,,,,,,,,,,,,,,,,,,,,,,,,,,,,,,,,,,,,,,,,,,,,,,,,,,,,,,,,,,,,,,,,,,,,,,,,,,,,,,,,,,,,,,,,,,,,,,,,,,,,,,,,,,,,,,,,,,,,,,,,,,,,,,,,,,,,,,,,,,,,,,,,,,,,,,,,,,,,,,,,,,,,,,,,,,,,,,,,,,,,
6,208.0,1.0,4,5,6,5,6,6,5,4,6,5,4,6,6,5,6,6,5,5,6,5,4,6,5,5,6,6,5,5,6,5,5,6,5,4,6,5,3,6,6,5,5,6,5,5,6,5,4,6,5,3,6,6,5,5,6,5,5,6,5,4,6,5,3,6,6,5,5,6,5,5,6,5,4,6,5,3,6,6,5,5,6,5,5,6,5,4,6,5,3,6,6,5,5,6,5,5,6,5,4,6,5,5,6,6,5,5,6,5,5,6,5,4,6,5,3,6,6,5,5,6,5,5,6,5,4,6,5,3,6,6,5,5,16,9,3,3,3,3,3,27,7,4,6,5,5,5,6,5,5,5,6,4,5,5,5,4,5,5,4,5,5,5,4,5,4,4,5,4,4,4,4,4,3,4,4,3,3,3,3,3,3,3,3,2,3,3,2,2,2,2,2,2,2,2,2,2,2,2,2,2,2,2,2,2,2,2,2,2,,,,,,,,,,,,,,,,,,,,,,,,,,,,,,,,,,,,,,,,,,,,,,,,,,,,,,,,,,,,,,,,,,,,,,,,,,,,,,,,,,,,,,,,,,,,,,,,,,,,,,,,,,,,,,,,,,,,,,,,,,,,,,,,,,,,,,,,,,,,,,,,,,,,,,,,,,,,,,,,,,,,,,,,,,,,,,,,,,,,,,,,,,,,,,,,
7,208.0,6.0,5,5,6,5,3,5,5,3,5,5,5,5,6,5,5,6,5,6,5,5,5,5,5,4,5,6,5,5,6,5,6,5,5,5,5,5,3,5,6,5,5,6,5,5,5,5,5,5,5,4,5,6,5,5,6,5,5,5,5,5,5,5,4,5,6,5,5,6,5,5,5,5,5,5,5,4,5,6,5,5,6,5,5,5,5,5,5,5,4,5,6,5,5,6,5,5,5,5,5,5,5,4,5,6,5,5,6,5,5,5,5,5,5,5,4,5,6,5,5,6,5,5,5,5,5,5,5,4,5,6,5,7,23,34,20,13,11,12,22,11,7,5,5,5,5,5,6,3,5,6,5,5,6,5,5,5,5,5,5,6,4,5,6,5,5,6,5,5,5,5,5,5,6,4,5,7,5,5,6,5,5,5,5,4,5,6,4,5,6,4,5,6,5,5,5,5,4,5,5,4,5,5,4,5,6,5,5,5,,,,,,,,,,,,,,,,,,,,,,,,,,,,,,,,,,,,,,,,,,,,,,,,,,,,,,,,,,,,,,,,,,,,,,,,,,,,,,,,,,,,,,,,,,,,,,,,,,,,,,,,,,,,,,,,,,,,,,,,,,,,,,,,,,,,,,,,,,,,,,,,,,,,,,,,,,,,,,,,,,,,,,,,,,,,,,,,,,,,,,,,,,,,,,,,
8,208.0,10.0,,,,,,,,,,,,,,,,,,,,,,,,,,,,,,,,,,,,,,,,,,,,,,,,,,,,,,,,,,,,,,,,,,,,,,,,,,,,,,,,,,,,,,,,,,,,,,,,,,,,,,,,,,,,,,,,,,,,,,,,,,,,,,,,,,,,,,,,,,,,,,,,,,,,,,,,,,,,,,,,,,,,,,,,,,,,,,,,,,,,,,,,,,,,,,,,,,,,,,,,,,,,,,,,,,,,,,,,,,,,,,,,,,,,,,,,,,,,,,,,,,,,,,,,,,,,,,,,,,,,,,,,,,,,,,,,,,,,,,,,,,,,,,,,,,,,,,,,,,,,,,,,,,,,,,,,,,,,,,,,,,,,,,,,,,,,,,,,,,,,,,,,,,,,,,,,,,,,,,,,,,,,,,,,,,,,,,,,,,,,,,,,,,,,,,,,,,,,,,,,
9,212.0,1.0,3,5,6,5,4,6,5,4,5,5,5,6,6,5,5,6,5,4,5,5,5,6,7,5,5,6,5,4,5,5,5,6,6,5,6,6,5,4,5,5,3,6,6,5,6,6,5,5,5,5,4,6,6,5,5,6,5,5,5,5,4,6,6,5,6,6,5,5,6,5,4,5,5,5,6,7,5,5,6,5,4,5,5,5,6,6,5,6,6,5,4,5,5,4,6,6,5,6,6,5,5,5,5,4,6,6,5,5,6,5,5,5,5,4,6,6,5,6,6,5,5,6,5,4,5,5,5,6,7,5,5,6,5,5,7,18,10,3,3,3,3,3,19,6,6,5,5,5,6,6,4,5,5,5,4,5,5,5,5,5,5,4,5,5,5,4,5,4,5,5,5,4,3,4,4,4,4,4,4,2,3,3,3,3,3,3,2,2,3,2,2,2,2,2,2,2,2,2,2,2,2,2,2,2,2,2,2,2,2,2,2,2,,,,,,,,,,,,,,,,,,,,,,,,,,,,,,,,,,,,,,,,,,,,,,,,,,,,,,,,,,,,,,,,,,,,,,,,,,,,,,,,,,,,,,,,,,,,,,,,,,,,,,,,,,,,,,,,,,,,,,,,,,,,,,,,,,,,,,,,,,,,,,,,,,,,,,,,,,,,,,,,,,,,,,,,,,,,,,,,,,,,,,,,,,,,
10,212.0,6.0,5,6,6,5,4,5,5,4,5,6,5,5,6,5,6,5,5,5,5,5,4,5,6,5,5,5,5,5,5,5,4,5,7,5,5,5,5,6,5,5,3,5,6,5,5,6,5,5,5,5,4,5,6,5,5,6,5,6,5,5,5,5,6,4,5,6,5,6,5,5,5,5,5,4,5,6,5,5,5,5,5,5,5,4,5,6,5,5,5,5,6,5,5,4,5,6,5,5,6,5,5,5,5,4,5,6,5,5,6,5,6,5,5,5,5,6,4,5,6,5,5,5,5,5,5,5,4,5,6,5,5,5,5,7,10,30,34,14,12,9,23,19,8,6,5,5,5,5,5,5,5,5,6,4,5,6,5,5,5,5,5,5,6,4,5,6,5,5,5,5,5,5,6,4,5,6,5,5,5,5,5,5,5,4,5,6,4,5,6,5,5,5,5,4,5,6,4,5,6,5,5,5,5,4,5,6,3,5,6,4,5,5,,,,,,,,,,,,,,,,,,,,,,,,,,,,,,,,,,,,,,,,,,,,,,,,,,,,,,,,,,,,,,,,,,,,,,,,,,,,,,,,,,,,,,,,,,,,,,,,,,,,,,,,,,,,,,,,,,,,,,,,,,,,,,,,,,,,,,,,,,,,,,,,,,,,,,,,,,,,,,,,,,,,,,,,,,,,,,,,,,,,,,,,,,,,
11,212.0,10.0,,,,,,,,,,,,,,,,,,,,,,,,,,,,,,,,,,,,,,,,,,,,,,,,,,,,,,,,,,,,,,,,,,,,,,,,,,,,,,,,,,,,,,,,,,,,,,,,,,,,,,,,,,,,,,,,,,,,,,,,,,,,,,,,,,,,,,,,,,,,,,,,,,,,,,,,,,,,,,,,,,,,,,,,,,,,,,,,,,,,,,,,,,,,,,,,,,,,,,,,,,,,,,,,,,,,,,,,,,,,,,,,,,,,,,,,,,,,,,,,,,,,,,,,,,,,,,,,,,,,,,,,,,,,,,,,,,,,,,,,,,,,,,,,,,,,,,,,,,,,,,,,,,,,,,,,,,,,,,,,,,,,,,,,,,,,,,,,,,,,,,,,,,,,,,,,,,,,,,,,,,,,,,,,,,,,,,,,,,,,,,,,,,,,,,,,,,,,,,,,
12,216.0,1.0,3,3,6,5,4,5,5,4,5,6,5,6,6,5,4,5,5,5,6,6,5,5,5,5,4,5,6,5,5,6,5,5,5,5,4,6,6,5,5,5,5,4,5,5,5,6,6,5,5,5,5,4,5,6,5,5,6,5,5,5,5,4,6,6,5,6,5,5,4,5,5,5,6,6,5,5,5,5,4,5,6,5,5,6,5,5,5,5,4,6,6,5,5,5,5,4,5,5,5,6,6,5,5,5,5,4,5,6,5,5,6,5,5,5,5,4,6,6,5,6,5,5,4,5,5,5,6,6,5,5,5,5,4,5,6,5,5,12,6,3,3,3,3,3,3,11,5,5,6,4,5,5,6,4,5,5,5,4,5,5,4,5,5,5,4,5,5,5,4,5,4,5,4,5,4,3,4,4,4,3,4,4,3,3,3,3,2,3,3,3,2,3,3,2,2,2,2,2,2,2,2,2,2,2,2,2,2,2,2,2,2,2,2,2,2,2,,,,,,,,,,,,,,,,,,,,,,,,,,,,,,,,,,,,,,,,,,,,,,,,,,,,,,,,,,,,,,,,,,,,,,,,,,,,,,,,,,,,,,,,,,,,,,,,,,,,,,,,,,,,,,,,,,,,,,,,,,,,,,,,,,,,,,,,,,,,,,,,,,,,,,,,,,,,,,,,,,,,,,,,,,,,,,,,,,,,,,,,
13,216.0,6.0,5,5,5,5,5,5,5,5,5,7,5,5,5,5,5,5,5,4,5,6,5,6,5,5,5,5,6,5,5,6,5,6,5,5,3,5,6,5,5,5,5,5,5,5,4,5,6,5,6,5,5,5,5,6,5,5,6,5,6,5,5,4,5,6,5,5,5,5,5,5,5,4,5,6,5,6,5,5,5,5,6,5,5,6,5,6,5,5,4,5,6,5,5,5,5,5,5,5,4,5,6,5,6,5,5,5,5,6,5,5,6,5,6,5,5,4,5,6,5,5,5,5,5,5,5,4,5,6,5,6,5,5,5,5,6,5,7,24,37,27,14,13,9,22,15,7,6,5,6,5,5,5,5,5,5,6,4,5,6,5,6,5,5,5,5,6,4,5,5,5,5,5,5,5,5,6,5,5,5,5,5,5,5,4,5,6,5,5,5,5,4,5,6,4,5,6,5,5,5,5,4,5,5,4,5,5,5,4,5,5,4,5,6,4,5,5,,,,,,,,,,,,,,,,,,,,,,,,,,,,,,,,,,,,,,,,,,,,,,,,,,,,,,,,,,,,,,,,,,,,,,,,,,,,,,,,,,,,,,,,,,,,,,,,,,,,,,,,,,,,,,,,,,,,,,,,,,,,,,,,,,,,,,,,,,,,,,,,,,,,,,,,,,,,,,,,,,,,,,,,,,,,,,,,,,,,,,,,
14,216.0,10.0,5,5,5,5,5,5,5,5,5,7,5,5,5,5,5,5,6,5,5,6,5,6,5,5,4,5,6,5,5,6,5,5,5,5,4,5,6,5,5,5,5,5,5,5,4,5,6,5,5,5,5,5,5,6,5,5,6,5,6,5,5,4,5,6,5,5,5,5,5,5,5,4,5,6,5,5,5,5,5,5,6,5,5,6,5,6,5,5,4,5,6,5,5,5,5,5,5,5,4,5,6,5,5,5,5,5,5,6,5,5,6,5,6,5,5,4,5,6,5,5,5,5,5,5,5,4,5,6,5,5,5,5,5,5,6,5,7,24,35,35,14,11,9,25,15,7,6,5,6,5,5,5,5,5,5,6,4,5,6,5,6,5,5,5,5,6,4,5,6,5,5,5,5,5,5,6,5,5,6,5,5,5,5,5,5,7,5,5,5,5,5,5,5,4,5,6,5,5,5,5,4,5,6,4,5,6,5,5,5,5,4,5,6,4,5,6,,,,,,,,,,,,,,,,,,,,,,,,,,,,,,,,,,,,,,,,,,,,,,,,,,,,,,,,,,,,,,,,,,,,,,,,,,,,,,,,,,,,,,,,,,,,,,,,,,,,,,,,,,,,,,,,,,,,,,,,,,,,,,,,,,,,,,,,,,,,,,,,,,,,,,,,,,,,,,,,,,,,,,,,,,,,,,,,,,,,,,,,
15,220.0,1.0,3,5,6,5,4,5,5,5,6,6,5,5,5,5,4,5,6,5,5,5,5,4,5,6,5,6,5,5,4,5,5,5,5,6,5,4,5,5,4,6,6,5,5,5,5,4,5,6,5,5,5,5,4,5,6,5,6,5,5,4,5,5,5,6,6,5,5,5,5,4,6,7,5,5,5,5,4,5,6,5,6,5,5,4,5,5,5,5,6,5,4,5,5,4,6,6,5,5,5,5,4,5,6,5,5,5,5,4,5,6,5,6,5,5,4,5,5,5,6,6,5,5,5,5,4,6,7,5,5,5,5,4,5,6,5,6,5,5,4,6,19,11,3,3,3,3,3,29,8,5,5,6,4,5,5,5,5,5,5,5,4,5,5,4,5,5,5,4,5,5,5,4,5,5,5,4,5,4,3,4,4,4,3,4,4,3,3,3,3,3,3,3,3,2,3,3,2,2,2,2,2,2,2,2,2,2,2,2,2,2,2,2,2,2,2,2,2,2,2,2,,,,,,,,,,,,,,,,,,,,,,,,,,,,,,,,,,,,,,,,,,,,,,,,,,,,,,,,,,,,,,,,,,,,,,,,,,,,,,,,,,,,,,,,,,,,,,,,,,,,,,,,,,,,,,,,,,,,,,,,,,,,,,,,,,,,,,,,,,,,,,,,,,,,,,,,,,,,,,,,,,,,,,,,,,,,,,,,,,,,
16,220.0,6.0,5,5,5,5,5,5,5,5,5,6,5,5,5,5,4,5,6,5,5,5,5,4,5,6,5,5,5,5,5,5,5,4,5,5,5,6,5,5,4,5,6,5,6,5,5,4,5,6,5,5,5,5,5,5,6,4,5,5,5,5,5,5,4,5,6,5,5,5,5,4,5,6,5,5,5,5,5,5,6,5,5,5,5,5,5,5,4,5,5,5,6,5,5,4,5,6,5,6,5,5,4,5,6,5,5,5,5,5,5,6,4,5,5,5,5,5,5,4,5,6,5,5,5,5,4,5,6,5,5,5,5,5,5,6,5,5,5,5,6,9,19,37,12,10,7,13,21,12,7,5,5,6,4,5,5,5,5,5,5,4,5,6,5,6,5,5,5,5,7,4,5,5,5,5,5,6,4,5,5,5,5,5,5,4,5,6,5,5,5,5,4,5,6,4,5,5,5,4,5,6,4,5,5,5,4,5,5,4,5,6,4,5,5,5,4,5,5,4,5,5,,,,,,,,,,,,,,,,,,,,,,,,,,,,,,,,,,,,,,,,,,,,,,,,,,,,,,,,,,,,,,,,,,,,,,,,,,,,,,,,,,,,,,,,,,,,,,,,,,,,,,,,,,,,,,,,,,,,,,,,,,,,,,,,,,,,,,,,,,,,,,,,,,,,,,,,,,,,,,,,,,,,,,,,,,,,,,,,,,,,
17,220.0,10.0,5,5,5,5,5,5,5,5,5,6,5,5,5,5,4,5,6,5,5,5,5,4,5,6,5,5,5,5,5,5,6,5,5,6,5,6,5,5,4,5,6,5,6,5,5,4,5,6,5,5,5,5,5,5,6,5,5,5,5,6,5,5,4,5,6,5,6,5,5,4,5,7,5,5,5,5,5,5,6,5,5,5,5,5,5,5,4,5,6,5,5,5,5,4,5,6,5,5,5,5,5,5,6,5,5,5,5,5,5,6,4,5,6,5,6,5,5,4,5,6,5,6,5,5,4,5,7,5,5,5,5,5,5,6,5,5,5,5,7,10,31,36,18,12,9,15,24,11,7,5,5,6,4,5,6,5,5,5,5,4,5,6,5,5,5,5,5,5,6,4,5,5,5,5,5,5,4,5,6,5,5,5,5,5,5,6,5,5,5,5,4,5,6,4,5,5,5,5,5,5,4,5,6,5,5,5,5,4,5,6,4,5,5,5,4,5,6,4,5,5,,,,,,,,,,,,,,,,,,,,,,,,,,,,,,,,,,,,,,,,,,,,,,,,,,,,,,,,,,,,,,,,,,,,,,,,,,,,,,,,,,,,,,,,,,,,,,,,,,,,,,,,,,,,,,,,,,,,,,,,,,,,,,,,,,,,,,,,,,,,,,,,,,,,,,,,,,,,,,,,,,,,,,,,,,,,,,,,,,,,
18,224.0,1.0,3,5,6,5,4,5,5,5,5,5,5,4,5,5,5,6,5,5,4,5,5,5,6,5,5,4,5,5,5,6,5,5,4,5,5,5,6,5,5,4,5,5,5,6,5,5,4,5,5,5,6,5,5,4,5,5,5,6,5,5,4,5,5,5,6,5,5,4,5,5,5,6,5,5,4,5,5,5,6,5,5,4,5,5,5,6,5,5,4,5,5,5,6,5,5,4,5,5,5,6,5,5,4,5,5,5,6,5,5,4,5,5,5,6,5,5,4,5,5,5,6,5,5,4,5,5,5,6,5,5,4,5,5,5,6,5,5,4,5,5,5,5,9,3,3,3,3,3,3,3,16,6,4,5,5,5,5,5,5,5,5,5,5,4,5,5,4,5,5,5,4,5,5,5,4,5,5,4,4,5,4,4,4,4,4,2,4,4,4,3,3,3,3,3,3,3,3,2,3,3,2,2,2,2,2,2,2,2,2,2,2,2,2,2,2,2,2,2,2,2,2,2,2,2,,,,,,,,,,,,,,,,,,,,,,,,,,,,,,,,,,,,,,,,,,,,,,,,,,,,,,,,,,,,,,,,,,,,,,,,,,,,,,,,,,,,,,,,,,,,,,,,,,,,,,,,,,,,,,,,,,,,,,,,,,,,,,,,,,,,,,,,,,,,,,,,,,,,,,,,,,,,,,,,,,,,,,,,,,,,,,,,
19,224.0,6.0,5,5,5,5,5,5,6,5,5,5,5,4,5,6,5,5,5,5,5,5,6,5,5,5,5,5,5,6,4,5,5,5,5,5,6,4,5,5,5,5,5,5,4,5,5,5,5,5,5,4,5,5,5,5,5,5,4,5,5,5,5,5,5,4,5,5,5,5,5,5,4,5,5,5,5,5,5,4,5,5,5,5,5,5,4,5,5,5,5,5,5,4,5,5,5,5,5,5,4,5,5,5,5,5,5,4,5,5,5,5,5,5,4,5,5,5,5,5,5,4,5,5,5,5,5,5,4,5,5,5,5,5,5,4,5,5,5,5,5,5,5,6,18,33,26,15,13,11,23,19,9,6,5,5,5,5,5,6,5,5,5,5,5,5,6,5,5,5,5,5,5,6,5,5,5,5,5,5,6,4,5,5,5,5,5,6,4,5,5,5,4,5,6,4,5,5,5,4,5,6,4,5,5,5,4,5,5,4,5,5,5,4,5,5,4,5,5,5,4,5,5,4,5,5,,,,,,,,,,,,,,,,,,,,,,,,,,,,,,,,,,,,,,,,,,,,,,,,,,,,,,,,,,,,,,,,,,,,,,,,,,,,,,,,,,,,,,,,,,,,,,,,,,,,,,,,,,,,,,,,,,,,,,,,,,,,,,,,,,,,,,,,,,,,,,,,,,,,,,,,,,,,,,,,,,,,,,,,,,,,,,,,
20,224.0,10.0,,,,,,,,,,,,,,,,,,,,,,,,,,,,,,,,,,,,,,,,,,,,,,,,,,,,,,,,,,,,,,,,,,,,,,,,,,,,,,,,,,,,,,,,,,,,,,,,,,,,,,,,,,,,,,,,,,,,,,,,,,,,,,,,,,,,,,,,,,,,,,,,,,,,,,,,,,,,,,,,,,,,,,,,,,,,,,,,,,,,,,,,,,,,,,,,,,,,,,,,,,,,,,,,,,,,,,,,,,,,,,,,,,,,,,,,,,,,,,,,,,,,,,,,,,,,,,,,,,,,,,,,,,,,,,,,,,,,,,,,,,,,,,,,,,,,,,,,,,,,,,,,,,,,,,,,,,,,,,,,,,,,,,,,,,,,,,,,,,,,,,,,,,,,,,,,,,,,,,,,,,,,,,,,,,,,,,,,,,,,,,,,,,,,,,,,,,,,,,,,
21,229.0,1.0,4,5,5,5,4,5,5,5,5,5,5,4,5,6,5,5,5,5,4,5,5,5,4,5,5,5,5,5,5,4,5,6,5,5,5,5,4,6,5,5,4,5,5,4,6,5,5,4,5,6,5,5,5,5,4,5,6,5,5,5,5,4,5,5,5,4,5,5,5,5,5,5,4,5,6,5,5,5,5,4,5,6,5,5,5,5,4,5,5,5,4,5,5,5,5,5,5,4,5,7,5,5,5,5,3,6,5,5,5,5,5,4,6,5,5,4,5,6,5,5,5,5,4,5,6,5,5,5,5,4,5,5,5,4,5,5,5,6,5,5,4,5,6,5,5,8,16,19,3,3,3,3,3,27,8,4,5,5,3,5,5,6,4,5,5,6,4,5,5,5,4,5,5,5,4,5,5,5,4,5,5,5,4,5,4,4,4,4,4,3,4,4,4,2,3,3,3,2,3,3,3,2,3,3,2,2,2,2,2,2,2,2,2,2,2,2,2,2,2,2,2,2,2,2,2,2,2,2,2,,,,,,,,,,,,,,,,,,,,,,,,,,,,,,,,,,,,,,,,,,,,,,,,,,,,,,,,,,,,,,,,,,,,,,,,,,,,,,,,,,,,,,,,,,,,,,,,,,,,,,,,,,,,,,,,,,,,,,,,,,,,,,,,,,,,,,,,,,,,,,,,,,,,,,,,,,,,,,,,,,,,,,,,,,,
22,229.0,6.0,5,5,5,5,5,5,6,5,5,5,5,4,5,5,5,5,5,5,4,5,5,5,5,5,6,4,5,5,5,4,5,6,5,6,5,5,4,5,5,5,5,5,5,4,5,5,5,5,5,6,4,5,5,5,4,5,6,5,5,5,5,4,5,5,5,5,5,5,4,5,5,5,5,5,6,5,5,5,5,4,5,6,5,6,5,5,4,5,5,5,5,5,5,4,5,5,5,5,5,6,5,6,5,5,3,5,5,5,5,5,5,4,5,5,5,5,5,6,4,5,5,5,4,5,6,5,6,5,5,4,5,5,5,5,5,5,4,5,5,5,5,5,6,5,6,12,29,29,15,13,11,13,21,12,7,5,5,6,4,5,5,5,4,5,5,5,5,5,5,4,5,5,5,5,5,6,4,5,5,5,5,5,6,4,5,5,5,5,5,5,5,4,5,5,4,5,5,5,4,5,6,4,5,5,5,4,5,6,4,4,5,5,4,5,5,4,4,5,5,3,5,5,5,4,5,5,4,5,5,,,,,,,,,,,,,,,,,,,,,,,,,,,,,,,,,,,,,,,,,,,,,,,,,,,,,,,,,,,,,,,,,,,,,,,,,,,,,,,,,,,,,,,,,,,,,,,,,,,,,,,,,,,,,,,,,,,,,,,,,,,,,,,,,,,,,,,,,,,,,,,,,,,,,,,,,,,,,,,,,,,,,,,,,,,
23,229.0,10.0,5,5,5,5,5,5,6,5,5,5,5,4,5,5,5,5,5,5,4,5,5,5,5,5,6,5,5,5,5,4,5,6,5,6,5,5,4,5,5,5,5,5,5,4,5,5,5,5,5,6,5,5,5,5,4,5,6,5,6,5,5,4,5,5,5,5,5,5,4,5,5,5,5,5,6,5,5,5,5,4,5,6,5,6,5,5,4,5,5,5,5,5,5,4,5,5,5,5,5,8,5,5,5,5,4,5,6,5,6,5,5,4,5,5,5,5,5,6,4,5,5,5,4,5,6,5,6,5,5,3,5,5,5,6,5,5,4,5,5,5,5,5,6,5,6,13,31,37,16,13,10,16,23,12,7,5,5,6,5,5,5,5,4,5,6,5,5,5,5,3,5,5,5,6,5,6,4,5,5,5,5,5,6,4,5,5,5,5,5,6,5,5,5,5,4,5,5,5,5,5,5,3,5,5,5,4,5,6,4,5,5,5,4,5,6,4,5,5,5,4,5,6,5,4,5,5,4,5,5,,,,,,,,,,,,,,,,,,,,,,,,,,,,,,,,,,,,,,,,,,,,,,,,,,,,,,,,,,,,,,,,,,,,,,,,,,,,,,,,,,,,,,,,,,,,,,,,,,,,,,,,,,,,,,,,,,,,,,,,,,,,,,,,,,,,,,,,,,,,,,,,,,,,,,,,,,,,,,,,,,,,,,,,,,,
24,233.0,1.0,4,5,5,5,4,5,6,5,5,5,5,4,5,5,5,4,5,6,5,5,5,5,4,5,5,5,4,5,6,5,5,5,5,3,6,5,5,4,5,5,5,5,5,5,4,5,5,5,5,5,5,4,5,5,5,4,5,6,5,5,5,5,4,6,5,5,4,5,7,5,5,5,5,4,5,5,5,4,5,6,5,5,5,5,4,6,5,5,4,5,5,5,5,5,5,4,5,5,5,5,5,5,4,5,5,5,4,5,6,5,5,5,5,4,5,5,5,4,5,6,5,5,5,5,4,5,5,5,4,5,5,5,5,5,5,4,5,5,5,4,5,5,4,5,5,5,4,6,16,9,3,3,3,3,3,3,19,6,4,5,5,4,5,5,5,4,5,5,5,4,5,5,5,4,5,5,5,4,5,5,5,4,5,5,5,4,5,4,4,4,5,4,3,4,4,4,3,3,3,3,2,3,3,3,2,3,3,3,2,2,2,2,2,2,2,2,2,2,2,2,2,2,2,2,2,2,2,2,2,2,2,2,2,,,,,,,,,,,,,,,,,,,,,,,,,,,,,,,,,,,,,,,,,,,,,,,,,,,,,,,,,,,,,,,,,,,,,,,,,,,,,,,,,,,,,,,,,,,,,,,,,,,,,,,,,,,,,,,,,,,,,,,,,,,,,,,,,,,,,,,,,,,,,,,,,,,,,,,,,,,,,,,,,,,,,,,
25,233.0,6.0,5,5,5,5,5,5,5,5,5,5,5,4,5,5,5,4,5,6,5,6,5,5,4,5,5,5,5,5,6,4,5,5,5,3,5,5,5,5,5,5,4,5,5,5,4,5,5,5,5,5,5,4,5,5,5,4,5,6,5,6,5,5,4,5,5,5,5,5,6,5,6,5,5,4,5,5,5,5,5,6,4,5,5,5,4,5,5,5,5,5,5,4,5,5,5,4,5,5,5,5,5,5,4,5,5,5,5,5,6,5,5,5,5,4,5,5,5,5,5,6,4,5,5,5,3,5,5,5,5,5,6,4,5,5,5,4,5,5,5,5,5,5,4,5,5,5,5,7,22,35,26,14,12,9,21,19,9,6,4,5,5,3,5,5,5,5,5,6,4,6,5,5,4,5,5,5,5,5,6,4,5,5,5,4,5,5,5,4,5,5,4,5,5,5,5,5,5,4,4,5,5,4,5,5,5,4,5,6,4,4,5,5,4,5,5,4,4,5,6,4,4,5,5,4,5,5,4,4,5,5,3,5,5,,,,,,,,,,,,,,,,,,,,,,,,,,,,,,,,,,,,,,,,,,,,,,,,,,,,,,,,,,,,,,,,,,,,,,,,,,,,,,,,,,,,,,,,,,,,,,,,,,,,,,,,,,,,,,,,,,,,,,,,,,,,,,,,,,,,,,,,,,,,,,,,,,,,,,,,,,,,,,,,,,,,,,,
26,233.0,10.0,,,,,,,,,,,,,,,,,,,,,,,,,,,,,,,,,,,,,,,,,,,,,,,,,,,,,,,,,,,,,,,,,,,,,,,,,,,,,,,,,,,,,,,,,,,,,,,,,,,,,,,,,,,,,,,,,,,,,,,,,,,,,,,,,,,,,,,,,,,,,,,,,,,,,,,,,,,,,,,,,,,,,,,,,,,,,,,,,,,,,,,,,,,,,,,,,,,,,,,,,,,,,,,,,,,,,,,,,,,,,,,,,,,,,,,,,,,,,,,,,,,,,,,,,,,,,,,,,,,,,,,,,,,,,,,,,,,,,,,,,,,,,,,,,,,,,,,,,,,,,,,,,,,,,,,,,,,,,,,,,,,,,,,,,,,,,,,,,,,,,,,,,,,,,,,,,,,,,,,,,,,,,,,,,,,,,,,,,,,,,,,,,,,,,,,,,,,,,,,,
27,237.0,1.0,4,5,5,5,4,5,6,5,4,5,5,5,5,5,5,3,5,5,5,4,5,6,5,5,5,5,4,5,5,5,4,5,5,5,4,5,5,4,5,5,5,4,6,5,5,4,5,6,5,5,5,5,4,5,5,5,4,5,6,5,5,5,5,4,5,5,5,4,5,5,5,4,5,5,5,5,5,5,3,5,5,5,4,5,6,5,5,5,5,4,6,5,5,4,5,5,5,5,5,5,4,5,5,5,4,5,5,5,4,5,5,5,5,5,5,4,5,5,5,4,5,6,5,5,5,5,4,5,5,5,4,5,5,5,5,5,5,4,5,5,5,4,6,5,5,4,5,6,5,5,7,16,9,3,3,3,3,3,3,13,5,4,5,5,4,5,5,5,4,5,5,5,4,5,5,5,4,5,5,5,4,5,5,5,4,5,5,4,4,5,5,4,4,5,4,4,3,4,4,3,3,3,3,3,3,3,3,3,2,3,3,2,2,3,2,2,2,2,2,2,2,2,2,2,2,2,2,2,2,2,2,2,2,2,2,2,2,,,,,,,,,,,,,,,,,,,,,,,,,,,,,,,,,,,,,,,,,,,,,,,,,,,,,,,,,,,,,,,,,,,,,,,,,,,,,,,,,,,,,,,,,,,,,,,,,,,,,,,,,,,,,,,,,,,,,,,,,,,,,,,,,,,,,,,,,,,,,,,,,,,,,,,,,,,,,,,,,,,
28,237.0,6.0,5,5,5,5,5,5,5,5,4,5,6,5,5,5,5,4,5,5,5,4,5,6,5,5,5,5,4,5,5,5,4,5,5,5,5,5,5,4,5,5,5,3,5,5,5,5,5,6,4,6,5,5,4,5,5,5,5,5,6,5,6,5,5,4,5,5,5,4,5,5,5,5,5,5,4,5,5,5,3,5,5,5,5,5,7,4,6,5,5,4,5,5,5,4,5,5,5,5,5,5,4,5,5,5,4,5,5,5,5,5,6,4,5,5,5,3,5,5,5,5,5,6,4,5,5,5,4,5,5,5,4,5,5,5,5,5,5,4,5,5,5,4,5,5,5,5,5,6,5,6,11,27,32,14,13,10,7,21,16,7,6,5,5,5,4,5,5,5,5,5,6,4,5,5,5,4,5,5,5,5,5,6,4,5,5,5,4,5,5,5,5,5,5,4,4,5,5,3,5,5,5,4,5,5,5,4,5,5,4,4,5,5,4,5,5,5,4,5,6,4,4,5,5,4,5,5,4,4,5,6,4,4,5,5,3,4,5,,,,,,,,,,,,,,,,,,,,,,,,,,,,,,,,,,,,,,,,,,,,,,,,,,,,,,,,,,,,,,,,,,,,,,,,,,,,,,,,,,,,,,,,,,,,,,,,,,,,,,,,,,,,,,,,,,,,,,,,,,,,,,,,,,,,,,,,,,,,,,,,,,,,,,,,,,,,,,,,,,,
29,237.0,10.0,5,5,5,5,5,5,5,5,3,5,7,5,5,5,5,4,5,5,5,4,5,6,5,6,5,5,4,5,5,5,4,5,5,5,5,5,5,4,5,5,5,3,5,5,5,5,5,6,4,5,5,5,4,5,5,5,5,5,6,5,5,5,5,4,5,5,5,4,5,5,5,5,5,5,4,5,5,5,3,5,5,5,5,5,6,4,5,5,5,4,5,5,5,5,5,6,5,6,5,5,4,5,5,5,4,5,5,5,5,5,6,4,5,5,5,3,5,5,5,5,5,7,5,6,5,5,4,5,5,5,5,5,6,5,6,5,5,4,5,5,5,4,5,5,5,5,5,6,5,6,11,32,30,18,13,10,11,23,16,7,6,5,5,5,4,5,5,5,5,5,6,4,5,5,5,4,5,5,5,5,5,7,4,5,5,5,4,5,5,5,5,5,6,4,5,5,5,4,5,5,5,5,5,6,4,5,5,5,3,5,5,5,4,5,5,5,4,5,5,4,5,5,5,4,5,5,5,4,5,5,4,4,5,5,4,5,5,,,,,,,,,,,,,,,,,,,,,,,,,,,,,,,,,,,,,,,,,,,,,,,,,,,,,,,,,,,,,,,,,,,,,,,,,,,,,,,,,,,,,,,,,,,,,,,,,,,,,,,,,,,,,,,,,,,,,,,,,,,,,,,,,,,,,,,,,,,,,,,,,,,,,,,,,,,,,,,,,,,
30,241.0,1.0,4,5,5,5,4,5,5,5,4,5,6,5,5,5,5,4,5,5,5,4,5,5,5,4,5,5,5,4,5,6,5,5,5,5,2,5,5,5,4,5,5,5,4,5,7,5,5,5,5,4,5,5,5,4,5,5,5,4,5,6,5,5,5,5,4,5,5,5,3,5,5,5,4,5,5,5,4,5,5,4,5,5,5,4,5,5,5,4,5,5,5,4,5,6,5,5,5,5,4,5,5,5,4,5,5,5,4,5,6,5,5,5,5,4,5,5,5,4,5,5,5,4,5,5,5,5,5,5,4,5,5,5,4,5,5,5,4,5,5,5,4,5,5,4,5,5,5,4,5,5,5,4,5,11,7,5,3,3,3,3,3,22,8,5,5,5,5,5,5,5,5,5,5,5,5,4,5,5,5,4,5,5,5,4,5,5,5,4,4,5,4,4,4,5,4,4,4,4,4,3,4,4,4,3,3,3,3,2,3,3,3,2,3,3,3,2,2,3,2,2,2,2,2,2,2,2,2,2,2,2,2,2,2,2,2,2,2,2,2,2,2,,,,,,,,,,,,,,,,,,,,,,,,,,,,,,,,,,,,,,,,,,,,,,,,,,,,,,,,,,,,,,,,,,,,,,,,,,,,,,,,,,,,,,,,,,,,,,,,,,,,,,,,,,,,,,,,,,,,,,,,,,,,,,,,,,,,,,,,,,,,,,,,,,,,,,,,,,,,,,,
31,241.0,6.0,5,5,5,5,5,5,5,5,4,5,5,5,5,5,6,4,6,5,5,4,5,5,5,4,5,5,5,5,5,6,4,6,5,5,4,5,5,5,4,5,5,5,5,5,6,4,6,5,5,4,5,5,5,4,5,5,5,5,5,6,4,5,5,5,4,5,5,5,3,5,5,5,4,5,5,5,5,5,5,4,5,5,5,4,5,5,5,4,5,5,5,5,5,6,4,6,5,5,4,5,5,5,4,5,5,5,5,5,6,4,6,5,5,4,5,5,5,4,5,5,5,5,5,5,4,5,5,5,4,5,5,5,3,5,5,5,4,5,5,5,5,5,6,4,5,5,5,4,5,5,5,4,7,21,35,26,15,13,10,13,21,12,7,5,5,5,5,5,5,5,4,5,5,5,4,5,5,5,4,5,5,5,5,5,5,4,5,5,5,4,5,5,5,4,5,5,5,5,5,5,4,4,5,5,4,4,5,5,4,5,5,5,4,5,5,4,4,5,5,4,4,5,5,4,4,5,5,4,5,5,4,4,5,6,4,4,5,5,4,4,5,,,,,,,,,,,,,,,,,,,,,,,,,,,,,,,,,,,,,,,,,,,,,,,,,,,,,,,,,,,,,,,,,,,,,,,,,,,,,,,,,,,,,,,,,,,,,,,,,,,,,,,,,,,,,,,,,,,,,,,,,,,,,,,,,,,,,,,,,,,,,,,,,,,,,,,,,,,,,,,
32,241.0,10.0,5,5,5,5,5,5,5,5,4,5,5,5,5,5,6,5,6,5,5,4,5,5,5,4,5,5,5,5,5,6,4,6,5,5,4,5,5,5,4,5,5,5,5,5,6,4,5,5,5,4,5,5,5,4,5,5,5,5,5,6,5,6,5,5,4,5,5,5,3,5,5,5,5,5,5,5,5,5,5,4,5,5,5,4,5,5,5,4,5,5,5,5,5,6,4,5,5,5,4,5,5,5,4,5,5,5,5,5,7,4,6,5,5,4,5,5,5,4,5,5,5,5,5,6,5,6,5,5,4,5,5,5,3,5,5,5,5,5,5,5,5,5,5,4,5,5,5,4,5,5,5,5,7,22,37,32,14,12,9,15,23,12,7,5,5,5,5,5,5,6,4,5,5,5,4,5,5,5,4,5,5,5,5,5,6,4,5,5,5,4,5,5,5,4,5,5,5,5,5,6,4,5,5,5,4,5,5,5,4,5,5,5,4,5,6,4,4,5,5,3,5,5,5,4,5,5,5,4,5,5,4,4,5,5,3,4,5,5,4,5,5,,,,,,,,,,,,,,,,,,,,,,,,,,,,,,,,,,,,,,,,,,,,,,,,,,,,,,,,,,,,,,,,,,,,,,,,,,,,,,,,,,,,,,,,,,,,,,,,,,,,,,,,,,,,,,,,,,,,,,,,,,,,,,,,,,,,,,,,,,,,,,,,,,,,,,,,,,,,,,,
33,245.0,1.0,4,5,5,5,4,5,5,5,4,5,5,5,4,5,6,5,4,5,5,4,5,5,5,4,5,5,5,3,5,5,5,4,5,5,5,4,5,5,5,4,5,5,4,5,5,5,4,5,5,5,3,5,5,5,4,5,5,5,4,5,5,5,5,5,5,4,5,5,5,4,5,5,5,4,5,5,5,4,5,5,5,4,5,6,5,5,5,5,4,5,5,5,4,5,5,5,4,5,5,5,4,5,5,5,4,5,7,5,5,5,5,4,5,5,5,4,5,5,5,4,5,5,5,4,5,5,5,4,5,6,5,5,5,5,4,5,5,5,4,5,5,5,4,5,5,5,4,5,5,5,4,5,5,4,5,6,16,10,3,3,3,3,3,3,20,7,5,5,5,4,5,5,5,4,5,5,5,5,4,5,5,5,4,5,5,5,4,4,5,5,4,4,5,4,4,4,5,4,4,4,5,4,2,4,4,4,3,3,4,3,3,3,3,3,2,3,3,3,2,2,3,2,2,2,2,2,2,2,2,2,2,2,2,2,2,2,2,2,2,2,2,2,2,2,2,,,,,,,,,,,,,,,,,,,,,,,,,,,,,,,,,,,,,,,,,,,,,,,,,,,,,,,,,,,,,,,,,,,,,,,,,,,,,,,,,,,,,,,,,,,,,,,,,,,,,,,,,,,,,,,,,,,,,,,,,,,,,,,,,,,,,,,,,,,,,,,,,,,,,,,,,,,
34,245.0,6.0,5,5,5,5,5,5,5,5,4,5,5,5,4,5,5,5,5,5,6,4,5,5,5,4,5,5,5,4,5,5,5,4,5,5,5,5,5,5,4,5,5,6,4,6,5,5,4,5,5,5,3,5,5,5,4,5,5,5,5,5,5,4,5,5,5,4,5,5,5,4,5,5,5,4,5,5,5,4,5,5,5,5,5,6,4,5,5,5,4,5,5,5,4,5,5,5,4,5,5,5,4,5,5,5,5,5,6,4,6,5,5,4,5,5,5,4,5,5,5,4,5,5,5,5,5,5,4,5,5,6,4,5,5,5,4,5,5,5,3,5,5,5,4,5,5,5,5,5,5,4,5,5,6,4,6,9,18,25,14,12,10,6,21,19,10,6,4,5,5,4,5,5,5,4,5,5,5,4,5,5,5,4,5,5,5,5,5,5,4,4,5,6,4,5,5,5,3,5,5,5,4,5,5,5,5,5,5,4,4,5,5,4,4,5,5,4,4,5,5,3,4,5,5,4,4,5,4,4,5,5,4,4,5,5,4,4,5,5,3,4,5,5,4,4,5,,,,,,,,,,,,,,,,,,,,,,,,,,,,,,,,,,,,,,,,,,,,,,,,,,,,,,,,,,,,,,,,,,,,,,,,,,,,,,,,,,,,,,,,,,,,,,,,,,,,,,,,,,,,,,,,,,,,,,,,,,,,,,,,,,,,,,,,,,,,,,,,,,,,,,,,,,,
35,245.0,10.0,5,5,5,5,5,5,5,5,4,5,5,5,3,5,5,5,5,5,6,5,6,5,5,4,5,5,5,4,5,5,5,4,5,5,5,5,5,5,5,5,5,6,4,6,5,5,4,5,5,5,3,5,5,5,4,5,5,5,5,5,6,4,5,5,5,4,5,5,5,4,5,5,5,4,5,5,5,4,5,5,5,5,5,6,4,6,5,5,4,5,5,5,4,5,5,5,4,5,5,5,5,5,5,5,5,5,6,4,6,5,5,4,5,5,5,4,5,5,5,4,5,5,5,5,5,5,5,5,5,6,4,6,5,5,4,5,5,5,3,5,5,5,4,5,5,5,5,5,6,4,5,5,6,4,6,10,28,38,19,13,10,6,24,20,9,6,5,5,5,4,5,5,5,4,5,5,5,3,5,5,5,4,5,5,5,5,5,5,4,5,5,6,4,5,5,5,3,5,5,5,4,5,5,5,5,5,5,4,4,5,6,4,4,5,5,3,5,5,5,4,5,5,5,4,5,5,5,4,5,5,4,4,5,5,4,4,5,5,4,4,5,5,4,5,5,,,,,,,,,,,,,,,,,,,,,,,,,,,,,,,,,,,,,,,,,,,,,,,,,,,,,,,,,,,,,,,,,,,,,,,,,,,,,,,,,,,,,,,,,,,,,,,,,,,,,,,,,,,,,,,,,,,,,,,,,,,,,,,,,,,,,,,,,,,,,,,,,,,,,,,,,,,
36,249.0,1.0,4,5,5,5,4,5,5,5,3,5,5,5,4,5,5,5,4,5,5,5,4,5,5,5,4,5,6,5,5,5,5,4,5,5,5,4,5,5,5,4,5,5,5,4,5,5,5,4,5,5,5,4,5,5,5,4,5,5,5,4,5,5,5,4,5,6,4,5,5,5,4,5,5,5,4,5,5,5,4,5,5,5,4,5,5,5,4,5,5,5,4,5,5,5,4,5,5,5,4,5,6,4,5,5,5,4,5,5,5,4,5,5,5,4,5,5,5,4,5,5,5,4,5,5,5,4,5,5,5,4,5,5,5,4,5,6,4,5,5,5,4,5,5,5,4,5,5,5,4,5,5,5,4,5,5,5,4,5,9,4,3,3,3,3,3,3,3,12,6,4,5,5,4,5,5,5,4,4,5,5,4,4,5,5,4,4,4,5,5,4,4,5,4,4,4,5,4,4,4,5,4,4,4,5,4,3,4,4,4,3,3,4,3,3,3,3,3,3,2,3,3,3,2,3,3,2,2,2,2,2,2,2,2,2,2,2,2,2,2,2,2,2,2,2,2,2,2,2,2,,,,,,,,,,,,,,,,,,,,,,,,,,,,,,,,,,,,,,,,,,,,,,,,,,,,,,,,,,,,,,,,,,,,,,,,,,,,,,,,,,,,,,,,,,,,,,,,,,,,,,,,,,,,,,,,,,,,,,,,,,,,,,,,,,,,,,,,,,,,,,,,,,,,,,,
37,249.0,6.0,5,5,5,5,5,4,5,5,4,5,5,5,4,5,5,5,4,5,5,5,4,5,5,5,5,5,5,4,5,5,6,4,6,5,5,4,5,5,5,4,5,5,5,3,5,5,5,4,5,5,5,4,5,5,5,5,5,5,4,5,5,5,4,5,5,6,4,6,5,5,4,5,5,5,4,5,5,5,3,5,5,5,4,5,5,5,4,5,5,5,4,5,5,4,5,5,5,4,5,5,6,4,6,5,5,4,5,5,5,4,5,5,5,3,5,5,5,4,5,5,5,4,5,5,5,4,5,5,4,5,5,5,4,5,5,6,4,5,5,5,4,5,5,5,4,5,5,5,4,5,5,5,4,5,5,5,4,6,18,22,26,15,13,11,7,21,16,7,6,5,5,5,4,5,5,5,4,5,5,5,4,5,5,5,4,5,5,5,5,5,5,4,5,5,5,4,4,5,6,4,4,5,5,4,4,5,5,3,4,5,5,4,4,5,5,4,4,5,5,4,4,5,4,4,5,5,4,4,5,6,4,4,5,5,4,4,5,5,3,4,5,5,4,4,5,5,4,4,5,,,,,,,,,,,,,,,,,,,,,,,,,,,,,,,,,,,,,,,,,,,,,,,,,,,,,,,,,,,,,,,,,,,,,,,,,,,,,,,,,,,,,,,,,,,,,,,,,,,,,,,,,,,,,,,,,,,,,,,,,,,,,,,,,,,,,,,,,,,,,,,,,,,,,,,
38,249.0,10.0,5,5,5,5,5,4,5,5,4,5,5,5,4,5,5,5,3,5,5,5,4,5,5,5,5,5,5,4,5,5,6,4,5,5,5,4,5,5,5,4,5,5,5,4,5,5,5,4,5,5,5,4,5,5,5,5,5,5,5,5,5,6,4,5,5,6,4,6,5,5,4,5,5,5,4,5,5,5,3,5,5,5,4,5,5,5,4,5,5,5,5,5,5,5,5,5,6,4,5,5,6,4,6,5,5,4,5,5,5,4,5,5,5,3,5,5,5,4,5,5,5,4,5,5,5,5,5,5,5,5,5,6,4,5,5,6,4,6,5,5,4,5,5,5,4,5,5,5,3,5,5,5,4,5,5,5,4,6,23,39,32,15,13,9,12,23,16,7,6,5,5,5,4,5,5,5,3,5,5,5,4,5,5,5,5,5,5,5,5,5,5,4,5,5,6,4,5,5,6,4,5,5,5,4,5,5,5,4,5,5,5,4,5,5,5,5,5,5,5,4,5,5,4,4,5,6,4,4,5,5,4,4,5,5,3,4,5,5,4,4,5,5,4,4,5,5,4,5,5,,,,,,,,,,,,,,,,,,,,,,,,,,,,,,,,,,,,,,,,,,,,,,,,,,,,,,,,,,,,,,,,,,,,,,,,,,,,,,,,,,,,,,,,,,,,,,,,,,,,,,,,,,,,,,,,,,,,,,,,,,,,,,,,,,,,,,,,,,,,,,,,,,,,,,,
39,253.0,1.0,4,5,5,5,4,5,5,5,4,5,5,5,4,5,5,5,3,5,5,5,4,5,5,5,4,5,5,5,4,5,5,5,4,5,5,5,4,5,5,5,4,5,5,5,4,5,5,5,4,5,5,5,4,5,5,5,4,5,5,5,4,5,5,4,4,5,6,4,5,5,6,4,5,5,5,4,5,5,5,4,5,5,5,4,5,5,5,4,5,5,5,4,5,5,5,4,5,5,5,4,5,5,5,3,5,5,5,4,5,5,5,4,5,5,5,4,5,5,5,4,5,5,5,4,5,5,5,4,5,5,5,4,5,5,5,4,5,5,5,4,5,5,5,4,5,5,5,4,5,6,4,5,5,6,4,5,5,5,4,4,6,16,10,3,3,3,3,3,3,24,8,5,5,5,5,4,5,5,5,4,4,5,5,4,4,5,5,4,4,4,5,5,4,4,5,4,4,4,5,4,3,4,4,4,4,4,4,4,4,3,4,4,3,3,3,4,3,2,3,3,3,2,3,3,3,2,2,3,3,2,2,2,2,2,2,2,2,2,2,2,2,2,2,2,2,2,2,2,2,2,2,2,2,,,,,,,,,,,,,,,,,,,,,,,,,,,,,,,,,,,,,,,,,,,,,,,,,,,,,,,,,,,,,,,,,,,,,,,,,,,,,,,,,,,,,,,,,,,,,,,,,,,,,,,,,,,,,,,,,,,,,,,,,,,,,,,,,,,,,,,,,,,,,,,,,,,
40,253.0,6.0,5,5,5,5,5,5,5,5,4,5,5,5,4,5,5,5,4,5,5,5,4,5,5,5,3,5,5,5,3,5,5,5,4,5,5,5,4,5,5,5,4,5,5,5,4,5,5,5,4,5,5,4,5,5,5,4,5,5,5,4,5,5,5,4,5,5,6,4,5,5,6,4,5,5,5,4,6,5,5,4,6,5,5,4,5,5,5,4,5,5,5,4,5,5,5,4,5,5,5,3,5,5,5,3,5,5,5,4,5,5,5,4,5,5,5,4,5,5,5,4,5,5,5,4,5,5,5,4,5,5,4,5,5,5,4,5,5,5,4,5,5,5,4,5,5,5,4,5,5,6,4,5,5,6,4,5,5,5,4,6,8,23,30,26,13,11,8,13,19,13,7,5,5,5,5,4,5,5,5,4,5,5,5,4,5,5,5,4,5,5,5,5,5,5,4,5,5,5,4,5,5,5,4,5,5,5,4,4,5,5,4,4,5,6,4,4,5,6,4,4,5,5,4,4,5,5,4,4,5,5,3,4,5,5,3,4,5,5,4,4,5,5,4,4,5,5,4,4,5,4,4,4,5,,,,,,,,,,,,,,,,,,,,,,,,,,,,,,,,,,,,,,,,,,,,,,,,,,,,,,,,,,,,,,,,,,,,,,,,,,,,,,,,,,,,,,,,,,,,,,,,,,,,,,,,,,,,,,,,,,,,,,,,,,,,,,,,,,,,,,,,,,,,,,,,,,,
41,253.0,10.0,,,,,,,,,,,,,,,,,,,,,,,,,,,,,,,,,,,,,,,,,,,,,,,,,,,,,,,,,,,,,,,,,,,,,,,,,,,,,,,,,,,,,,,,,,,,,,,,,,,,,,,,,,,,,,,,,,,,,,,,,,,,,,,,,,,,,,,,,,,,,,,,,,,,,,,,,,,,,,,,,,,,,,,,,,,,,,,,,,,,,,,,,,,,,,,,,,,,,,,,,,,,,,,,,,,,,,,,,,,,,,,,,,,,,,,,,,,,,,,,,,,,,,,,,,,,,,,,,,,,,,,,,,,,,,,,,,,,,,,,,,,,,,,,,,,,,,,,,,,,,,,,,,,,,,,,,,,,,,,,,,,,,,,,,,,,,,,,,,,,,,,,,,,,,,,,,,,,,,,,,,,,,,,,,,,,,,,,,,,,,,,,,,,,,,,,,,,,,,,,
42,257.0,1.0,4,5,5,5,4,5,5,5,4,5,5,5,4,5,5,5,4,5,5,5,4,5,5,5,4,5,5,5,4,5,5,5,4,5,5,5,4,5,5,5,4,5,5,6,4,5,5,6,4,5,5,6,4,4,5,6,4,4,5,5,4,4,5,5,4,4,5,5,4,4,5,5,4,4,5,5,4,4,5,5,5,4,5,5,5,4,5,5,5,4,5,5,5,4,5,5,5,4,5,5,5,4,5,5,5,4,5,5,5,4,5,5,5,4,5,5,5,4,5,5,5,4,5,5,5,4,5,5,5,4,5,5,5,4,5,5,5,4,5,5,5,4,5,5,5,4,5,5,5,4,5,5,5,4,5,5,5,4,5,5,5,4,5,8,11,9,3,3,3,3,3,3,19,7,4,5,5,4,5,5,5,5,4,4,5,5,4,4,5,5,4,4,4,5,5,4,4,5,4,4,4,4,5,4,4,4,5,4,4,4,5,4,3,4,4,4,2,3,4,3,3,3,3,3,3,3,3,3,3,2,3,3,2,2,2,2,2,2,2,2,2,2,2,2,2,2,2,2,2,2,2,2,2,2,2,2,2,,,,,,,,,,,,,,,,,,,,,,,,,,,,,,,,,,,,,,,,,,,,,,,,,,,,,,,,,,,,,,,,,,,,,,,,,,,,,,,,,,,,,,,,,,,,,,,,,,,,,,,,,,,,,,,,,,,,,,,,,,,,,,,,,,,,,,,,,,,,,,,
43,257.0,6.0,5,5,5,5,5,4,5,5,4,5,5,5,4,5,5,5,4,5,5,5,4,5,5,5,4,5,5,5,4,5,5,6,4,5,5,6,4,5,5,6,4,5,5,7,4,5,5,6,4,5,5,6,4,5,5,6,4,5,5,5,4,5,5,5,4,5,5,5,4,5,5,5,4,5,5,5,4,5,5,5,4,5,5,5,4,5,5,5,4,5,5,5,4,5,5,5,4,5,5,5,4,5,5,5,4,5,5,5,4,5,5,5,4,4,5,5,4,4,5,5,4,4,5,5,4,4,5,5,4,4,5,5,5,4,5,5,5,4,5,5,5,4,5,5,5,4,5,5,5,4,5,5,5,4,5,5,5,4,5,5,5,4,6,14,27,27,15,13,11,8,21,19,10,6,5,5,5,4,5,5,5,4,5,5,5,4,5,5,5,4,5,5,5,4,5,5,5,4,5,5,5,4,5,5,5,4,5,5,5,4,4,5,5,4,4,5,5,4,4,5,5,5,4,5,5,5,4,4,5,5,4,4,5,5,4,4,5,5,4,4,5,4,4,4,5,4,4,4,5,4,4,4,5,4,4,4,5,,,,,,,,,,,,,,,,,,,,,,,,,,,,,,,,,,,,,,,,,,,,,,,,,,,,,,,,,,,,,,,,,,,,,,,,,,,,,,,,,,,,,,,,,,,,,,,,,,,,,,,,,,,,,,,,,,,,,,,,,,,,,,,,,,,,,,,,,,,,,,,
44,257.0,10.0,5,5,5,5,5,4,5,5,4,5,5,5,4,5,5,5,4,5,5,6,4,5,5,6,4,5,5,6,4,5,5,6,4,5,5,6,4,5,5,6,4,5,5,7,4,5,5,6,4,5,5,6,4,5,5,6,4,5,5,6,4,5,5,6,4,5,5,5,4,5,5,5,4,5,5,5,4,5,5,5,4,5,5,5,4,5,5,5,4,5,5,5,4,5,5,5,4,5,5,5,4,5,5,5,4,5,5,5,4,5,5,5,4,5,5,5,4,5,5,5,4,5,5,5,5,5,5,5,5,4,5,5,5,4,5,5,5,4,5,5,5,4,5,5,5,4,5,5,5,4,5,5,5,4,5,5,5,4,5,5,5,4,6,16,25,25,16,13,10,6,24,20,10,6,5,5,5,5,5,5,5,5,5,5,5,5,5,5,5,5,5,5,5,5,5,5,5,5,5,5,5,5,5,5,5,5,5,5,5,4,5,5,5,4,5,5,5,4,5,5,5,4,5,5,5,4,5,5,5,4,4,5,5,4,4,5,5,4,4,5,5,4,4,5,5,4,4,5,5,4,4,4,5,4,4,4,5,,,,,,,,,,,,,,,,,,,,,,,,,,,,,,,,,,,,,,,,,,,,,,,,,,,,,,,,,,,,,,,,,,,,,,,,,,,,,,,,,,,,,,,,,,,,,,,,,,,,,,,,,,,,,,,,,,,,,,,,,,,,,,,,,,,,,,,,,,,,,,,
45,261.0,1.0,4,5,5,5,4,4,5,5,4,5,5,5,4,4,5,5,4,4,5,5,4,4,5,5,5,4,5,5,5,4,5,5,5,4,5,5,5,4,5,5,5,3,5,5,5,4,5,5,5,4,5,5,5,4,5,5,5,4,5,5,6,4,4,5,5,4,4,5,5,4,4,5,5,5,4,5,5,5,4,5,5,5,4,5,5,5,4,5,5,5,4,5,5,5,3,5,5,5,4,5,5,5,4,5,5,5,4,5,5,5,4,5,5,6,4,4,5,5,4,4,5,5,4,4,5,5,5,4,5,5,5,4,5,5,5,4,5,5,5,4,5,5,5,4,5,5,5,4,5,5,5,4,5,5,5,4,5,5,5,4,5,5,5,4,4,6,19,10,3,3,3,3,3,3,3,14,6,5,5,5,4,5,5,5,5,4,4,5,5,4,4,5,5,4,4,4,5,5,4,4,5,4,4,4,4,5,4,4,4,5,4,4,4,4,4,3,4,4,4,3,3,4,3,3,3,3,3,3,2,3,3,3,2,2,3,3,2,2,2,2,2,2,2,2,2,2,2,2,2,2,2,2,2,2,2,2,2,2,2,2,2,,,,,,,,,,,,,,,,,,,,,,,,,,,,,,,,,,,,,,,,,,,,,,,,,,,,,,,,,,,,,,,,,,,,,,,,,,,,,,,,,,,,,,,,,,,,,,,,,,,,,,,,,,,,,,,,,,,,,,,,,,,,,,,,,,,,,,,,,,,
46,261.0,6.0,5,5,5,5,5,4,5,6,4,4,5,5,4,4,5,5,4,4,5,5,4,4,5,5,4,4,5,5,5,4,5,5,5,4,5,5,5,3,5,5,5,3,5,5,5,4,5,5,5,4,5,5,5,4,5,5,5,4,5,5,6,4,5,5,5,4,5,5,5,4,5,5,5,4,4,5,5,4,4,5,5,5,4,5,5,5,4,5,5,5,4,5,5,5,3,5,5,5,4,5,5,5,4,5,5,5,4,5,5,5,4,5,5,6,4,5,5,5,4,5,5,5,4,5,5,5,4,4,5,5,4,4,5,5,5,4,5,5,5,4,5,5,5,4,5,5,5,3,5,5,5,4,5,5,5,4,5,5,5,4,5,5,5,4,6,8,21,33,25,14,12,10,9,20,16,7,6,5,5,5,4,5,5,5,4,5,5,5,4,5,5,5,4,5,5,5,4,4,5,5,5,4,5,5,5,4,5,5,5,4,5,5,5,4,5,5,5,4,4,5,5,3,4,5,5,3,4,5,5,4,4,5,6,4,4,5,6,4,4,4,5,4,4,4,5,4,4,4,5,4,4,4,5,4,4,4,5,4,4,4,5,,,,,,,,,,,,,,,,,,,,,,,,,,,,,,,,,,,,,,,,,,,,,,,,,,,,,,,,,,,,,,,,,,,,,,,,,,,,,,,,,,,,,,,,,,,,,,,,,,,,,,,,,,,,,,,,,,,,,,,,,,,,,,,,,,,,,,,,,,,
47,261.0,10.0,,,,,,,,,,,,,,,,,,,,,,,,,,,,,,,,,,,,,,,,,,,,,,,,,,,,,,,,,,,,,,,,,,,,,,,,,,,,,,,,,,,,,,,,,,,,,,,,,,,,,,,,,,,,,,,,,,,,,,,,,,,,,,,,,,,,,,,,,,,,,,,,,,,,,,,,,,,,,,,,,,,,,,,,,,,,,,,,,,,,,,,,,,,,,,,,,,,,,,,,,,,,,,,,,,,,,,,,,,,,,,,,,,,,,,,,,,,,,,,,,,,,,,,,,,,,,,,,,,,,,,,,,,,,,,,,,,,,,,,,,,,,,,,,,,,,,,,,,,,,,,,,,,,,,,,,,,,,,,,,,,,,,,,,,,,,,,,,,,,,,,,,,,,,,,,,,,,,,,,,,,,,,,,,,,,,,,,,,,,,,,,,,,,,,,,,,,,,,,,,
48,265.0,1.0,4,4,5,5,4,4,5,5,4,4,5,5,4,4,5,5,5,4,5,5,5,4,5,5,5,4,5,5,5,4,5,5,5,4,5,5,5,4,4,5,5,4,4,5,5,5,4,5,5,5,4,5,5,5,4,5,5,5,4,5,5,5,4,5,5,5,4,4,5,5,4,4,5,5,5,4,5,5,5,4,5,5,5,4,5,5,5,4,5,5,5,4,5,5,5,4,4,5,5,4,4,5,5,5,4,5,5,5,4,5,5,5,3,5,5,5,4,5,5,5,4,5,5,5,4,4,5,5,4,4,5,5,5,4,5,5,5,4,5,5,5,3,5,5,5,4,5,5,5,4,5,5,6,4,4,5,5,4,4,5,5,5,4,5,5,5,4,5,7,13,8,3,3,3,3,3,3,22,7,5,4,5,5,4,5,5,5,4,5,4,5,5,4,4,4,5,4,4,4,5,5,4,4,4,4,4,4,4,5,4,4,4,5,4,4,4,4,4,3,4,4,4,3,3,3,4,3,2,3,3,3,3,3,3,3,3,2,3,3,2,2,2,2,2,2,2,2,2,2,2,2,2,2,2,2,2,2,2,2,2,2,2,2,2,2,,,,,,,,,,,,,,,,,,,,,,,,,,,,,,,,,,,,,,,,,,,,,,,,,,,,,,,,,,,,,,,,,,,,,,,,,,,,,,,,,,,,,,,,,,,,,,,,,,,,,,,,,,,,,,,,,,,,,,,,,,,,,,,,,,,,,,,
49,265.0,6.0,5,5,4,6,4,3,5,5,4,4,5,5,4,4,5,5,5,4,5,5,5,3,5,5,5,4,5,5,5,4,6,5,5,4,5,5,5,4,5,5,5,4,4,5,5,4,4,5,5,5,4,5,5,5,3,5,5,5,4,6,5,5,4,5,5,5,4,5,5,5,4,4,5,5,4,4,5,5,5,4,5,5,5,3,5,5,5,4,5,5,5,4,5,5,5,4,5,5,5,4,4,5,5,4,4,5,5,5,4,5,5,5,3,5,5,5,4,5,5,5,4,5,5,6,4,5,5,5,4,4,5,5,4,4,5,5,5,4,5,5,5,3,5,5,5,4,5,5,5,4,5,5,6,4,5,5,5,4,5,5,5,4,4,5,5,5,4,6,12,26,29,15,13,11,8,13,19,13,7,5,5,5,5,4,5,5,6,4,5,5,5,4,5,5,5,4,5,5,5,4,4,5,5,5,4,5,5,5,4,5,5,5,3,4,5,5,4,4,5,6,4,4,5,5,4,4,5,5,4,4,5,5,4,4,4,5,5,4,4,5,5,3,4,5,5,3,4,4,5,3,4,4,5,4,4,4,5,4,4,4,5,4,4,4,5,,,,,,,,,,,,,,,,,,,,,,,,,,,,,,,,,,,,,,,,,,,,,,,,,,,,,,,,,,,,,,,,,,,,,,,,,,,,,,,,,,,,,,,,,,,,,,,,,,,,,,,,,,,,,,,,,,,,,,,,,,,,,,,,,,,,,,,
50,265.0,10.0,5,5,4,6,5,4,5,5,5,4,5,5,5,4,5,5,5,3,5,5,5,4,5,5,5,4,5,5,5,4,5,5,6,4,5,5,5,4,5,5,5,4,4,5,5,5,4,5,5,5,4,5,5,5,3,5,5,5,4,5,5,5,4,5,5,6,4,5,5,5,4,5,5,5,4,4,5,5,5,4,5,5,5,3,5,5,5,4,5,5,5,4,6,5,6,4,5,5,5,4,5,5,5,4,4,5,5,5,4,5,5,5,3,5,5,5,4,5,5,5,4,5,5,6,4,5,5,5,4,5,5,5,4,4,5,5,5,4,5,5,5,3,5,5,5,4,5,5,5,4,5,5,6,4,5,5,5,4,5,5,5,4,4,5,5,5,4,6,13,30,29,18,13,10,6,25,22,13,7,5,5,5,5,4,5,5,6,4,5,5,5,4,5,5,5,4,5,5,5,4,4,5,5,5,4,5,5,5,4,5,5,5,3,5,5,5,4,4,5,5,4,4,5,5,4,4,5,5,4,5,5,5,4,5,5,5,4,4,5,5,5,4,5,5,5,4,4,5,5,3,4,5,5,4,4,5,5,4,4,5,5,4,4,4,5,,,,,,,,,,,,,,,,,,,,,,,,,,,,,,,,,,,,,,,,,,,,,,,,,,,,,,,,,,,,,,,,,,,,,,,,,,,,,,,,,,,,,,,,,,,,,,,,,,,,,,,,,,,,,,,,,,,,,,,,,,,,,,,,,,,,,,,
51,269.0,1.0,4,4,5,5,4,4,5,5,4,4,5,5,5,4,5,5,5,3,5,5,5,4,5,5,6,4,4,5,5,4,4,5,5,5,4,5,5,5,4,5,5,5,4,5,5,5,4,4,5,5,4,4,5,5,5,4,5,5,5,4,5,5,5,4,5,5,5,4,4,5,5,4,4,5,5,5,4,5,5,5,4,5,5,5,4,5,5,5,4,4,5,5,5,4,5,5,5,4,5,5,5,4,5,5,5,4,5,5,5,4,4,5,5,5,4,5,5,5,4,5,5,5,4,5,5,5,4,4,5,5,4,4,5,5,5,4,5,5,5,4,5,5,5,4,5,5,5,4,4,5,5,4,4,5,5,5,4,5,5,5,4,5,5,5,4,5,5,5,4,4,5,13,9,4,3,3,3,3,3,3,19,7,4,5,5,5,4,4,5,5,4,5,4,5,5,4,4,4,5,3,4,4,5,5,4,4,4,5,3,4,4,5,4,4,4,4,4,3,4,4,4,3,4,4,4,4,3,3,4,3,3,3,3,3,3,2,3,3,3,2,2,3,3,2,2,2,2,2,2,2,2,2,2,2,2,2,2,2,2,2,2,2,2,2,2,2,2,2,2,,,,,,,,,,,,,,,,,,,,,,,,,,,,,,,,,,,,,,,,,,,,,,,,,,,,,,,,,,,,,,,,,,,,,,,,,,,,,,,,,,,,,,,,,,,,,,,,,,,,,,,,,,,,,,,,,,,,,,,,,,,,,,,,,,,
52,269.0,6.0,5,5,4,5,4,4,5,5,4,3,5,5,5,3,5,5,5,4,5,5,5,4,5,5,5,4,5,5,5,4,4,5,5,4,4,5,5,5,4,5,5,5,4,5,5,5,4,5,5,5,4,4,5,5,4,4,5,5,5,3,5,5,5,4,5,5,5,4,5,5,5,4,4,5,5,4,4,5,5,5,3,5,5,5,4,5,5,5,4,5,5,5,4,4,5,5,5,4,5,5,5,4,5,5,5,4,5,5,5,4,5,5,5,4,4,5,5,5,4,5,5,5,4,5,5,5,4,5,5,5,4,5,5,5,4,4,5,5,5,4,5,5,5,4,5,5,5,4,5,5,5,4,5,5,5,4,4,5,5,5,4,5,5,5,4,5,5,5,4,6,7,20,33,25,15,13,11,7,20,18,11,6,5,5,5,5,4,5,5,5,3,5,5,5,4,5,5,5,4,5,5,5,4,4,5,5,5,4,5,5,5,3,4,5,6,4,4,5,5,4,5,5,5,4,4,5,5,5,4,4,5,5,4,4,5,5,4,4,5,5,4,4,5,5,4,4,4,5,4,4,4,5,5,3,4,4,5,3,4,4,5,4,4,4,5,4,4,4,5,,,,,,,,,,,,,,,,,,,,,,,,,,,,,,,,,,,,,,,,,,,,,,,,,,,,,,,,,,,,,,,,,,,,,,,,,,,,,,,,,,,,,,,,,,,,,,,,,,,,,,,,,,,,,,,,,,,,,,,,,,,,,,,,,,,
53,269.0,10.0,5,5,4,5,5,4,5,5,5,3,5,5,5,4,5,5,5,4,5,5,5,4,5,5,5,4,5,5,5,4,4,5,5,5,4,5,5,5,4,5,5,5,4,5,5,5,4,5,5,5,4,4,5,5,5,4,5,5,5,3,5,5,5,4,6,5,5,4,5,5,5,4,4,5,5,5,4,5,5,5,3,5,5,5,4,6,5,5,4,5,5,5,4,4,5,5,5,4,5,5,5,4,5,5,5,4,5,5,5,4,5,5,5,4,4,5,5,5,4,5,5,5,4,5,5,5,4,5,5,5,4,5,5,5,4,4,5,5,5,4,5,5,5,4,5,5,5,4,5,5,5,4,5,5,5,4,4,5,5,5,4,5,5,5,4,5,5,5,4,6,7,21,35,23,14,12,9,8,23,20,10,6,5,5,5,5,4,5,5,5,4,5,5,6,4,5,5,5,4,5,5,5,4,4,5,5,5,4,5,5,5,3,5,5,5,4,4,5,5,4,5,5,5,4,5,5,5,4,4,5,5,5,4,5,5,5,3,4,5,6,4,4,5,5,4,4,5,5,4,4,5,5,5,4,4,5,5,3,4,5,5,4,4,5,5,4,4,4,5,,,,,,,,,,,,,,,,,,,,,,,,,,,,,,,,,,,,,,,,,,,,,,,,,,,,,,,,,,,,,,,,,,,,,,,,,,,,,,,,,,,,,,,,,,,,,,,,,,,,,,,,,,,,,,,,,,,,,,,,,,,,,,,,,,,
54,273.0,1.0,4,4,5,5,4,4,5,5,4,4,5,5,5,3,5,5,5,4,5,5,5,4,4,5,5,5,4,5,5,5,4,5,5,5,4,4,5,5,4,4,5,5,5,4,5,5,5,4,5,5,6,4,4,5,5,4,4,5,5,5,4,5,5,5,4,5,5,5,4,4,5,5,4,4,5,5,5,3,5,5,5,4,4,5,5,4,4,5,5,5,4,5,5,5,4,5,5,5,4,4,5,5,4,4,5,5,5,4,5,5,5,4,5,5,5,4,4,5,5,4,4,5,5,5,4,5,5,5,4,5,5,5,4,4,5,5,4,4,5,5,5,3,5,5,5,4,5,5,5,4,4,5,5,5,4,5,5,5,4,5,5,5,4,4,5,5,4,4,5,5,5,4,5,7,13,9,3,3,3,3,3,3,3,14,6,4,5,5,4,4,4,5,5,4,5,4,5,4,4,4,4,5,3,4,4,5,4,4,4,4,5,4,4,4,5,5,4,4,4,4,4,4,4,4,4,4,4,4,4,3,3,4,3,3,3,3,3,3,2,3,3,3,3,2,3,3,3,2,2,2,2,2,2,2,2,2,2,2,2,2,2,2,2,2,2,2,2,2,2,2,2,2,2,,,,,,,,,,,,,,,,,,,,,,,,,,,,,,,,,,,,,,,,,,,,,,,,,,,,,,,,,,,,,,,,,,,,,,,,,,,,,,,,,,,,,,,,,,,,,,,,,,,,,,,,,,,,,,,,,,,,,,,,,,,,,,,
55,273.0,6.0,5,5,4,5,4,4,5,5,5,4,5,5,5,4,5,5,5,4,5,5,5,4,4,5,5,4,4,5,5,5,4,5,5,5,4,5,5,5,4,4,5,5,4,4,5,5,5,4,5,5,7,4,5,5,5,4,4,5,5,5,3,5,5,5,4,5,5,5,4,5,5,5,4,4,5,5,5,3,5,5,5,4,5,5,5,4,4,5,5,4,4,5,5,5,3,5,5,5,4,5,5,5,4,4,5,5,4,4,5,5,5,4,5,5,5,4,5,5,5,4,4,5,5,4,4,5,5,5,4,5,5,5,4,5,5,5,4,4,5,5,5,3,5,5,5,4,5,5,5,4,4,5,5,4,4,5,5,5,3,5,5,5,4,5,5,5,4,4,5,5,4,4,6,10,23,25,24,13,11,9,10,20,16,7,6,3,5,5,4,4,5,5,5,4,5,5,5,4,5,5,5,4,5,5,5,4,4,5,5,5,4,5,5,5,4,4,5,5,4,5,5,5,4,4,5,5,5,4,4,5,5,4,4,5,5,4,4,5,5,4,4,4,5,5,4,4,5,5,4,4,4,5,4,4,4,5,4,4,4,4,5,3,4,4,5,3,4,4,5,4,4,4,5,,,,,,,,,,,,,,,,,,,,,,,,,,,,,,,,,,,,,,,,,,,,,,,,,,,,,,,,,,,,,,,,,,,,,,,,,,,,,,,,,,,,,,,,,,,,,,,,,,,,,,,,,,,,,,,,,,,,,,,,,,,,,,,
56,273.0,10.0,5,5,4,5,5,4,5,5,5,4,5,5,5,4,5,5,5,4,5,5,5,4,4,5,5,5,3,5,5,5,4,5,5,5,4,5,5,5,4,4,5,5,5,4,5,5,5,4,5,5,6,4,5,5,5,4,4,5,5,5,3,5,5,5,4,5,5,5,4,5,5,5,4,4,5,5,5,3,5,5,5,4,5,5,5,4,5,5,5,4,4,5,5,5,3,5,5,5,4,5,5,5,4,4,5,5,4,4,5,5,5,4,5,5,5,4,5,5,5,4,4,5,5,5,4,5,5,5,4,5,5,7,4,5,5,5,4,4,5,5,5,3,5,5,5,4,5,5,5,4,5,5,5,4,4,5,5,5,3,5,5,5,4,5,5,5,4,4,5,5,4,4,6,11,27,35,24,13,11,7,12,22,17,7,6,4,5,5,4,4,5,5,5,4,5,5,5,4,5,5,5,4,5,5,5,4,4,5,5,5,4,5,5,5,4,4,5,5,4,5,5,5,4,4,5,5,5,4,5,5,5,4,4,5,5,4,4,5,5,4,4,5,5,5,4,5,5,5,3,4,5,6,4,4,5,5,4,4,5,5,4,4,4,5,5,3,4,5,6,4,4,4,5,,,,,,,,,,,,,,,,,,,,,,,,,,,,,,,,,,,,,,,,,,,,,,,,,,,,,,,,,,,,,,,,,,,,,,,,,,,,,,,,,,,,,,,,,,,,,,,,,,,,,,,,,,,,,,,,,,,,,,,,,,,,,,,
57,278.0,1.0,4,4,5,5,4,4,5,5,4,4,5,5,5,4,5,5,5,4,4,5,5,5,4,5,5,5,4,4,5,5,4,4,5,5,5,4,5,5,5,4,4,5,5,4,4,5,5,5,3,5,5,5,4,4,5,5,4,4,5,5,5,3,5,5,5,4,4,5,5,4,4,5,5,5,4,5,5,6,4,4,5,5,4,4,5,5,5,4,5,5,5,4,4,5,5,4,4,5,5,5,4,5,5,5,4,4,5,5,5,4,5,5,5,4,5,5,5,4,4,5,5,5,4,5,5,5,4,5,5,5,4,4,5,5,5,4,5,5,5,4,4,5,5,4,4,5,5,5,4,5,5,5,4,4,5,5,4,4,5,5,5,4,5,5,5,4,4,5,5,4,4,5,5,5,3,5,6,14,10,3,3,3,3,3,3,3,19,7,4,5,5,5,4,5,5,5,4,4,4,5,5,3,4,4,4,5,4,4,4,5,4,4,4,4,4,4,4,4,5,4,4,4,4,4,4,4,4,4,4,4,4,4,4,3,3,4,4,3,2,3,3,3,3,3,3,3,3,2,3,3,3,2,2,2,2,2,2,2,2,2,2,2,2,2,2,2,2,2,2,2,2,2,2,2,2,2,2,2,,,,,,,,,,,,,,,,,,,,,,,,,,,,,,,,,,,,,,,,,,,,,,,,,,,,,,,,,,,,,,,,,,,,,,,,,,,,,,,,,,,,,,,,,,,,,,,,,,,,,,,,,,,,,,,,,,,,,,,,,,
58,278.0,6.0,4,5,4,5,4,4,5,5,5,4,4,5,5,4,5,5,5,4,4,5,5,5,3,5,5,5,4,5,5,5,4,4,5,5,5,3,5,5,5,4,5,5,5,4,4,5,5,5,3,5,5,5,4,5,5,5,4,4,5,5,5,3,5,5,5,4,5,5,5,4,4,5,5,5,3,5,5,6,4,5,5,5,4,4,5,5,5,3,5,5,6,4,5,5,5,4,4,5,5,5,4,5,5,5,4,4,5,5,4,4,5,5,5,4,6,5,5,4,4,5,5,4,4,5,5,5,4,5,5,5,4,4,5,5,4,4,5,5,5,4,5,5,5,4,4,5,5,4,4,5,5,5,4,5,5,5,4,4,5,5,4,4,5,5,5,4,5,5,5,4,4,5,5,4,3,5,9,21,30,24,14,12,9,6,20,18,11,6,5,5,5,5,3,5,5,5,4,4,5,5,4,4,5,5,5,3,4,5,5,4,5,5,5,4,4,5,5,5,3,4,5,5,4,5,5,5,4,4,5,5,5,3,4,5,5,4,4,5,5,4,4,4,5,5,3,4,5,5,4,4,4,5,4,4,4,5,5,3,4,4,5,4,4,4,5,4,4,4,4,5,3,4,4,5,4,4,4,5,,,,,,,,,,,,,,,,,,,,,,,,,,,,,,,,,,,,,,,,,,,,,,,,,,,,,,,,,,,,,,,,,,,,,,,,,,,,,,,,,,,,,,,,,,,,,,,,,,,,,,,,,,,,,,,,,,,,,,,,,,
59,278.0,10.0,5,5,4,5,5,4,5,5,5,4,4,5,5,4,5,5,5,4,4,5,5,5,4,5,5,5,4,5,5,5,4,4,5,5,5,3,5,5,5,4,5,5,5,4,4,5,5,5,3,5,5,5,4,5,5,5,4,4,5,5,5,3,5,5,5,4,5,5,5,4,4,5,5,5,3,5,5,5,4,5,5,5,4,4,5,5,5,3,5,5,6,4,5,5,5,4,4,5,5,5,4,5,5,6,4,5,5,5,4,4,5,5,5,4,5,5,5,4,5,5,5,4,4,5,5,5,4,6,5,5,4,4,5,5,4,4,5,5,5,4,5,5,5,4,4,5,5,4,4,5,5,5,4,5,5,5,4,4,5,5,4,4,5,5,5,4,5,5,5,4,4,5,5,4,3,5,9,23,39,24,14,11,8,9,23,20,11,6,5,5,5,5,4,5,5,5,4,5,5,5,4,4,5,5,5,3,5,5,5,4,5,5,5,4,4,5,5,5,3,4,5,5,4,5,5,5,4,4,5,5,5,3,4,5,5,4,5,5,5,4,4,5,5,5,3,4,5,5,4,4,5,5,4,4,5,5,5,4,4,5,5,4,4,5,5,4,4,4,5,5,4,4,5,5,4,4,4,5,,,,,,,,,,,,,,,,,,,,,,,,,,,,,,,,,,,,,,,,,,,,,,,,,,,,,,,,,,,,,,,,,,,,,,,,,,,,,,,,,,,,,,,,,,,,,,,,,,,,,,,,,,,,,,,,,,,,,,,,,,
60,282.0,1.0,4,4,5,5,4,4,5,5,5,4,5,5,5,4,4,5,5,4,4,5,5,5,4,4,5,5,4,4,5,5,5,4,5,5,5,4,4,5,5,5,4,5,5,5,4,4,5,5,4,4,5,5,5,4,5,5,5,4,4,5,5,5,4,5,5,5,4,4,5,5,4,4,5,5,5,4,5,5,5,4,4,5,5,5,4,5,5,5,4,4,5,5,4,4,5,5,5,4,5,5,5,4,4,5,5,5,3,5,5,5,4,4,5,5,4,4,5,5,5,4,4,5,5,4,4,5,5,5,3,5,5,6,4,4,5,5,4,4,5,5,5,4,4,5,5,4,4,5,5,5,3,5,5,5,4,4,5,5,4,4,5,5,5,4,4,5,5,4,4,5,5,5,4,5,5,5,4,4,5,8,3,4,3,3,3,3,3,3,3,12,6,4,5,5,5,4,5,5,5,4,4,4,5,5,4,4,4,4,5,4,4,4,5,4,4,4,4,4,4,4,4,4,5,4,4,4,5,4,4,4,4,4,3,4,4,4,3,3,3,4,3,3,3,3,3,3,2,3,3,3,2,2,3,3,3,2,2,2,2,2,2,2,2,2,2,2,2,2,2,2,2,2,2,2,2,2,2,2,2,2,2,2,,,,,,,,,,,,,,,,,,,,,,,,,,,,,,,,,,,,,,,,,,,,,,,,,,,,,,,,,,,,,,,,,,,,,,,,,,,,,,,,,,,,,,,,,,,,,,,,,,,,,,,,,,,,,,,,,,,,,,
61,282.0,6.0,4,4,4,5,4,4,5,5,5,4,5,5,5,4,4,5,5,4,3,5,5,5,4,5,5,5,4,4,5,5,5,4,5,5,5,4,4,5,5,4,3,5,5,5,4,5,5,5,4,4,5,5,5,4,5,5,5,4,4,5,5,4,4,5,5,5,4,5,5,5,4,4,5,5,5,4,6,5,5,4,4,5,5,4,3,5,5,5,4,5,5,5,4,4,5,5,5,4,5,5,5,4,4,5,5,4,3,5,5,5,4,5,5,5,4,4,5,5,5,4,5,5,5,4,4,5,5,4,3,5,5,5,4,5,5,5,4,4,5,5,5,4,5,5,5,4,4,5,5,4,3,5,5,6,4,4,5,5,4,4,5,5,5,4,5,5,5,4,4,5,5,5,3,5,5,5,4,5,6,15,25,27,15,13,11,9,10,20,16,7,6,4,5,5,4,4,5,5,5,4,5,5,5,4,4,5,5,5,3,4,5,5,4,4,5,5,4,4,5,5,5,4,5,5,5,4,4,5,5,5,3,4,5,5,4,5,5,5,4,4,4,5,5,4,4,5,5,4,4,4,5,5,4,4,5,5,4,4,4,5,4,4,4,5,5,3,4,4,5,4,4,4,4,4,3,4,4,4,4,4,4,5,,,,,,,,,,,,,,,,,,,,,,,,,,,,,,,,,,,,,,,,,,,,,,,,,,,,,,,,,,,,,,,,,,,,,,,,,,,,,,,,,,,,,,,,,,,,,,,,,,,,,,,,,,,,,,,,,,,,,,
62,282.0,10.0,5,5,4,5,5,4,5,5,5,4,5,5,5,4,4,5,5,4,3,5,5,5,4,5,5,5,4,4,5,5,5,4,5,5,5,4,4,5,5,4,3,5,5,5,4,5,5,5,4,4,5,5,5,4,5,5,5,4,4,5,5,4,3,5,5,5,4,5,5,5,4,4,5,5,5,4,6,5,5,4,4,5,5,4,3,5,5,5,4,5,5,5,4,4,5,5,5,4,5,5,5,4,4,5,5,4,3,5,5,5,4,5,5,5,4,4,5,5,5,4,5,5,5,4,4,5,5,4,3,5,5,5,4,5,5,5,4,4,5,5,5,4,5,5,5,4,4,5,5,5,3,5,5,5,4,5,5,5,4,4,5,5,5,4,5,5,5,4,4,5,5,5,3,5,5,6,4,5,6,16,26,26,16,13,10,7,12,22,17,7,6,4,5,5,5,4,5,5,6,4,5,5,5,4,4,5,5,5,3,5,5,5,4,5,5,5,4,4,5,5,5,4,5,5,5,4,4,5,5,5,4,4,5,5,4,5,5,5,4,4,5,5,5,3,4,5,5,4,4,5,5,4,4,4,5,5,4,4,5,5,4,4,5,5,5,3,4,5,5,4,4,5,5,4,4,4,5,5,4,4,4,5,,,,,,,,,,,,,,,,,,,,,,,,,,,,,,,,,,,,,,,,,,,,,,,,,,,,,,,,,,,,,,,,,,,,,,,,,,,,,,,,,,,,,,,,,,,,,,,,,,,,,,,,,,,,,,,,,,,,,,
63,286.0,1.0,4,4,5,6,4,4,4,5,5,4,5,5,5,4,4,5,5,5,4,5,5,5,4,4,5,5,5,3,5,5,5,4,4,5,5,5,4,5,5,5,4,4,5,5,5,4,5,5,5,4,4,5,5,4,4,5,5,5,4,4,5,5,4,4,5,5,5,4,4,5,5,4,4,5,5,5,4,4,5,5,4,4,5,5,5,2,4,5,5,4,4,5,5,5,4,5,5,5,4,4,5,5,5,3,5,5,5,4,4,5,5,5,4,5,5,5,4,4,5,5,4,4,5,5,5,4,4,5,5,4,4,5,5,5,4,4,5,5,4,4,5,5,5,4,4,5,5,4,4,5,5,5,4,4,5,5,4,4,5,5,5,4,5,5,5,4,4,5,5,5,3,5,5,5,4,4,5,5,5,3,5,6,16,9,3,3,3,3,3,3,3,18,3,5,4,5,5,4,4,4,5,5,3,4,4,5,5,4,4,4,5,4,4,4,4,5,4,4,4,4,5,3,4,4,4,4,4,4,4,4,4,4,4,4,4,3,4,4,4,3,3,3,4,3,3,3,3,3,3,2,3,3,3,3,2,3,3,3,2,2,2,3,2,2,2,2,2,2,2,2,2,2,2,2,2,2,2,2,2,2,2,2,2,2,2,2,,,,,,,,,,,,,,,,,,,,,,,,,,,,,,,,,,,,,,,,,,,,,,,,,,,,,,,,,,,,,,,,,,,,,,,,,,,,,,,,,,,,,,,,,,,,,,,,,,,,,,,,,,,,,,,,,,
64,286.0,6.0,4,4,4,5,4,4,5,4,5,4,4,4,5,4,4,5,5,5,4,5,4,5,4,4,5,5,5,4,5,4,5,4,4,5,5,4,3,5,4,5,4,4,5,5,4,3,5,5,5,4,4,5,5,4,4,5,5,5,4,5,5,5,4,4,5,5,5,4,5,5,5,4,4,5,5,5,4,5,5,5,4,4,5,5,5,3,5,5,5,4,4,5,5,4,3,5,5,5,4,4,5,5,4,3,5,4,5,4,4,5,5,4,3,5,5,5,4,4,5,5,4,4,5,5,5,4,5,5,5,4,4,5,5,5,4,5,5,5,4,4,5,5,5,4,5,5,5,4,4,5,5,5,4,5,5,5,4,4,5,5,5,3,5,5,5,4,4,5,5,4,3,5,5,5,4,4,5,5,4,3,5,8,20,32,24,15,13,10,7,20,18,14,7,5,5,5,5,4,4,5,5,5,3,5,5,5,4,4,5,5,5,3,4,5,5,4,4,5,5,4,4,4,5,5,4,4,5,5,4,4,5,5,5,4,5,5,5,4,4,4,5,5,4,4,5,5,4,4,4,5,5,3,4,5,5,4,4,4,5,5,3,4,5,5,4,4,4,5,4,3,4,4,5,4,4,4,4,4,4,4,4,4,3,4,4,4,,,,,,,,,,,,,,,,,,,,,,,,,,,,,,,,,,,,,,,,,,,,,,,,,,,,,,,,,,,,,,,,,,,,,,,,,,,,,,,,,,,,,,,,,,,,,,,,,,,,,,,,,,,,,,,,,,
65,286.0,10.0,5,4,4,5,5,4,5,5,5,4,4,5,5,4,3,5,5,5,4,5,5,5,4,4,5,5,5,4,5,5,5,4,4,5,5,4,3,5,5,5,4,4,5,5,4,3,5,5,5,4,5,5,5,4,4,5,5,5,4,5,5,5,4,4,5,5,5,4,5,5,5,4,4,5,5,5,4,5,5,5,4,4,5,5,5,3,5,5,5,4,4,5,5,5,3,5,5,5,4,4,5,5,4,3,5,5,6,4,4,5,5,4,4,5,5,5,4,5,5,5,4,4,5,5,5,4,5,5,5,4,4,5,5,5,4,5,5,5,4,4,5,5,5,4,5,5,5,4,4,5,5,5,4,5,5,5,4,4,5,5,5,3,5,5,5,4,4,5,5,4,3,5,5,5,4,4,5,5,4,3,5,8,22,32,23,14,12,9,4,23,22,14,7,5,5,5,5,4,4,5,5,5,3,5,5,5,4,4,5,5,5,3,4,5,5,4,4,5,5,4,4,5,5,5,4,5,5,5,4,4,5,5,5,4,5,5,5,4,4,5,5,5,3,4,5,5,4,4,5,5,5,3,4,5,5,4,4,5,5,4,4,4,5,6,4,4,5,5,4,4,4,5,5,4,4,5,5,4,4,4,5,5,3,4,5,5,,,,,,,,,,,,,,,,,,,,,,,,,,,,,,,,,,,,,,,,,,,,,,,,,,,,,,,,,,,,,,,,,,,,,,,,,,,,,,,,,,,,,,,,,,,,,,,,,,,,,,,,,,,,,,,,,,
66,290.0,1.0,4,4,4,5,4,3,4,5,5,4,4,5,5,4,4,5,5,5,4,4,5,5,4,4,5,5,5,4,4,5,5,4,4,5,5,5,4,4,5,5,5,3,5,5,5,4,4,5,5,5,4,5,5,5,4,4,5,5,5,2,4,5,5,4,4,5,5,5,4,4,5,5,4,4,5,5,5,4,4,5,5,4,4,5,5,5,4,4,5,5,4,4,5,5,5,4,4,5,5,4,4,5,5,5,4,4,5,5,5,3,5,5,5,4,4,5,5,5,3,5,5,5,4,4,5,5,5,4,4,5,5,4,4,5,5,5,4,4,5,5,4,4,5,5,5,4,4,5,5,4,4,5,5,5,4,4,5,5,4,4,5,5,5,4,4,5,5,4,4,5,5,5,4,4,5,5,5,4,5,5,5,4,4,5,7,11,8,3,3,3,3,3,3,3,18,7,5,4,5,5,4,4,4,5,5,4,5,4,5,5,4,4,4,5,4,4,4,4,5,4,4,4,4,5,3,4,4,4,4,4,4,4,4,4,4,4,4,4,3,4,4,4,4,3,3,4,4,3,2,3,3,3,3,2,3,3,3,2,2,3,3,3,2,2,3,3,2,2,2,2,2,2,2,2,2,2,2,2,2,2,2,2,2,2,2,2,2,2,2,2,,,,,,,,,,,,,,,,,,,,,,,,,,,,,,,,,,,,,,,,,,,,,,,,,,,,,,,,,,,,,,,,,,,,,,,,,,,,,,,,,,,,,,,,,,,,,,,,,,,,,,,,,,,,,,
67,290.0,6.0,4,4,4,5,4,4,4,4,5,4,4,4,5,4,3,5,4,5,4,4,5,5,4,3,5,4,6,4,4,5,5,4,3,5,4,5,4,4,5,5,4,3,5,4,5,4,4,5,5,4,3,5,4,5,4,4,5,4,5,4,5,4,5,4,4,5,4,5,4,5,4,5,4,4,5,4,5,4,5,4,5,4,4,5,4,5,4,5,5,5,4,4,5,4,5,4,4,5,5,4,4,5,4,6,4,4,5,5,4,3,5,4,5,4,4,5,5,4,3,5,4,5,4,4,5,5,4,3,5,4,5,4,4,5,4,5,3,5,4,5,4,4,5,4,5,4,5,4,5,4,4,5,4,5,4,5,4,5,4,4,5,4,5,4,5,5,5,4,4,5,4,5,4,4,5,5,4,4,5,4,5,4,5,6,12,24,22,24,14,11,9,5,20,18,11,7,5,5,4,5,4,4,5,5,4,4,4,4,5,4,4,5,5,4,3,4,4,5,4,4,5,4,5,3,4,4,5,4,4,5,4,5,3,4,4,5,4,4,5,4,5,3,4,4,5,4,4,5,4,5,3,4,5,5,4,4,4,4,5,3,4,5,5,4,4,4,4,5,3,4,4,5,4,4,4,4,5,3,4,4,4,4,4,4,4,5,3,4,4,4,,,,,,,,,,,,,,,,,,,,,,,,,,,,,,,,,,,,,,,,,,,,,,,,,,,,,,,,,,,,,,,,,,,,,,,,,,,,,,,,,,,,,,,,,,,,,,,,,,,,,,,,,,,,,,
68,290.0,10.0,5,4,4,5,5,4,4,4,5,4,4,5,5,4,4,5,4,6,4,4,5,5,4,3,5,4,5,4,4,5,5,4,3,5,4,5,4,4,5,5,4,3,5,4,5,4,4,5,5,5,3,5,4,5,4,4,5,5,5,4,5,5,5,4,4,5,5,5,4,5,5,5,4,4,5,5,5,4,5,5,5,4,4,5,5,5,4,5,5,5,4,4,5,5,5,4,5,5,5,4,4,5,4,5,4,4,5,5,4,3,5,4,5,4,4,5,5,4,3,5,4,5,4,4,5,5,4,3,5,4,5,4,4,5,5,5,3,5,5,5,4,4,5,5,5,4,5,5,5,4,4,5,5,5,4,5,5,5,4,4,5,5,5,4,5,5,5,4,4,5,5,5,4,5,5,5,4,4,5,4,6,4,5,6,13,28,30,23,13,11,7,9,22,19,11,7,5,5,4,5,4,4,5,5,5,3,5,5,5,4,4,5,5,5,3,5,5,5,4,4,5,5,5,3,4,5,5,4,4,5,5,5,3,4,5,5,4,4,5,5,5,3,4,5,5,4,4,5,5,5,3,4,5,5,4,4,5,5,5,3,4,5,5,4,4,5,5,5,3,4,5,5,4,4,4,5,5,3,4,5,5,4,4,4,5,5,3,4,5,5,,,,,,,,,,,,,,,,,,,,,,,,,,,,,,,,,,,,,,,,,,,,,,,,,,,,,,,,,,,,,,,,,,,,,,,,,,,,,,,,,,,,,,,,,,,,,,,,,,,,,,,,,,,,,,
69,294.0,1.0,4,4,4,5,4,4,5,5,5,4,4,5,5,4,3,5,5,5,4,4,5,5,5,4,4,5,5,4,4,5,5,5,4,4,5,5,4,3,5,5,5,4,4,5,5,5,4,4,5,5,4,4,5,5,5,4,4,5,5,4,4,5,5,5,4,4,5,5,5,2,4,5,5,4,4,5,5,5,4,4,5,5,4,4,5,5,5,4,4,5,5,5,4,4,5,5,4,4,5,5,5,4,4,5,5,4,4,5,5,5,4,4,5,5,5,4,4,5,5,4,4,5,5,5,4,4,5,5,4,4,5,5,5,4,4,5,5,5,3,5,5,5,4,4,5,5,5,4,4,5,5,4,4,5,5,5,4,4,5,5,5,3,5,5,5,4,4,5,5,5,4,4,5,5,4,4,5,5,5,4,4,5,5,4,3,4,5,13,9,7,3,3,3,3,3,3,3,14,6,4,5,5,5,4,5,5,5,5,4,5,4,5,4,4,4,4,5,4,4,4,4,5,4,4,4,4,5,4,4,4,4,4,3,4,4,4,4,4,4,4,4,4,4,4,4,4,3,3,4,4,3,3,3,3,3,3,2,3,3,3,3,2,3,3,3,2,2,2,3,2,2,2,2,2,2,2,2,2,2,2,2,2,2,2,2,2,2,2,2,2,2,2,2,2,,,,,,,,,,,,,,,,,,,,,,,,,,,,,,,,,,,,,,,,,,,,,,,,,,,,,,,,,,,,,,,,,,,,,,,,,,,,,,,,,,,,,,,,,,,,,,,,,,,,,,,,,,
70,294.0,6.0,4,4,4,5,4,4,5,4,5,4,4,5,4,4,4,5,4,5,4,4,5,4,5,4,4,4,5,4,4,5,4,5,4,4,4,4,4,3,5,4,5,4,4,5,4,5,4,5,4,5,4,4,5,4,5,4,4,4,5,4,3,5,4,5,4,4,5,4,4,3,5,4,5,4,4,5,4,5,4,4,4,5,4,4,5,4,5,4,4,5,4,4,3,5,4,5,4,4,5,4,5,4,5,4,5,4,4,5,4,5,4,4,5,4,4,3,5,4,5,4,4,5,4,5,4,5,4,5,4,4,5,4,6,4,4,5,4,4,3,5,4,5,4,4,5,4,5,4,5,4,5,4,4,5,4,5,4,4,4,4,4,3,5,4,5,4,4,5,4,5,4,5,4,5,4,4,5,4,5,4,4,4,5,4,3,5,7,18,30,25,15,13,11,8,10,19,16,8,6,4,5,4,5,3,5,4,5,4,4,5,4,5,4,4,5,4,4,4,4,4,5,4,4,5,4,5,3,4,4,5,4,4,5,4,5,4,5,4,5,4,4,4,4,5,4,4,5,4,4,4,4,4,5,4,4,5,4,5,3,4,4,5,4,4,4,4,5,4,4,4,5,4,3,4,4,5,4,4,4,4,4,3,4,4,5,4,4,4,4,5,3,4,4,4,,,,,,,,,,,,,,,,,,,,,,,,,,,,,,,,,,,,,,,,,,,,,,,,,,,,,,,,,,,,,,,,,,,,,,,,,,,,,,,,,,,,,,,,,,,,,,,,,,,,,,,,,,
71,294.0,10.0,5,4,4,5,5,4,5,4,5,4,4,5,4,5,4,5,4,5,4,4,5,4,5,4,5,4,5,4,3,5,4,6,4,4,5,5,4,3,5,4,5,4,4,5,4,5,4,5,4,5,4,4,5,4,5,4,4,5,5,4,3,5,4,5,4,4,5,4,5,3,5,4,5,4,4,5,4,5,4,5,4,5,4,4,5,4,5,4,4,5,5,4,3,5,4,5,4,4,5,4,5,4,5,4,5,4,4,5,4,6,4,4,5,5,4,3,5,4,5,4,4,5,4,5,4,5,4,5,4,4,5,4,5,4,4,5,5,4,3,5,4,5,4,4,5,4,5,4,5,4,5,4,4,5,4,5,4,4,5,5,4,3,5,4,5,4,4,5,4,5,4,5,4,5,4,4,5,4,5,4,5,5,5,4,3,5,7,20,35,23,15,12,9,6,12,21,17,8,6,5,5,4,5,4,5,5,5,4,4,5,4,5,4,4,5,5,4,4,5,4,5,4,4,5,5,5,3,4,4,5,4,4,5,4,5,4,5,5,5,4,4,5,4,6,4,5,5,5,4,4,4,4,5,4,4,5,5,5,3,4,4,5,4,4,5,4,5,3,4,5,5,4,4,4,4,5,4,4,5,5,4,4,4,4,5,4,4,4,5,4,3,4,4,5,,,,,,,,,,,,,,,,,,,,,,,,,,,,,,,,,,,,,,,,,,,,,,,,,,,,,,,,,,,,,,,,,,,,,,,,,,,,,,,,,,,,,,,,,,,,,,,,,,,,,,,,,,
72,298.0,1.0,4,4,4,5,4,4,5,5,5,4,4,5,5,5,4,4,5,5,4,4,5,5,5,4,4,5,5,5,4,4,5,5,4,4,5,5,5,4,4,5,5,5,4,4,5,5,4,4,5,5,5,4,4,5,5,5,4,4,5,5,4,4,5,5,5,4,4,5,5,5,4,4,5,5,4,4,5,5,5,4,4,5,5,5,3,4,5,5,4,4,5,5,5,4,4,5,5,4,3,4,5,5,4,4,5,5,5,4,4,5,5,4,3,5,5,5,4,4,5,5,5,4,4,5,5,4,4,5,5,5,4,4,5,5,5,4,4,5,5,4,4,5,5,5,4,4,5,5,5,4,4,5,5,4,4,5,5,5,4,4,5,5,5,4,4,5,5,4,4,5,5,5,4,4,5,5,5,4,4,5,5,4,4,5,5,5,4,4,5,7,12,9,3,3,3,3,3,3,3,16,7,5,4,4,5,4,4,5,5,5,4,4,4,5,5,4,4,4,4,5,4,4,4,4,4,4,4,4,4,5,4,4,4,4,5,3,4,4,4,4,3,4,4,4,4,4,4,4,4,3,3,4,4,3,3,3,3,3,3,3,3,3,3,3,2,2,3,3,3,2,2,3,3,2,2,2,2,2,2,2,2,2,2,2,2,2,2,2,2,2,2,2,2,2,2,2,2,2,,,,,,,,,,,,,,,,,,,,,,,,,,,,,,,,,,,,,,,,,,,,,,,,,,,,,,,,,,,,,,,,,,,,,,,,,,,,,,,,,,,,,,,,,,,,,,,,,,,,,,
73,298.0,6.0,4,4,4,4,4,4,4,4,5,4,3,5,4,5,4,4,4,4,4,3,5,4,5,4,4,5,4,5,4,5,4,5,4,3,5,4,5,4,4,5,4,4,4,5,4,5,4,4,5,4,5,4,4,5,4,4,3,5,4,5,4,4,5,4,5,4,4,4,4,4,3,5,4,5,4,4,5,4,5,4,4,4,4,4,3,5,4,5,4,4,5,4,5,4,4,4,4,4,3,5,4,5,4,4,5,4,5,4,4,4,4,4,3,5,4,5,4,4,5,4,5,4,4,4,4,4,3,5,4,5,4,4,5,4,5,4,5,4,4,4,4,5,4,5,4,4,5,4,5,4,5,4,5,4,4,5,4,5,4,4,5,4,5,4,5,4,5,4,4,5,4,5,4,4,5,4,4,3,5,4,5,4,4,5,4,5,4,5,6,11,21,26,23,14,12,9,6,20,18,14,7,5,4,4,4,4,3,4,4,5,4,4,5,4,5,4,5,4,4,4,4,4,4,5,4,4,5,4,5,3,5,4,4,4,4,5,4,5,4,4,5,4,5,3,4,4,5,4,4,4,4,5,4,4,5,4,4,3,4,4,5,4,4,4,4,5,4,4,4,4,4,4,4,4,5,4,4,4,4,5,3,4,4,4,4,3,4,4,5,4,4,4,4,4,3,4,4,4,,,,,,,,,,,,,,,,,,,,,,,,,,,,,,,,,,,,,,,,,,,,,,,,,,,,,,,,,,,,,,,,,,,,,,,,,,,,,,,,,,,,,,,,,,,,,,,,,,,,,,
74,298.0,10.0,4,4,3,4,5,4,4,4,5,4,3,5,4,5,4,4,4,5,4,3,5,4,5,4,4,5,4,5,4,5,4,5,4,3,5,4,5,4,4,5,4,5,4,5,4,5,4,4,5,4,6,4,4,5,4,4,3,5,4,5,4,4,5,4,5,4,4,4,4,4,3,5,4,5,4,4,5,4,5,4,4,4,4,4,3,5,4,5,4,4,5,4,5,4,4,4,5,4,3,5,4,5,4,4,5,4,5,4,5,4,5,4,3,5,4,5,4,4,5,4,5,4,5,4,5,4,3,5,4,5,4,4,5,4,5,4,5,4,5,4,4,5,4,5,4,4,5,4,5,4,5,4,5,4,4,5,4,5,4,4,5,4,5,3,5,4,5,4,4,5,4,6,4,4,5,4,4,3,5,4,5,4,4,5,4,6,4,5,6,11,25,34,23,14,11,8,3,22,21,14,7,6,4,4,4,4,3,5,4,5,4,4,5,4,5,4,5,4,5,4,4,5,4,5,4,4,5,4,5,3,5,4,5,4,4,5,4,5,4,4,5,4,4,3,4,4,5,4,4,5,4,5,4,5,5,4,4,4,4,4,5,4,4,5,4,5,3,4,4,5,4,4,4,4,5,4,4,5,4,5,3,4,4,5,4,4,4,4,5,4,4,4,4,4,4,4,4,5,,,,,,,,,,,,,,,,,,,,,,,,,,,,,,,,,,,,,,,,,,,,,,,,,,,,,,,,,,,,,,,,,,,,,,,,,,,,,,,,,,,,,,,,,,,,,,,,,,,,,,
75,302.0,1.0,4,4,4,5,4,4,4,5,5,4,4,4,5,5,4,4,5,5,4,3,4,5,5,4,4,5,5,5,4,4,5,5,5,4,4,5,5,4,3,4,5,5,4,4,5,5,5,4,4,5,5,5,2,4,5,5,4,4,5,5,5,4,4,4,5,5,4,4,5,5,4,3,4,5,5,4,4,5,5,5,4,4,5,5,5,4,4,5,5,4,4,5,5,5,4,4,5,5,5,4,4,5,5,4,3,4,5,5,4,4,5,5,5,4,4,5,5,5,4,4,5,5,4,4,5,5,5,4,4,5,5,5,4,4,5,5,5,3,4,5,5,4,4,5,5,5,4,4,5,5,5,4,4,5,5,4,4,5,5,5,4,4,5,5,5,4,4,5,5,5,4,4,5,5,4,4,5,5,5,4,4,5,5,5,4,4,5,5,4,3,4,5,10,7,4,3,3,3,3,3,3,3,17,6,5,4,4,5,4,4,4,5,5,4,4,4,5,5,4,4,4,4,5,4,4,4,4,4,4,4,4,4,4,4,4,4,4,4,4,4,4,4,5,4,4,4,4,4,4,4,4,4,4,2,4,4,4,3,2,3,3,3,3,2,3,3,3,3,2,3,3,3,2,2,2,3,3,2,2,2,2,2,2,2,2,2,2,2,2,2,2,2,2,2,2,2,2,2,2,2,2,2,,,,,,,,,,,,,,,,,,,,,,,,,,,,,,,,,,,,,,,,,,,,,,,,,,,,,,,,,,,,,,,,,,,,,,,,,,,,,,,,,,,,,,,,,,,,,,,,,,
76,302.0,6.0,4,4,4,4,4,4,4,4,5,4,3,5,4,6,4,4,4,4,4,4,4,4,4,4,3,5,4,5,4,4,5,4,5,4,4,4,4,4,3,5,4,5,4,4,5,4,6,4,4,4,4,4,3,5,4,4,4,4,5,4,5,4,4,5,4,5,4,4,4,4,4,3,5,4,5,4,4,5,4,6,4,4,4,4,4,3,5,4,4,4,4,5,4,5,4,4,5,4,5,4,4,4,4,4,3,5,4,5,4,4,5,4,5,4,4,4,4,4,3,5,4,4,4,4,5,4,5,4,4,5,4,5,4,4,4,4,4,3,5,4,5,4,4,5,4,5,4,4,4,4,5,4,5,4,4,4,3,5,4,5,4,4,5,4,5,4,4,4,4,4,3,5,4,5,4,4,5,4,5,4,4,5,4,5,4,4,4,4,4,3,5,7,18,21,25,15,13,11,9,5,19,18,11,7,5,5,4,4,4,4,5,4,5,4,4,5,4,5,3,5,4,4,4,4,5,4,5,4,4,5,4,5,3,4,4,4,4,4,4,4,5,4,4,5,4,5,4,4,4,4,4,3,4,4,4,4,4,4,4,5,4,4,5,4,5,3,4,4,4,4,4,4,4,5,4,4,4,4,5,3,4,4,4,4,3,4,4,5,4,4,4,4,4,3,4,4,4,4,3,4,4,4,,,,,,,,,,,,,,,,,,,,,,,,,,,,,,,,,,,,,,,,,,,,,,,,,,,,,,,,,,,,,,,,,,,,,,,,,,,,,,,,,,,,,,,,,,,,,,,,,,
77,302.0,10.0,4,4,3,4,5,4,4,4,5,4,4,5,4,5,4,4,5,4,5,4,4,4,5,4,3,5,4,5,4,4,5,4,5,4,4,4,4,4,3,5,4,5,4,4,5,4,6,4,4,4,4,4,4,5,4,5,4,4,5,4,5,4,4,5,4,5,4,4,4,4,4,3,5,4,5,4,4,5,4,5,4,4,4,4,4,3,5,4,5,4,4,5,4,5,4,4,5,4,5,4,4,4,4,4,3,5,4,5,4,4,5,4,6,4,4,4,4,4,3,5,4,5,4,4,5,4,5,4,4,5,4,5,4,4,4,4,4,3,5,4,5,4,4,5,4,6,4,4,4,4,5,4,5,4,5,4,3,5,4,5,4,4,5,4,5,4,4,4,4,4,3,5,4,5,4,4,5,4,5,4,4,5,4,5,4,5,4,4,4,3,5,7,18,34,24,15,13,10,7,9,22,19,11,7,5,5,4,4,4,4,5,4,5,4,4,5,4,5,3,5,4,4,4,4,5,4,5,4,4,5,4,5,4,5,4,4,4,4,4,4,5,4,4,5,4,5,4,4,4,4,4,3,4,4,5,4,4,5,4,5,4,4,5,4,4,3,4,4,5,4,4,4,4,5,4,4,5,4,5,3,4,4,5,4,4,4,4,5,4,4,4,4,5,3,4,4,4,4,4,4,4,5,,,,,,,,,,,,,,,,,,,,,,,,,,,,,,,,,,,,,,,,,,,,,,,,,,,,,,,,,,,,,,,,,,,,,,,,,,,,,,,,,,,,,,,,,,,,,,,,,,
78,306.0,1.0,4,4,4,5,4,4,4,5,5,4,4,5,5,5,4,4,4,5,5,4,4,5,5,4,4,4,5,5,4,4,5,5,5,4,4,5,5,5,4,4,4,5,5,4,4,5,5,4,3,4,5,5,4,4,5,5,5,4,4,5,5,5,4,4,5,5,5,4,4,5,5,4,4,4,5,5,4,4,5,5,5,4,4,4,5,5,4,4,5,5,4,3,4,5,5,4,4,5,5,5,4,4,5,5,5,4,4,5,5,5,4,4,5,5,4,3,4,5,5,4,4,5,5,5,4,4,4,5,5,4,4,5,5,5,4,4,5,5,4,4,5,5,5,4,4,5,5,5,4,4,4,5,5,4,4,5,5,4,3,4,5,5,4,4,5,5,5,4,4,5,5,5,4,4,5,5,5,2,4,5,5,4,4,4,5,5,4,4,5,5,5,4,4,5,6,12,9,3,3,3,3,3,3,3,3,15,6,4,4,4,5,4,4,4,5,5,2,4,4,5,5,4,4,4,4,5,4,4,4,4,4,4,4,4,4,4,4,4,4,4,4,4,4,4,4,4,4,4,4,4,4,3,4,4,4,4,3,4,4,4,3,3,3,3,3,3,3,3,3,3,3,2,3,3,3,3,2,2,3,3,2,2,2,2,2,2,2,2,2,2,2,2,2,2,2,2,2,2,2,2,2,2,2,2,2,2,,,,,,,,,,,,,,,,,,,,,,,,,,,,,,,,,,,,,,,,,,,,,,,,,,,,,,,,,,,,,,,,,,,,,,,,,,,,,,,,,,,,,,,,,,,,,,
79,306.0,6.0,4,4,3,4,4,4,4,4,4,4,4,5,4,5,4,4,5,4,5,4,4,4,4,4,4,4,4,4,4,3,5,4,5,4,4,5,4,5,4,4,5,4,5,4,4,4,4,4,3,5,4,4,4,4,5,4,5,4,4,5,4,5,4,4,4,4,4,3,5,4,4,4,3,5,4,5,4,4,5,4,5,4,4,4,4,5,4,4,4,4,4,3,5,4,4,4,4,5,4,5,4,4,5,4,5,4,4,4,4,4,3,4,4,4,4,3,5,4,5,4,4,5,4,5,4,4,5,4,5,4,4,4,4,4,3,5,4,4,4,4,5,4,5,4,4,5,4,5,4,4,4,4,4,4,4,4,4,4,3,5,4,5,4,4,5,4,5,4,4,5,4,5,4,4,4,4,4,3,5,4,4,4,4,5,4,5,4,4,5,4,5,4,4,5,9,18,29,23,14,12,10,7,10,19,16,8,6,5,5,4,5,4,4,5,4,5,4,4,4,4,4,3,5,4,4,4,4,5,4,5,4,4,5,4,5,4,4,4,4,4,3,5,4,4,4,4,4,4,5,4,4,5,4,5,4,4,4,4,5,3,4,4,4,4,4,4,4,5,4,4,4,4,5,4,4,4,4,5,3,4,4,4,4,4,4,4,4,4,4,4,4,5,4,4,4,4,5,3,4,4,4,4,3,4,4,4,,,,,,,,,,,,,,,,,,,,,,,,,,,,,,,,,,,,,,,,,,,,,,,,,,,,,,,,,,,,,,,,,,,,,,,,,,,,,,,,,,,,,,,,,,,,,,
80,306.0,10.0,4,4,3,4,5,4,4,4,4,4,4,5,4,5,4,3,5,4,5,4,4,4,4,5,4,4,4,4,4,3,5,4,5,4,4,5,4,5,4,4,5,4,5,4,4,4,4,4,3,5,4,5,4,4,5,4,5,4,4,5,4,5,4,4,4,4,4,3,5,4,4,4,3,5,4,5,4,4,5,4,5,4,4,4,4,5,4,4,4,4,4,3,5,4,5,4,4,5,4,5,4,4,5,4,5,4,4,4,4,4,3,5,4,4,4,3,5,4,5,4,4,5,4,5,4,4,5,4,5,4,4,4,4,4,3,5,4,5,4,4,5,4,5,4,4,5,4,5,4,4,4,4,4,4,5,4,4,4,3,5,4,5,4,4,5,4,5,4,4,5,4,5,4,4,4,4,4,3,5,4,4,4,4,5,4,5,4,4,5,4,5,4,5,5,10,14,26,23,14,11,8,5,12,21,17,9,6,5,5,4,5,4,4,5,4,5,4,4,4,4,4,3,5,4,4,4,4,5,4,5,4,4,5,4,5,4,4,4,4,4,3,4,4,4,4,4,5,4,5,4,4,5,4,5,4,4,4,4,4,3,4,4,4,4,4,4,4,5,4,4,5,4,5,4,4,4,4,4,3,4,4,4,4,4,4,4,5,4,4,4,4,5,4,4,4,4,4,3,4,4,4,4,3,4,4,5,,,,,,,,,,,,,,,,,,,,,,,,,,,,,,,,,,,,,,,,,,,,,,,,,,,,,,,,,,,,,,,,,,,,,,,,,,,,,,,,,,,,,,,,,,,,,,
81,310.0,1.0,4,4,4,5,4,4,4,5,5,4,3,4,5,5,4,4,5,5,5,4,4,5,4,5,4,4,5,4,5,4,4,5,4,4,4,4,5,5,4,3,4,5,5,4,4,5,5,5,4,4,5,5,5,4,4,4,4,5,4,4,5,4,5,4,4,5,5,4,3,4,5,5,4,4,4,5,5,4,4,5,5,5,4,4,5,4,5,4,4,5,4,5,4,4,5,4,4,4,4,5,5,4,4,4,5,5,4,4,5,5,5,4,4,5,5,5,4,4,4,4,5,4,4,5,4,5,4,4,5,5,4,3,4,5,5,4,4,5,5,5,4,4,5,5,5,4,4,5,4,5,4,4,5,4,5,4,4,5,5,4,3,4,5,5,4,4,4,5,5,4,4,5,5,5,4,4,5,4,5,4,4,4,4,5,4,4,5,4,5,2,4,5,5,4,3,4,5,8,5,5,3,3,3,3,3,3,3,10,8,5,4,4,4,5,4,4,4,4,5,4,4,4,4,5,3,4,4,4,5,4,4,4,4,4,4,4,4,4,4,4,4,4,4,4,4,4,4,4,4,4,4,4,4,4,4,4,4,4,4,3,4,4,4,3,3,3,3,3,3,3,2,3,3,3,3,2,3,3,3,3,2,2,3,3,2,2,2,2,2,2,2,2,2,2,2,2,2,2,2,2,2,2,2,2,2,2,2,2,2,2,,,,,,,,,,,,,,,,,,,,,,,,,,,,,,,,,,,,,,,,,,,,,,,,,,,,,,,,,,,,,,,,,,,,,,,,,,,,,,,,,,,,,,,,,,
82,310.0,6.0,4,4,3,4,5,4,4,4,4,4,4,4,4,4,4,3,4,4,5,4,4,5,4,5,4,4,4,4,5,4,4,4,4,4,4,4,4,4,4,3,5,4,4,4,4,5,4,5,4,4,5,4,5,4,4,5,4,5,4,4,4,4,4,4,4,4,4,4,3,5,4,4,4,4,5,4,5,4,4,5,4,5,4,4,5,4,5,4,4,4,4,5,4,4,4,4,4,3,5,4,4,4,3,5,4,4,4,4,5,4,5,4,4,5,4,5,4,4,4,4,5,4,4,4,4,4,3,4,4,4,4,3,5,4,4,4,4,5,4,5,4,4,5,4,5,4,4,5,4,5,4,4,4,4,4,3,4,4,4,4,3,5,4,4,4,3,5,4,5,4,4,5,4,5,4,4,5,4,5,4,4,4,4,5,4,4,4,4,4,3,5,4,4,4,3,5,6,21,24,25,23,14,11,9,6,20,18,14,7,6,4,4,4,5,4,4,4,4,4,3,5,4,4,4,4,4,4,4,4,4,5,4,5,4,4,5,4,5,4,4,4,4,5,3,4,4,4,4,3,4,4,4,4,4,4,4,4,4,4,4,4,5,4,4,5,4,5,4,4,4,4,5,3,4,4,4,4,4,4,4,4,4,4,4,4,4,4,4,4,4,5,4,4,4,4,5,3,4,4,4,4,3,4,4,4,4,3,4,4,4,,,,,,,,,,,,,,,,,,,,,,,,,,,,,,,,,,,,,,,,,,,,,,,,,,,,,,,,,,,,,,,,,,,,,,,,,,,,,,,,,,,,,,,,,,
83,310.0,10.0,4,4,3,4,5,4,3,4,4,4,4,4,4,4,4,3,4,4,5,4,4,5,4,5,4,4,5,4,5,4,4,4,4,4,4,4,4,4,4,3,5,4,4,4,3,5,4,5,4,4,5,4,5,4,4,5,4,5,4,4,4,4,4,4,4,4,4,4,3,5,4,4,4,3,5,4,5,4,4,5,4,5,4,4,5,4,5,4,4,4,4,5,4,4,4,4,4,3,5,4,4,4,3,5,4,5,4,4,5,4,5,4,4,5,4,5,4,4,4,4,5,4,4,4,4,4,3,5,4,4,4,3,5,4,4,4,4,5,4,5,4,4,5,4,5,4,4,4,4,5,4,4,4,4,4,3,5,4,4,4,3,5,4,4,4,4,5,4,5,4,4,5,4,5,4,4,5,4,5,4,4,4,4,5,4,4,4,4,4,3,5,4,4,4,3,5,6,18,23,26,22,13,10,7,3,22,21,14,7,6,4,4,4,5,4,4,4,4,4,3,5,4,4,4,4,4,4,4,4,4,5,4,5,4,4,5,4,5,4,4,4,4,5,3,5,4,4,4,3,4,4,4,4,4,4,4,5,4,4,5,4,5,4,4,4,4,5,4,4,4,4,4,3,4,4,4,4,4,4,4,5,4,4,4,4,5,4,4,4,4,5,4,4,4,4,5,3,4,4,4,4,4,4,4,4,4,3,4,4,5,,,,,,,,,,,,,,,,,,,,,,,,,,,,,,,,,,,,,,,,,,,,,,,,,,,,,,,,,,,,,,,,,,,,,,,,,,,,,,,,,,,,,,,,,,
84,314.0,1.0,4,4,4,5,4,4,4,5,5,4,3,4,5,5,4,4,4,5,5,4,4,5,5,5,4,4,5,4,5,4,4,5,4,5,4,4,5,4,5,4,4,4,4,5,4,4,5,4,5,4,4,5,4,5,4,4,5,4,4,4,4,5,4,4,3,4,5,5,4,4,4,5,5,4,4,5,5,5,4,4,5,4,5,4,4,5,4,5,4,4,5,4,5,4,4,4,4,5,4,4,5,4,5,4,4,5,4,5,4,4,5,4,4,3,4,5,4,4,3,4,5,5,4,4,4,5,5,4,4,5,5,5,4,4,5,4,5,4,4,5,4,5,4,4,5,4,5,4,4,4,4,5,4,4,5,4,5,4,4,5,4,4,4,4,5,4,4,3,4,5,5,4,4,4,5,5,4,4,4,5,5,4,4,5,5,5,4,4,5,4,5,4,4,5,4,5,4,4,5,6,12,9,3,3,3,3,3,3,3,3,17,6,5,4,4,4,4,4,4,5,4,5,4,4,4,4,5,4,4,4,4,5,3,4,4,4,4,4,4,4,4,4,4,4,4,4,4,4,4,4,4,4,4,4,4,4,4,4,4,4,4,4,3,3,4,4,4,3,2,3,3,3,3,2,3,3,3,3,2,3,3,3,3,2,2,3,3,3,2,2,2,2,2,2,2,2,2,2,2,2,2,2,2,2,2,2,2,2,2,2,2,2,2,2,,,,,,,,,,,,,,,,,,,,,,,,,,,,,,,,,,,,,,,,,,,,,,,,,,,,,,,,,,,,,,,,,,,,,,,,,,,,,,,,,,,,,,
85,314.0,6.0,4,4,3,4,5,4,3,4,4,4,4,4,4,4,4,4,4,4,4,4,3,5,4,4,4,3,4,4,5,4,4,5,4,5,4,4,5,4,5,4,4,4,4,5,4,4,4,4,5,4,4,4,4,4,4,4,4,4,4,3,4,4,4,4,3,5,4,4,4,3,5,4,4,4,4,5,4,4,4,4,5,4,5,4,4,5,4,5,4,4,5,4,5,4,4,4,4,5,4,4,4,4,4,4,4,4,4,4,3,4,4,4,4,3,5,4,4,4,3,5,4,4,4,4,5,4,4,4,4,5,4,5,4,4,5,4,5,4,4,5,4,5,4,4,4,4,5,4,4,4,4,5,4,4,4,4,4,3,4,4,4,4,3,4,4,4,4,3,5,4,4,4,3,5,4,4,4,4,5,4,4,4,4,5,4,5,4,4,5,4,5,4,4,5,4,6,4,4,5,8,19,30,23,15,13,10,8,7,19,18,12,7,5,4,4,4,4,3,5,4,4,4,4,5,4,4,4,4,4,4,4,4,4,5,4,4,4,4,5,4,5,4,4,5,4,5,4,4,4,4,5,3,4,4,4,4,3,5,4,4,4,3,4,4,4,4,4,4,4,4,4,4,4,4,4,4,4,4,4,5,4,4,4,4,5,4,4,4,4,5,4,4,4,4,5,3,4,4,4,4,3,4,4,4,4,3,4,4,4,4,3,4,4,4,,,,,,,,,,,,,,,,,,,,,,,,,,,,,,,,,,,,,,,,,,,,,,,,,,,,,,,,,,,,,,,,,,,,,,,,,,,,,,,,,,,,,,
86,314.0,10.0,4,4,3,4,5,4,3,4,4,4,4,4,4,4,4,4,4,4,4,4,3,5,4,4,4,3,5,4,5,4,4,5,4,5,4,4,5,4,5,4,4,4,4,5,4,4,4,4,5,4,4,4,4,4,4,4,4,4,4,3,5,4,4,4,3,5,4,4,4,3,5,4,4,4,4,5,4,5,4,4,5,4,5,4,4,5,4,5,4,4,4,4,5,4,4,4,4,5,4,4,4,4,4,4,4,4,4,4,3,5,4,4,4,3,5,4,4,4,3,5,4,4,4,4,5,4,5,4,4,5,4,5,4,4,5,4,5,4,4,5,4,6,4,4,4,4,5,4,4,4,4,5,4,4,4,4,4,3,4,4,4,4,3,5,4,4,4,3,5,4,4,4,3,5,4,4,4,4,5,4,5,4,4,5,4,5,4,4,5,4,5,4,4,4,4,5,4,4,5,9,23,30,23,14,12,9,6,10,21,19,12,7,5,4,4,4,4,3,5,4,4,4,3,5,4,4,4,4,5,4,4,4,4,5,4,5,4,4,5,4,5,4,4,4,4,5,4,4,4,4,5,3,4,4,4,4,3,5,4,4,4,3,4,4,4,4,4,4,4,4,4,4,4,4,5,4,4,5,4,5,4,4,4,4,5,4,4,4,4,5,3,4,4,4,4,3,4,4,4,4,4,4,4,4,4,4,4,4,4,4,4,4,4,5,,,,,,,,,,,,,,,,,,,,,,,,,,,,,,,,,,,,,,,,,,,,,,,,,,,,,,,,,,,,,,,,,,,,,,,,,,,,,,,,,,,,,,
87,318.0,1.0,4,4,5,5,4,4,4,5,4,4,4,4,5,4,4,4,4,5,4,4,3,4,5,4,4,3,4,5,4,4,3,4,5,4,4,3,4,5,4,4,3,4,5,4,4,4,4,5,4,4,4,4,5,4,4,4,4,5,5,4,4,4,5,5,4,4,4,5,5,4,4,4,4,5,4,4,5,4,5,4,4,5,4,5,4,4,5,4,5,4,4,5,4,5,4,4,5,4,5,4,4,5,4,5,4,4,5,4,5,4,4,5,4,5,4,4,5,4,5,4,4,5,4,5,4,4,4,4,5,4,4,4,4,5,4,4,4,4,5,4,4,5,4,5,4,4,5,4,5,4,4,5,4,5,4,4,5,4,5,4,4,5,4,5,4,4,5,4,4,4,4,5,4,4,4,4,5,4,4,4,4,5,4,4,3,4,5,4,4,3,4,5,4,4,3,4,5,4,4,3,4,5,7,4,6,3,3,3,3,3,3,3,3,13,6,4,4,4,4,4,4,5,5,4,4,4,4,4,4,5,4,4,4,4,5,3,4,4,4,4,4,4,4,4,4,4,4,4,4,4,4,4,4,4,4,4,4,4,4,4,4,3,4,4,4,4,3,4,4,4,3,3,3,3,3,3,3,3,3,3,3,3,2,3,3,3,3,2,2,3,3,2,2,2,2,2,2,2,2,2,2,2,2,2,2,2,2,2,2,2,2,2,2,2,2,2,2,2,,,,,,,,,,,,,,,,,,,,,,,,,,,,,,,,,,,,,,,,,,,,,,,,,,,,,,,,,,,,,,,,,,,,,,,,,,,,,,,,,,
88,318.0,6.0,4,4,3,4,5,4,3,4,4,5,4,4,4,4,4,4,4,4,4,4,4,4,4,4,4,3,4,4,4,4,3,4,4,4,4,3,4,4,4,4,3,5,4,4,4,3,5,4,4,4,3,5,4,4,4,3,5,4,4,4,3,5,4,4,4,4,5,4,4,4,4,5,4,4,4,4,5,4,4,4,4,5,4,5,4,4,5,4,5,4,4,5,4,5,4,4,5,4,5,4,4,5,4,5,4,4,5,4,5,4,4,5,4,5,4,4,4,4,6,4,4,4,4,5,4,4,4,4,5,4,4,4,4,5,4,4,4,4,5,4,4,4,4,5,4,4,4,4,4,4,4,4,4,4,3,4,4,4,4,3,4,4,4,4,3,4,4,4,4,3,4,4,4,4,3,4,4,4,4,3,4,4,4,4,3,5,4,4,4,3,5,4,4,4,3,5,4,4,4,3,6,6,14,24,20,23,14,12,9,6,10,18,16,9,6,5,4,4,4,4,4,4,4,4,4,4,5,4,4,4,4,5,4,4,4,4,5,4,4,4,4,5,4,5,4,4,5,4,5,4,4,5,4,5,4,4,4,4,5,4,4,4,4,5,4,4,4,4,5,3,4,4,4,5,3,4,4,4,4,3,4,4,4,4,3,4,4,4,4,3,4,4,4,4,3,4,4,4,4,3,4,4,4,4,3,4,4,4,4,3,4,4,4,4,3,4,4,4,,,,,,,,,,,,,,,,,,,,,,,,,,,,,,,,,,,,,,,,,,,,,,,,,,,,,,,,,,,,,,,,,,,,,,,,,,,,,,,,,,
89,318.0,10.0,4,4,3,4,5,4,3,4,4,5,4,4,4,4,4,4,4,4,4,4,4,4,4,4,4,4,4,4,4,4,3,4,4,4,4,3,5,4,4,4,3,5,4,4,4,3,5,4,4,4,3,5,4,4,4,3,5,4,4,4,3,5,4,4,4,4,5,4,4,4,4,5,4,4,4,4,5,4,5,4,4,5,4,5,4,4,5,4,5,4,4,5,4,5,4,4,5,4,5,4,4,5,4,5,4,4,5,4,5,4,4,4,4,6,4,4,4,4,5,4,4,4,4,5,4,4,4,4,5,4,4,4,4,5,4,4,4,4,5,4,4,4,4,5,4,4,4,4,4,4,4,4,4,4,3,4,4,4,4,3,4,4,4,4,3,4,4,4,4,3,5,4,4,4,3,5,4,4,4,3,5,4,4,4,3,5,4,4,4,3,5,4,4,4,3,5,4,4,4,3,5,6,16,26,29,23,13,11,8,4,12,20,17,9,6,5,5,4,4,4,4,4,4,4,4,4,5,4,4,4,4,5,4,4,4,4,5,4,5,4,4,5,4,5,4,4,5,4,5,4,4,4,4,5,4,4,4,4,5,4,4,4,4,5,3,4,4,4,5,3,4,4,4,4,3,4,4,4,4,3,4,4,4,4,3,4,4,4,4,3,4,4,4,4,4,4,4,4,4,4,4,4,4,4,4,4,4,4,4,4,4,4,4,4,4,4,4,5,,,,,,,,,,,,,,,,,,,,,,,,,,,,,,,,,,,,,,,,,,,,,,,,,,,,,,,,,,,,,,,,,,,,,,,,,,,,,,,,,,
90,322.0,1.0,4,4,4,4,4,4,4,5,4,4,4,4,5,4,4,4,4,5,4,5,4,4,5,4,5,4,4,4,4,5,4,4,4,4,5,4,4,4,4,5,4,4,5,4,5,4,4,5,4,5,4,4,5,4,5,4,4,5,4,5,4,4,5,4,5,4,4,5,4,5,4,4,5,4,5,4,4,5,4,5,4,4,5,4,5,4,4,4,4,5,4,4,4,4,4,4,4,4,4,4,4,4,4,5,4,4,4,4,5,4,4,4,4,5,4,4,3,4,5,4,4,3,4,5,4,4,3,4,5,4,4,3,4,5,4,4,3,4,5,4,4,3,4,5,4,4,4,4,5,4,4,4,4,5,4,5,4,4,5,4,5,4,4,5,4,5,4,4,5,4,5,4,4,5,4,5,4,4,5,4,5,4,4,4,4,5,4,4,4,4,5,4,4,4,4,5,4,4,5,4,5,4,4,5,6,14,9,4,3,3,3,3,3,3,3,11,9,5,3,4,4,4,4,4,4,4,4,4,4,4,5,4,4,4,4,4,4,5,4,4,4,4,4,4,4,4,4,4,4,4,4,4,4,4,4,4,4,4,4,3,4,4,4,4,4,4,4,4,4,3,4,4,4,3,3,3,3,3,3,3,2,3,3,3,3,2,3,3,3,3,2,2,3,3,3,2,2,2,2,2,2,2,2,2,2,2,2,2,2,2,2,2,2,2,2,2,2,2,2,2,2,2,,,,,,,,,,,,,,,,,,,,,,,,,,,,,,,,,,,,,,,,,,,,,,,,,,,,,,,,,,,,,,,,,,,,,,,,,,,,,,
91,322.0,6.0,4,4,3,4,5,4,3,4,4,5,4,4,4,4,5,4,4,4,4,5,4,4,4,4,5,4,4,4,4,6,4,4,4,4,5,4,4,4,4,5,4,4,5,4,5,4,4,5,4,5,4,4,5,4,5,4,4,5,4,5,4,4,5,4,5,4,4,5,4,5,4,4,5,4,4,4,4,5,4,4,4,4,5,4,4,4,4,5,4,4,4,4,5,4,4,4,4,5,4,4,4,4,5,4,4,4,4,5,4,4,4,3,5,4,4,4,3,5,4,4,4,3,5,4,4,4,3,5,4,4,4,3,5,4,4,4,3,4,4,4,4,3,4,4,4,4,3,4,4,4,4,3,4,4,4,4,3,4,4,4,4,3,4,4,4,4,3,4,4,4,4,4,4,4,4,5,4,4,4,4,5,4,4,4,4,5,4,4,4,4,5,4,4,4,4,5,4,4,4,4,6,4,4,5,8,18,28,24,15,13,11,8,5,19,18,14,7,6,4,5,4,4,4,4,5,4,4,4,4,5,4,4,4,4,5,4,4,4,4,5,4,4,4,4,5,4,4,4,4,5,4,4,4,4,5,4,4,4,4,4,4,4,4,4,4,4,4,4,4,4,4,4,4,4,4,4,4,4,4,4,4,4,4,4,4,4,4,4,4,4,4,4,4,4,4,4,4,4,3,4,4,4,4,3,4,4,4,4,3,4,4,4,4,3,4,4,4,4,3,4,4,4,,,,,,,,,,,,,,,,,,,,,,,,,,,,,,,,,,,,,,,,,,,,,,,,,,,,,,,,,,,,,,,,,,,,,,,,,,,,,,
92,322.0,10.0,4,4,3,4,5,4,3,5,4,5,4,4,4,4,5,4,4,4,4,5,4,4,4,4,6,4,4,4,4,5,4,4,4,4,5,4,4,4,4,5,4,4,4,4,5,4,4,5,4,5,4,4,5,4,5,4,4,5,4,5,4,4,5,4,5,4,4,5,4,5,4,4,5,4,5,4,4,5,4,4,4,4,5,4,4,4,4,5,4,4,4,4,5,4,4,4,4,5,4,4,4,4,5,4,4,4,3,5,4,4,4,3,5,4,4,4,3,5,4,4,4,3,5,4,4,4,3,5,4,4,4,3,5,4,4,4,3,5,4,4,4,3,5,4,4,4,3,4,4,4,4,3,4,4,4,4,3,4,4,4,4,3,4,4,4,4,3,4,4,4,4,4,4,4,4,4,4,4,4,4,5,4,4,4,4,5,4,4,4,4,5,4,4,4,4,5,4,4,4,4,5,4,4,5,8,19,33,23,15,13,10,7,6,22,20,14,7,6,4,5,4,4,4,4,5,4,4,4,4,5,4,4,4,4,5,4,4,4,4,5,4,4,4,4,5,4,4,4,4,5,4,4,4,4,5,4,4,4,4,5,4,4,4,4,5,4,4,4,4,5,4,4,4,4,5,4,4,4,4,5,4,5,4,4,4,4,5,4,4,4,4,5,4,4,4,4,5,4,4,4,4,5,4,4,4,4,5,4,4,4,4,5,4,4,4,4,5,4,4,4,4,5,,,,,,,,,,,,,,,,,,,,,,,,,,,,,,,,,,,,,,,,,,,,,,,,,,,,,,,,,,,,,,,,,,,,,,,,,,,,,,
93,327.0,1.0,4,4,4,4,4,4,4,4,4,5,4,4,4,4,5,4,4,5,4,5,4,4,5,4,5,4,4,4,4,4,4,4,4,4,4,4,3,4,5,4,4,3,4,5,4,4,4,4,5,4,5,4,4,4,4,5,4,4,5,4,5,4,4,5,4,5,4,4,5,4,4,4,4,4,4,4,4,4,4,5,4,4,3,4,5,4,4,3,4,5,4,4,4,4,5,4,5,4,4,4,4,5,4,4,5,4,5,4,4,5,4,5,4,4,5,4,5,4,4,4,4,4,4,4,4,4,4,4,3,4,5,4,4,3,4,5,4,4,4,4,5,4,5,4,4,4,4,5,4,4,4,4,5,4,4,5,4,5,4,4,5,4,5,4,4,4,4,4,4,4,4,4,4,4,3,4,5,4,4,3,4,5,4,4,4,4,5,4,5,4,4,5,4,5,4,4,4,4,5,4,4,5,4,5,4,4,5,5,10,7,5,3,3,3,3,3,3,3,3,14,6,4,4,4,4,4,4,4,5,4,5,4,4,4,4,4,4,4,4,4,4,4,4,4,4,4,5,3,4,4,4,4,4,4,4,4,4,4,4,4,4,4,4,3,4,4,4,4,4,4,4,4,4,3,4,4,4,4,3,2,4,4,3,3,3,3,3,3,3,3,2,3,3,3,3,2,3,3,3,2,2,2,2,2,2,2,2,2,2,2,2,2,2,2,2,2,2,2,2,2,2,2,2,2,2,2,2,,,,,,,,,,,,,,,,,,,,,,,,,,,,,,,,,,,,,,,,,,,,,,,,,,,,,,,,,,,,,,,,,,,,,,,,,
94,327.0,6.0,4,4,3,4,5,4,3,5,4,5,4,3,5,4,5,4,3,5,4,4,4,3,4,4,4,4,3,5,4,4,4,3,5,4,4,4,3,4,4,4,4,3,4,4,4,4,3,4,4,4,5,4,4,4,4,5,4,4,4,4,5,4,4,5,4,4,4,4,5,4,4,4,4,5,4,4,4,3,5,4,4,4,3,5,4,4,4,3,4,4,4,4,3,4,4,4,4,4,4,4,4,5,4,4,4,4,5,4,4,4,4,5,4,4,5,4,4,4,4,5,4,4,4,3,5,4,4,4,3,5,4,4,4,3,4,4,4,4,3,4,4,4,4,3,4,4,4,5,4,4,4,4,5,4,4,4,4,5,4,4,5,4,4,4,4,5,4,4,4,4,5,4,4,4,3,5,4,4,4,3,4,4,4,4,3,4,4,4,4,3,4,4,4,5,4,4,4,4,5,4,4,4,4,5,4,4,5,7,16,21,25,22,14,11,9,6,11,18,16,9,6,5,5,4,4,4,3,4,4,4,4,3,4,4,4,4,3,4,4,4,5,3,4,4,4,5,4,4,4,4,5,4,4,4,4,4,4,4,5,4,4,4,4,4,4,4,4,4,4,4,4,4,4,4,4,4,4,4,4,4,4,4,3,4,4,4,4,3,4,4,4,4,3,4,4,4,5,3,4,4,4,5,3,4,4,4,5,4,4,4,4,5,4,4,4,4,4,4,3,4,4,4,4,3,4,4,4,,,,,,,,,,,,,,,,,,,,,,,,,,,,,,,,,,,,,,,,,,,,,,,,,,,,,,,,,,,,,,,,,,,,,,,,,
95,327.0,10.0,4,4,4,4,5,4,4,5,4,5,4,3,5,4,5,4,3,5,4,4,4,3,4,4,4,4,3,5,4,4,4,3,5,4,4,4,3,4,4,4,4,3,4,4,4,4,4,4,4,4,5,4,4,4,4,5,4,4,4,4,5,4,4,5,4,5,4,4,5,4,4,4,4,5,4,4,4,3,5,4,4,4,3,5,4,4,4,3,4,4,4,4,3,4,4,4,4,4,4,4,4,5,4,4,4,4,5,4,4,4,4,5,4,4,5,4,4,4,4,5,4,4,4,4,5,4,4,4,3,5,4,4,4,3,5,4,4,4,3,4,4,4,4,3,4,4,4,5,4,4,4,4,5,4,4,4,4,5,4,4,5,4,5,4,4,5,4,4,4,4,5,4,4,4,3,5,4,4,4,3,5,4,4,4,3,4,4,4,4,3,4,4,4,5,4,4,4,4,5,4,4,4,4,5,4,4,5,7,17,30,25,22,13,10,7,3,12,20,17,10,6,5,5,4,4,4,3,4,4,4,4,3,4,4,4,5,3,4,4,4,5,3,4,4,4,6,4,4,4,4,5,4,4,4,4,5,4,4,5,4,4,4,4,5,4,4,4,4,5,4,4,4,4,4,4,4,4,4,4,4,4,4,4,4,4,4,4,3,4,4,4,4,3,4,4,4,4,3,4,4,4,4,3,4,4,4,5,3,4,4,4,5,4,4,4,4,5,4,4,4,4,5,4,4,4,4,4,,,,,,,,,,,,,,,,,,,,,,,,,,,,,,,,,,,,,,,,,,,,,,,,,,,,,,,,,,,,,,,,,,,,,,,,,
96,331.0,1.0,4,4,4,4,4,4,4,4,4,5,4,4,5,4,5,4,4,4,4,4,4,4,4,4,4,4,3,4,5,4,4,4,4,5,4,5,4,4,5,4,5,4,4,5,4,4,4,4,4,4,4,4,3,4,5,4,4,3,4,5,4,5,4,4,4,4,5,4,4,5,4,5,4,4,4,4,4,4,4,4,4,4,4,3,4,5,4,4,2,4,5,4,5,4,4,4,4,5,4,4,5,4,5,4,4,4,4,4,4,4,4,4,4,4,3,4,5,4,4,4,4,5,4,5,4,4,4,4,5,4,4,5,4,5,4,4,4,4,4,4,4,4,4,4,4,3,4,5,4,4,4,4,5,4,5,4,4,5,4,5,4,4,5,4,4,4,4,4,4,4,4,4,4,5,4,4,3,4,5,4,5,4,4,5,4,5,4,4,5,4,5,4,4,5,4,4,4,4,4,4,4,4,3,4,5,4,4,3,4,5,6,10,8,3,3,3,3,3,3,3,3,9,10,5,4,4,4,4,4,4,4,4,4,5,4,4,4,4,4,4,4,4,4,4,4,4,4,4,4,5,3,4,4,4,4,4,4,4,4,4,4,4,4,4,4,4,4,4,4,4,4,3,4,4,4,4,3,3,4,4,4,3,3,3,4,3,3,3,3,3,3,3,3,2,3,3,3,3,2,2,3,3,3,2,2,2,2,2,2,2,2,2,2,2,2,2,2,2,2,2,2,2,2,2,2,2,2,2,2,2,2,,,,,,,,,,,,,,,,,,,,,,,,,,,,,,,,,,,,,,,,,,,,,,,,,,,,,,,,,,,,,,,,,,,,,
97,331.0,6.0,4,4,3,4,5,4,4,4,4,4,4,3,4,4,4,4,3,5,4,4,4,3,4,4,4,4,3,4,4,4,4,4,4,4,4,6,4,4,4,4,4,4,4,5,4,4,4,3,5,4,4,4,3,4,4,4,4,3,4,4,4,4,4,4,4,4,6,4,4,4,4,4,4,4,5,4,4,4,4,5,4,4,4,3,4,4,4,4,3,4,4,4,4,4,4,4,4,5,4,4,4,4,4,4,4,5,4,4,4,4,5,4,4,4,3,4,4,4,4,3,4,4,4,5,4,4,4,4,5,4,4,5,4,4,4,4,5,4,4,4,3,5,4,4,4,3,4,4,4,4,3,4,4,4,5,4,4,4,4,5,4,4,5,4,4,4,4,5,4,4,4,3,5,4,4,4,3,4,4,4,4,3,4,4,4,5,4,4,4,4,5,4,4,5,4,4,4,4,5,4,4,4,3,5,4,4,4,3,5,5,10,15,28,22,15,13,10,8,4,18,17,14,7,6,4,5,4,4,4,4,5,4,4,4,3,5,4,4,4,3,4,4,4,5,3,4,4,4,5,4,4,4,4,4,4,4,5,4,4,4,4,4,4,4,4,4,4,4,4,4,3,4,4,4,4,3,4,4,4,5,3,4,4,4,5,4,4,4,4,4,4,4,4,4,4,4,4,4,4,4,4,4,4,4,4,4,3,4,4,4,4,3,4,4,4,5,3,4,4,4,5,3,4,4,4,4,4,3,4,4,4,,,,,,,,,,,,,,,,,,,,,,,,,,,,,,,,,,,,,,,,,,,,,,,,,,,,,,,,,,,,,,,,,,,,,
98,331.0,10.0,4,4,4,4,5,4,4,4,4,4,4,3,5,4,4,4,3,5,4,4,4,3,4,4,4,4,4,4,4,4,5,4,4,4,4,5,4,4,4,4,5,4,4,5,4,4,4,3,5,4,4,4,3,5,4,4,4,3,4,4,4,4,4,4,4,4,5,4,4,4,4,5,4,4,5,4,4,4,4,5,4,4,4,3,5,4,4,4,3,4,4,4,4,4,4,4,4,5,4,4,4,4,5,4,4,5,4,4,4,4,5,4,4,4,3,5,4,4,4,3,4,4,4,4,4,4,4,4,6,4,4,4,4,5,4,4,5,4,4,4,3,5,4,4,4,3,5,4,4,4,3,4,4,4,5,4,4,4,4,5,4,4,4,4,4,4,4,5,4,4,4,3,5,4,4,4,3,4,4,4,4,3,4,4,4,5,4,4,4,4,5,4,4,5,4,4,4,4,5,4,4,4,3,5,4,4,4,3,5,5,10,19,28,22,14,12,9,6,7,21,20,15,7,6,4,5,4,4,4,4,4,4,4,4,3,5,4,4,4,3,4,4,4,5,3,4,4,4,5,4,4,4,4,5,4,4,5,4,4,4,4,5,4,4,4,4,4,4,4,4,3,4,4,4,4,3,4,4,4,4,3,4,4,4,5,4,4,4,4,5,4,4,4,4,4,4,4,4,4,4,4,4,4,4,4,4,4,4,4,4,4,3,4,4,4,4,3,4,4,4,5,3,4,4,4,5,4,4,4,4,4,,,,,,,,,,,,,,,,,,,,,,,,,,,,,,,,,,,,,,,,,,,,,,,,,,,,,,,,,,,,,,,,,,,,,
99,335.0,1.0,4,4,4,4,5,4,4,5,4,5,4,4,4,4,4,4,4,4,4,4,4,3,4,5,4,5,4,4,5,4,5,4,4,4,4,4,4,4,4,4,4,4,3,4,5,4,5,4,4,4,4,5,4,4,5,4,4,4,4,4,4,4,4,3,4,5,4,5,4,4,4,4,5,4,4,5,4,4,4,4,4,4,4,4,3,4,5,4,4,4,4,5,4,5,4,4,5,4,5,4,4,4,4,4,4,4,4,5,4,4,2,4,5,4,5,4,4,5,4,5,4,4,4,4,4,4,4,4,4,4,4,3,4,5,4,5,4,4,4,4,5,4,4,5,4,4,4,4,4,4,4,4,3,4,5,4,5,4,4,4,4,5,4,4,5,4,4,4,4,4,4,4,4,3,4,5,4,4,4,4,5,4,5,4,4,5,4,5,4,4,4,4,4,4,4,4,5,4,4,4,4,5,4,5,4,4,5,4,5,4,4,5,5,8,6,6,3,3,3,3,3,3,3,3,14,4,5,4,4,4,4,3,4,4,4,4,4,4,4,4,4,4,3,4,4,4,4,4,4,4,4,4,5,3,4,4,4,4,4,4,4,4,4,4,3,4,4,4,4,4,4,4,4,4,4,4,4,4,4,4,3,4,4,4,3,3,3,4,4,3,3,2,3,3,3,3,3,2,3,3,3,3,2,3,3,3,3,2,2,2,2,2,2,2,2,2,2,2,2,2,2,2,2,2,2,2,2,2,2,2,2,2,2,2,2,,,,,,,,,,,,,,,,,,,,,,,,,,,,,,,,,,,,,,,,,,,,,,,,,,,,,,,,,,,,,,,,,
100,335.0,6.0,4,4,3,4,5,4,4,4,4,4,4,3,4,4,4,4,3,4,4,4,4,4,4,4,4,5,4,4,4,4,4,4,4,4,4,4,4,3,4,4,4,4,3,4,4,4,5,4,4,4,4,5,4,4,5,4,4,4,3,5,4,4,4,3,4,4,4,4,3,4,4,4,5,4,4,5,4,4,4,4,4,4,4,4,3,4,4,4,4,3,4,4,4,5,4,4,4,4,4,4,4,5,4,4,4,3,5,4,4,4,3,4,4,4,5,4,4,4,4,5,4,4,5,4,4,4,3,5,4,4,4,3,4,4,4,4,3,4,4,4,5,4,4,5,4,4,4,4,5,4,4,4,3,4,4,4,4,3,4,4,4,6,4,4,4,4,4,4,4,5,4,4,4,3,4,4,4,4,3,4,4,4,5,4,4,4,4,4,4,4,5,4,4,4,3,5,4,4,4,3,4,4,4,4,4,4,4,4,5,4,4,5,6,17,23,18,22,14,12,9,7,8,18,17,12,7,5,3,4,4,4,4,4,5,4,4,4,4,4,4,4,4,3,4,4,4,4,3,4,4,4,5,4,4,4,4,4,4,4,4,4,4,4,4,4,4,4,4,3,4,4,4,5,3,4,4,4,5,4,4,4,4,4,4,4,4,4,4,4,4,4,4,4,4,3,4,4,4,5,3,4,4,4,5,4,4,4,4,4,4,4,4,4,4,4,3,4,4,4,4,3,4,4,4,4,3,4,4,4,4,3,3,4,4,4,,,,,,,,,,,,,,,,,,,,,,,,,,,,,,,,,,,,,,,,,,,,,,,,,,,,,,,,,,,,,,,,,
101,335.0,10.0,4,4,4,4,5,4,4,4,4,4,4,3,4,4,4,4,4,4,4,4,4,4,4,4,4,6,4,4,5,4,4,4,3,5,4,4,4,3,4,4,4,4,3,4,4,4,5,4,4,4,4,5,4,4,5,4,4,4,3,5,4,4,4,3,4,4,4,4,3,4,4,4,5,4,4,4,4,4,4,4,5,4,4,4,3,4,4,4,4,3,4,4,4,5,4,4,4,4,4,4,4,5,4,4,4,3,5,4,4,4,3,4,4,4,5,4,4,4,4,5,4,4,5,4,4,4,3,5,4,4,4,3,4,4,4,4,3,4,4,4,5,4,4,4,4,4,4,4,5,4,4,4,3,4,4,4,4,3,4,4,4,5,4,4,4,4,4,4,4,5,4,4,4,3,5,4,4,4,3,4,4,4,5,4,4,4,4,5,4,4,5,4,4,4,3,5,4,4,4,3,4,4,4,4,4,4,4,4,5,4,4,5,7,17,24,26,21,14,11,8,4,10,21,18,12,7,5,3,4,4,4,4,4,5,4,4,4,4,4,4,4,4,3,4,4,4,4,3,4,4,4,5,4,4,4,4,4,4,4,5,4,4,4,4,4,4,4,4,3,4,4,4,4,3,4,4,4,5,4,4,4,4,4,4,4,4,4,4,4,4,4,4,4,4,3,4,4,4,4,3,4,4,4,5,4,4,4,4,4,4,4,4,4,4,4,4,4,4,4,4,3,4,4,4,4,3,4,4,4,4,4,4,4,4,4,,,,,,,,,,,,,,,,,,,,,,,,,,,,,,,,,,,,,,,,,,,,,,,,,,,,,,,,,,,,,,,,,
102,339.0,1.0,4,4,4,4,5,4,4,4,4,5,4,4,4,4,4,4,3,4,5,4,5,4,4,5,4,5,4,4,4,4,4,4,3,4,5,4,5,4,4,4,4,5,4,4,4,4,4,4,4,4,5,4,4,4,4,5,4,5,4,4,5,4,4,4,4,4,4,4,4,3,4,5,4,5,4,4,5,4,4,4,4,4,4,4,4,3,4,5,4,5,4,4,4,4,5,4,4,4,4,4,4,4,4,4,4,4,4,4,5,4,5,4,4,5,4,4,4,4,4,4,4,4,3,4,5,4,5,4,4,5,4,5,4,4,4,4,4,4,3,4,5,4,4,4,4,4,4,5,4,4,4,4,4,4,4,4,4,4,4,4,4,5,4,5,4,4,5,4,4,4,4,4,4,4,4,3,4,5,4,5,4,4,5,4,5,4,4,4,4,4,4,4,4,5,4,4,4,4,4,4,5,4,4,5,4,4,4,4,4,4,4,4,3,4,5,6,11,8,3,3,3,3,3,3,3,3,3,14,6,4,4,4,4,5,4,4,4,4,4,4,4,4,4,4,5,4,4,4,4,4,4,4,4,4,4,5,3,4,4,4,4,4,4,4,4,4,4,3,4,4,4,4,4,4,4,4,4,4,3,4,4,4,4,3,4,4,4,4,3,2,4,4,4,3,3,3,3,3,3,3,2,3,3,3,3,2,2,3,3,3,2,2,2,2,3,2,2,2,2,2,2,2,2,2,2,2,2,2,2,2,2,2,2,2,2,2,2,2,2,,,,,,,,,,,,,,,,,,,,,,,,,,,,,,,,,,,,,,,,,,,,,,,,,,,,,,,,,,,,,
103,339.0,6.0,4,4,3,4,5,4,4,4,4,4,4,3,4,4,4,4,4,4,4,4,5,4,4,5,4,4,4,3,5,4,4,4,3,4,4,4,4,4,4,4,4,4,4,4,5,4,4,4,3,4,4,4,4,3,4,4,4,5,4,4,5,4,4,4,3,5,4,4,4,3,4,4,4,5,4,4,4,4,4,4,4,4,4,4,4,3,4,4,4,4,3,4,4,4,5,4,4,5,4,4,4,3,5,4,4,4,3,4,4,4,5,4,4,4,4,4,4,4,5,4,4,4,3,4,4,4,4,3,4,4,4,4,4,4,5,4,4,4,3,4,4,4,4,3,4,4,4,5,4,4,5,4,4,4,3,5,4,4,4,3,4,4,4,5,4,4,4,4,4,4,4,5,4,4,4,3,4,4,4,4,3,4,4,4,5,4,4,5,4,4,4,3,4,4,4,4,3,4,4,4,5,4,4,5,4,4,4,4,5,4,4,4,3,5,5,9,18,28,23,15,13,11,8,5,11,18,16,10,6,5,4,4,4,5,3,4,4,4,4,4,4,5,4,4,4,4,5,4,4,4,3,4,4,4,5,4,4,4,4,4,4,4,4,4,4,4,3,4,4,4,4,3,4,4,4,4,4,4,4,4,4,4,4,4,4,4,4,3,4,4,4,5,3,4,4,4,4,4,4,4,4,4,4,4,4,4,4,4,3,4,4,4,5,3,4,4,4,4,4,3,4,4,4,4,3,4,4,4,4,3,4,4,4,5,3,3,4,4,4,,,,,,,,,,,,,,,,,,,,,,,,,,,,,,,,,,,,,,,,,,,,,,,,,,,,,,,,,,,,,
104,339.0,10.0,4,4,4,4,5,4,4,4,4,4,4,4,4,4,4,4,4,4,4,4,5,4,4,5,4,4,4,3,5,4,4,4,3,4,4,4,5,4,4,4,4,4,4,4,5,4,4,4,3,4,4,4,4,3,4,4,4,5,4,4,5,4,4,4,3,5,4,4,4,3,4,4,4,5,4,4,4,4,4,4,4,5,4,4,4,3,4,4,4,4,3,4,4,4,5,4,4,5,4,4,4,3,5,4,4,4,3,4,4,4,5,4,4,4,4,4,4,4,5,4,4,4,3,4,4,4,4,3,4,4,4,5,4,4,5,4,4,4,3,5,4,4,4,3,4,4,4,5,4,4,4,4,4,4,4,5,4,4,4,3,4,4,4,5,4,4,4,4,4,4,4,5,4,4,4,3,4,4,4,4,3,4,4,4,5,4,4,5,4,4,4,3,5,4,4,4,3,4,4,4,5,4,4,4,4,4,4,4,5,4,4,4,3,5,5,9,18,31,22,15,12,10,7,3,12,19,17,10,6,5,4,4,4,5,3,4,4,4,4,4,4,5,4,4,4,4,5,4,4,4,3,4,4,4,5,4,4,4,4,4,4,4,4,4,4,4,3,5,4,4,4,3,4,4,4,5,4,4,4,4,4,4,4,4,4,4,4,3,4,4,4,4,3,4,4,4,5,4,4,4,4,4,4,4,4,4,4,4,3,4,4,4,5,3,4,4,4,4,4,4,4,4,4,4,4,4,4,4,4,3,4,4,4,5,3,4,4,4,4,,,,,,,,,,,,,,,,,,,,,,,,,,,,,,,,,,,,,,,,,,,,,,,,,,,,,,,,,,,,,
105,343.0,1.0,4,4,4,4,5,4,3,4,4,4,4,3,4,4,4,4,4,4,4,4,5,4,4,4,4,4,4,3,4,5,4,5,4,4,5,4,4,4,4,4,4,4,4,3,4,5,4,5,4,4,5,4,4,4,4,4,4,4,4,4,4,4,4,5,4,4,4,4,4,4,4,4,5,4,4,4,4,4,4,5,4,4,4,4,4,4,3,4,5,4,5,4,4,5,4,4,4,4,4,4,4,4,3,4,5,4,5,4,4,5,4,4,4,4,4,4,4,4,3,4,5,4,5,4,4,4,4,4,4,4,4,4,4,4,4,4,4,4,5,4,4,4,4,4,4,3,4,5,4,5,4,4,5,4,4,4,4,4,4,4,4,3,4,5,4,5,4,4,5,4,4,4,4,4,4,4,4,3,4,5,4,5,4,4,5,4,4,4,4,4,4,4,4,4,4,5,4,5,4,4,4,4,4,4,4,4,5,4,4,4,4,4,4,5,4,4,4,5,7,4,6,3,3,3,3,3,3,3,3,4,10,5,4,4,4,4,4,4,4,4,4,4,4,4,4,4,4,5,4,4,4,4,4,4,4,4,4,4,5,3,4,4,4,4,4,4,4,4,4,4,2,4,4,4,4,4,4,4,4,4,4,4,4,4,4,4,3,3,4,4,4,3,3,4,4,4,3,3,2,3,3,3,3,3,3,3,3,3,3,2,3,3,3,3,2,2,2,3,2,2,2,2,2,2,2,2,2,2,2,2,2,2,2,2,2,2,2,2,2,2,2,2,2,,,,,,,,,,,,,,,,,,,,,,,,,,,,,,,,,,,,,,,,,,,,,,,,,,,,,,,,,
106,343.0,6.0,4,4,4,4,4,4,4,4,4,4,4,4,4,4,4,5,4,4,4,4,4,4,3,5,4,4,4,3,4,4,4,5,4,4,4,4,4,4,3,5,4,4,4,3,4,4,4,5,4,4,5,4,4,4,3,4,4,4,4,3,4,4,4,5,4,4,5,4,4,4,3,4,4,4,4,3,4,4,4,4,4,4,5,4,4,4,3,4,4,4,4,3,4,4,4,4,4,4,4,4,4,4,3,4,4,4,5,4,4,4,4,4,4,4,5,4,4,4,3,4,4,4,6,4,4,5,4,4,4,3,5,4,4,4,3,4,4,4,5,4,4,5,4,4,4,3,4,4,4,4,3,4,4,4,4,4,4,5,4,4,4,3,4,4,4,4,3,4,4,4,4,4,4,5,4,4,4,3,4,4,4,5,4,4,4,4,4,4,3,5,4,4,4,3,4,4,4,5,4,4,5,4,4,4,3,4,4,4,4,3,4,4,4,5,4,4,5,6,15,23,21,21,14,12,10,7,3,18,17,14,7,6,4,4,4,4,4,3,4,4,4,5,4,4,4,4,4,4,4,5,4,4,4,3,4,4,4,5,4,4,4,4,4,4,4,4,4,4,4,3,4,4,4,5,3,4,4,4,4,4,4,4,4,4,4,3,4,4,4,5,3,4,4,4,4,4,4,4,4,4,4,3,4,4,4,5,3,4,4,4,4,4,4,4,4,4,4,3,4,4,4,5,3,3,4,4,4,4,3,4,4,4,4,3,4,4,4,5,3,3,4,4,4,,,,,,,,,,,,,,,,,,,,,,,,,,,,,,,,,,,,,,,,,,,,,,,,,,,,,,,,,
107,343.0,10.0,4,4,4,4,4,4,4,4,4,4,4,4,4,4,4,5,4,4,5,4,4,4,3,5,4,4,4,3,4,4,4,5,4,4,4,4,4,4,3,5,4,4,4,3,4,4,4,5,4,4,5,4,4,4,3,5,4,4,4,3,4,4,4,5,4,4,5,4,4,4,3,4,4,4,4,3,4,4,4,5,4,4,5,4,4,4,3,4,4,4,4,3,4,4,4,4,4,4,5,4,4,4,3,4,4,4,5,4,4,4,4,4,4,4,5,4,4,4,3,4,4,4,5,4,4,4,4,4,4,3,5,4,4,4,3,4,4,4,5,4,4,5,4,4,4,3,5,4,4,4,3,4,4,4,5,4,4,5,4,4,4,3,4,4,4,4,3,4,4,4,4,4,4,5,4,4,4,3,4,4,4,5,4,4,4,4,4,4,4,5,4,4,4,3,4,4,4,5,4,4,4,4,4,4,3,5,4,4,4,3,4,4,4,5,4,4,5,6,18,25,28,21,14,11,8,5,8,20,20,15,7,6,4,4,4,4,4,3,4,4,4,5,4,4,4,4,4,4,4,5,4,4,4,3,4,4,4,5,4,4,4,4,4,4,4,4,4,4,4,3,4,4,4,5,3,4,4,4,4,4,4,4,4,4,4,3,4,4,4,5,3,4,4,4,4,4,4,4,4,4,4,3,4,4,4,5,3,4,4,4,4,4,4,4,4,4,4,3,4,4,4,5,3,4,4,4,4,4,4,4,4,4,4,3,4,4,4,5,3,4,4,4,4,,,,,,,,,,,,,,,,,,,,,,,,,,,,,,,,,,,,,,,,,,,,,,,,,,,,,,,,,
108,347.0,1.0,4,4,4,4,5,4,3,4,4,4,4,2,4,5,4,5,4,4,5,4,4,4,4,4,4,4,4,4,4,5,4,4,4,4,4,4,4,4,2,4,4,4,5,4,4,4,4,4,4,3,4,5,4,5,4,4,5,4,4,4,4,4,4,4,4,4,4,5,4,4,4,4,4,4,4,4,3,4,5,4,5,4,4,4,4,4,4,3,4,5,4,5,4,4,5,4,4,4,4,4,4,4,4,4,4,4,4,4,4,4,4,4,4,4,3,4,5,4,5,4,4,4,4,4,4,3,4,5,4,5,4,4,5,4,4,4,4,4,4,4,4,4,4,4,4,5,4,4,4,4,4,4,3,4,5,4,5,4,4,4,4,4,4,4,4,5,4,5,4,4,5,4,4,4,4,4,4,4,4,2,4,4,4,5,4,4,4,4,4,4,3,4,5,4,5,4,4,5,4,4,4,4,4,4,4,4,4,4,5,4,4,4,4,4,4,4,4,3,4,5,5,12,8,5,3,3,3,3,3,3,3,3,14,3,5,4,4,4,4,4,4,4,4,4,4,3,4,4,4,4,4,4,4,4,4,4,4,4,4,4,4,4,3,4,4,4,4,4,4,4,4,4,4,4,4,4,4,4,4,3,4,4,4,4,3,4,4,4,4,3,4,4,4,4,4,3,3,4,4,4,3,3,3,3,3,3,3,2,3,3,3,3,2,2,3,3,3,3,2,2,2,3,2,2,2,2,2,2,2,2,2,2,2,2,2,2,2,2,2,2,2,2,2,2,2,2,2,,,,,,,,,,,,,,,,,,,,,,,,,,,,,,,,,,,,,,,,,,,,,,,,,,,,,
109,347.0,6.0,4,4,4,4,4,4,4,4,4,4,4,4,4,4,4,5,4,3,4,4,4,4,3,4,4,4,5,4,4,4,4,4,4,3,4,4,4,4,3,4,4,4,4,4,4,4,4,4,4,3,4,4,4,5,4,4,5,4,4,4,3,4,4,4,4,3,4,4,4,4,4,4,5,4,4,4,3,4,4,4,5,4,4,5,4,4,4,3,4,4,4,5,4,4,4,4,4,4,3,4,4,4,4,3,4,4,4,4,4,4,4,4,4,4,3,4,4,4,5,4,4,5,4,4,4,3,4,4,4,4,3,4,4,4,4,4,4,5,4,4,4,3,4,4,4,4,4,4,5,4,4,4,3,4,4,4,5,4,4,4,4,4,4,3,4,4,4,4,3,4,4,4,4,4,4,5,4,4,4,3,4,4,4,5,4,4,5,4,4,4,3,4,4,4,5,4,4,4,4,4,4,3,4,4,4,4,3,4,4,4,4,4,4,4,4,4,4,3,5,5,8,17,25,23,22,14,11,9,6,8,18,17,12,7,5,4,5,4,4,4,4,4,4,4,4,3,4,4,4,4,4,4,4,4,4,4,3,4,4,4,5,3,4,5,4,4,4,4,4,4,4,4,3,4,4,4,4,4,4,4,4,4,4,3,4,4,4,5,3,4,4,4,4,4,4,4,4,4,4,3,4,4,4,4,4,4,4,4,4,4,3,4,4,4,5,3,4,4,4,4,4,4,4,4,4,4,3,4,4,4,4,4,3,4,4,4,4,3,4,4,4,4,3,3,4,4,4,,,,,,,,,,,,,,,,,,,,,,,,,,,,,,,,,,,,,,,,,,,,,,,,,,,,,
110,347.0,10.0,4,4,4,4,4,4,4,4,4,4,4,4,4,4,4,5,4,3,4,4,4,4,3,4,4,4,5,4,4,4,4,4,4,3,4,4,4,4,3,4,4,4,4,4,4,4,4,4,4,3,4,4,4,5,4,4,5,4,4,4,3,4,4,4,4,3,4,4,4,4,4,4,5,4,4,4,3,4,4,4,5,4,4,5,4,4,4,3,4,4,4,5,4,4,4,4,4,4,3,5,4,4,4,3,4,4,4,4,4,4,5,4,4,4,3,4,4,4,5,4,4,4,4,4,4,3,4,4,4,4,3,4,4,4,4,4,4,5,4,4,4,3,4,4,4,5,4,4,5,4,4,4,3,4,4,4,5,4,4,4,4,4,4,3,5,4,4,4,3,4,4,4,4,4,4,5,4,4,4,3,4,4,4,5,4,4,5,4,4,4,3,4,4,4,4,3,4,4,4,4,4,3,5,4,4,4,3,4,4,4,4,4,4,5,4,4,4,3,5,5,8,18,32,23,21,13,10,7,4,10,20,18,12,7,5,4,5,4,4,4,3,4,4,4,4,3,4,4,4,4,4,4,4,4,4,4,3,4,4,4,5,4,4,4,4,4,4,4,5,4,4,4,3,4,4,4,4,4,4,4,4,4,4,3,4,4,4,5,3,4,4,4,4,4,4,4,4,4,4,3,4,4,4,4,4,4,4,4,4,4,3,4,4,4,5,3,4,4,4,4,4,4,4,4,4,4,3,4,4,4,5,4,4,4,4,4,4,4,4,4,4,4,3,4,4,4,4,,,,,,,,,,,,,,,,,,,,,,,,,,,,,,,,,,,,,,,,,,,,,,,,,,,,,
111,351.0,1.0,4,4,4,4,5,4,3,4,4,4,4,4,4,4,4,5,4,4,4,4,4,4,3,4,4,4,5,4,4,4,4,4,4,3,4,5,4,5,4,4,4,4,4,4,3,4,5,4,5,4,4,4,4,4,4,3,4,5,4,5,4,4,4,4,4,4,3,4,5,4,5,4,4,4,4,4,4,3,4,5,4,5,4,4,4,4,4,4,3,4,5,4,5,4,4,4,4,4,4,3,4,5,4,5,4,4,4,4,4,4,3,4,5,4,5,4,4,5,4,4,4,4,4,5,4,5,4,4,5,4,4,4,4,4,4,4,5,4,4,5,4,4,4,4,4,4,4,4,4,4,5,4,4,4,4,4,4,4,4,4,4,5,4,4,4,4,4,4,4,4,4,4,5,4,4,4,4,4,4,4,4,4,4,4,4,4,4,4,4,4,4,4,4,4,4,4,4,4,4,4,4,4,4,2,4,4,4,4,4,4,4,4,4,4,3,4,4,4,5,4,4,4,5,7,3,6,3,3,3,3,3,3,3,3,3,12,6,5,4,4,4,4,3,4,4,4,4,5,4,4,4,4,4,4,4,4,4,4,4,4,4,4,4,4,4,3,4,4,4,4,4,4,4,4,4,4,4,4,4,4,4,4,3,4,4,4,4,4,3,4,4,4,4,3,4,4,4,4,3,2,4,4,4,3,3,2,3,3,3,3,3,3,3,3,3,3,2,2,3,3,3,2,2,2,3,3,2,2,2,2,2,2,2,2,2,2,2,2,2,2,2,2,2,2,2,2,2,2,2,2,2,,,,,,,,,,,,,,,,,,,,,,,,,,,,,,,,,,,,,,,,,,,,,,,,,
112,351.0,6.0,4,4,4,4,4,4,4,4,4,4,4,4,4,4,4,4,4,3,4,4,4,4,3,4,4,4,4,4,3,4,4,4,4,3,4,4,4,4,4,4,5,4,4,4,3,4,4,4,4,4,4,4,4,4,4,3,4,4,4,5,4,4,5,4,4,4,3,4,4,4,5,4,4,5,4,4,4,3,4,4,4,5,4,4,5,4,4,4,3,4,4,4,5,4,4,5,4,4,4,3,4,4,4,5,4,4,4,4,4,4,3,4,4,4,4,3,4,4,4,4,4,3,4,4,4,4,3,4,4,4,4,4,3,4,4,4,4,3,4,4,4,4,4,3,4,4,4,4,3,4,4,4,4,4,3,5,4,4,4,3,4,4,4,4,4,4,5,4,4,4,3,4,4,4,4,4,4,5,4,4,4,3,4,4,4,4,4,4,5,4,4,4,3,4,4,4,4,4,4,5,4,4,4,3,4,4,4,4,4,4,4,4,4,4,3,4,4,4,5,4,4,5,6,12,21,25,21,14,12,10,8,4,11,17,16,10,7,5,4,4,4,4,4,4,4,4,4,4,3,4,4,4,4,4,4,5,4,4,4,3,4,4,4,5,3,4,5,4,4,4,3,4,4,4,5,3,4,4,4,4,4,4,4,4,4,4,3,4,4,4,4,4,4,4,4,4,4,3,4,4,4,4,4,4,4,4,4,4,3,4,4,4,4,4,4,4,4,4,4,3,4,4,4,4,3,4,4,4,4,4,3,4,4,4,4,3,3,4,4,4,4,3,4,4,4,5,3,3,4,4,4,,,,,,,,,,,,,,,,,,,,,,,,,,,,,,,,,,,,,,,,,,,,,,,,,
113,351.0,10.0,4,4,4,4,4,4,4,4,4,4,4,4,3,5,4,4,4,3,4,4,4,4,4,4,4,4,4,4,3,5,4,4,4,3,4,4,4,4,4,3,5,4,4,4,3,4,4,4,4,4,4,4,4,4,4,3,4,4,4,5,4,4,5,4,4,4,3,4,4,4,5,4,4,5,4,4,4,3,4,4,4,5,4,4,5,4,4,4,3,4,4,4,5,4,4,4,4,4,4,3,4,4,4,5,4,4,4,4,4,4,3,4,4,4,4,3,4,4,4,4,4,3,4,4,4,4,3,4,4,4,4,4,3,5,4,4,4,3,4,4,4,4,4,3,5,4,4,4,3,4,4,4,4,4,4,5,4,4,4,3,4,4,4,4,4,4,5,4,4,4,3,4,4,4,4,4,4,5,4,4,4,3,4,4,4,4,4,4,5,4,4,4,3,4,4,4,5,4,4,5,4,4,4,3,4,4,4,5,4,4,5,4,4,4,3,4,4,4,5,4,4,5,6,13,24,22,21,14,12,9,6,3,21,19,17,10,7,5,4,4,4,4,4,4,4,4,4,4,3,4,4,4,4,4,4,5,4,4,4,3,4,4,4,5,3,4,5,4,4,4,3,4,4,4,5,3,4,4,4,4,4,4,5,4,4,4,3,4,4,4,4,4,4,4,4,4,4,3,4,4,4,4,4,4,4,4,4,4,3,4,4,4,5,4,4,4,4,4,4,3,4,4,4,5,3,4,4,4,4,4,4,4,4,4,4,3,4,4,4,4,4,4,4,4,4,4,3,4,4,4,4,,,,,,,,,,,,,,,,,,,,,,,,,,,,,,,,,,,,,,,,,,,,,,,,,
114,355.0,1.0,4,4,4,4,5,4,4,4,4,4,4,4,4,5,4,4,4,4,4,4,4,4,4,4,5,4,4,4,3,4,5,4,5,4,4,4,4,4,4,3,4,5,4,5,4,4,4,4,4,4,3,4,4,4,4,4,4,4,4,4,4,4,4,5,4,4,4,4,4,4,4,5,4,4,5,4,4,4,4,4,5,4,5,4,4,4,4,4,4,3,4,5,4,5,4,4,4,4,4,4,3,4,5,4,4,4,4,4,4,4,4,3,4,4,4,4,4,4,4,4,4,4,4,4,5,4,4,4,4,4,4,4,5,4,4,5,4,4,4,3,4,5,4,5,4,4,4,4,4,4,3,4,5,4,5,4,4,4,4,4,4,3,4,4,4,4,4,4,4,4,4,4,4,4,4,4,4,4,4,4,4,4,4,4,4,5,4,4,4,4,4,4,4,5,4,4,4,4,4,4,3,4,5,4,5,4,4,4,4,4,4,3,4,5,4,5,4,4,4,4,4,4,3,4,5,5,13,9,6,3,3,3,3,3,3,3,3,6,11,5,4,4,4,4,5,4,4,4,4,4,4,4,4,4,4,4,4,4,4,4,4,4,4,4,4,4,4,4,3,4,4,4,4,4,4,4,4,4,4,4,4,4,4,4,4,4,4,4,4,4,4,3,4,4,4,4,3,3,4,4,4,3,3,4,4,4,4,3,2,3,3,3,3,3,2,3,3,3,3,3,2,3,3,3,3,2,2,2,3,3,2,2,2,2,2,2,2,2,2,2,2,2,2,2,2,2,2,2,2,2,2,2,2,2,2,,,,,,,,,,,,,,,,,,,,,,,,,,,,,,,,,,,,,,,,,,,,,
115,355.0,6.0,4,4,4,4,4,4,4,4,4,4,5,4,3,4,4,4,4,3,4,4,4,6,4,4,4,4,4,4,3,4,4,4,5,4,4,4,4,4,4,3,4,4,4,4,4,4,5,4,4,4,3,4,4,4,4,4,3,5,4,4,4,3,4,4,4,4,4,3,4,4,4,4,3,4,4,4,4,4,3,4,4,4,5,4,4,5,4,4,4,3,4,4,4,5,4,4,5,4,4,4,3,4,4,4,4,4,4,4,4,4,4,3,4,4,4,4,4,4,5,4,4,4,3,4,4,4,4,4,3,4,4,4,4,3,4,4,4,4,4,3,4,4,4,5,3,4,5,4,4,4,3,4,4,4,5,4,4,5,4,4,4,3,4,4,4,4,4,4,4,4,4,4,3,4,4,4,4,4,4,5,4,4,4,3,4,4,4,4,4,3,4,4,4,4,3,4,4,4,4,4,3,4,4,4,5,3,4,5,4,4,4,3,4,4,4,5,4,4,5,4,4,4,3,4,5,7,16,21,23,21,14,12,9,7,4,18,17,14,7,6,4,4,4,4,5,3,4,4,4,4,4,3,4,4,4,5,3,4,5,4,4,4,3,4,4,4,4,3,4,5,4,4,4,3,4,4,4,4,4,4,4,4,4,4,3,4,4,4,4,4,4,4,4,4,4,3,4,4,4,4,4,4,4,4,4,4,3,4,4,4,4,4,4,4,4,4,4,3,4,4,4,4,4,4,4,4,4,4,3,4,4,4,4,4,4,4,4,4,4,3,3,4,4,4,4,3,4,4,4,4,3,3,4,4,4,,,,,,,,,,,,,,,,,,,,,,,,,,,,,,,,,,,,,,,,,,,,,
116,355.0,10.0,4,4,4,4,4,4,4,4,4,4,5,4,3,4,4,4,4,3,4,4,4,5,4,4,4,4,4,4,3,4,4,4,5,4,4,4,4,4,4,3,4,4,4,4,4,4,5,4,4,4,3,4,4,4,4,4,3,5,4,4,4,3,4,4,4,4,4,3,4,4,4,4,3,4,4,4,4,4,3,4,4,4,5,4,4,4,4,4,4,3,4,4,4,5,4,4,5,4,4,4,3,4,4,4,5,4,4,5,4,4,4,3,4,4,4,4,4,4,5,4,4,4,3,4,4,4,4,4,3,5,4,4,4,3,4,4,4,4,4,3,4,4,4,4,3,4,4,4,4,4,3,4,4,4,5,4,4,5,4,4,4,3,4,4,4,5,4,4,5,4,4,4,3,4,4,4,4,4,4,5,4,4,4,3,4,4,4,4,4,3,5,4,4,4,3,4,4,4,4,4,3,4,4,4,4,3,4,4,4,4,4,3,4,4,4,6,4,4,5,4,4,4,3,5,5,7,17,28,24,20,13,11,8,5,8,20,19,15,7,6,5,4,4,4,5,3,4,4,4,4,4,3,4,4,4,5,3,4,5,4,4,4,3,4,4,4,5,3,4,5,4,4,4,3,4,4,4,5,4,4,5,4,4,4,3,4,4,4,5,4,4,4,4,4,4,3,4,4,4,4,4,4,4,4,4,4,3,4,4,4,4,4,4,4,4,4,4,3,4,4,4,4,4,4,4,4,4,4,3,4,4,4,4,4,4,4,4,4,4,3,4,4,4,4,4,4,4,4,4,4,3,4,4,4,4,,,,,,,,,,,,,,,,,,,,,,,,,,,,,,,,,,,,,,,,,,,,,
117,359.0,1.0,4,4,4,4,5,4,4,4,4,4,4,4,4,4,4,4,4,3,4,5,4,5,4,4,4,4,4,4,4,4,5,4,4,4,4,4,4,4,5,4,4,4,4,4,4,3,4,4,4,4,4,4,4,4,4,4,4,4,5,4,4,4,3,4,5,4,5,4,4,4,4,4,4,2,4,4,4,4,4,4,4,4,4,5,4,4,4,4,4,4,3,4,5,4,4,4,4,4,4,4,4,4,4,5,4,4,4,4,4,4,4,5,4,4,4,4,4,4,3,4,5,4,4,4,4,4,4,4,4,4,4,5,4,4,4,4,4,5,4,5,4,4,4,4,4,4,3,4,4,4,4,4,4,4,4,4,4,4,4,5,4,4,4,3,4,5,4,5,4,4,4,4,4,4,3,4,4,4,4,4,4,4,4,4,4,4,4,4,4,4,4,3,4,5,4,5,4,4,4,4,4,4,3,4,4,4,4,4,4,4,4,4,5,4,4,4,4,4,4,3,4,5,4,4,4,4,4,5,6,9,10,3,3,3,3,3,3,3,3,3,12,5,5,3,4,4,4,4,4,4,4,4,4,4,4,4,4,4,4,4,4,4,4,4,4,3,4,4,4,4,4,3,4,4,4,4,4,3,4,4,4,4,4,4,4,4,4,4,4,4,4,4,4,4,4,4,4,4,4,3,3,4,4,4,4,3,3,4,4,4,3,3,3,3,4,3,3,3,3,3,3,3,3,2,2,3,3,3,2,2,2,3,3,2,2,2,2,2,2,2,2,2,2,2,2,2,2,2,2,2,2,2,2,2,2,2,2,2,2,,,,,,,,,,,,,,,,,,,,,,,,,,,,,,,,,,,,,,,,,
118,359.0,6.0,4,4,4,4,4,4,4,3,4,4,5,4,3,4,4,4,4,3,4,4,4,4,4,3,4,4,4,4,4,4,4,4,4,4,3,4,4,4,5,4,4,4,4,4,4,3,4,4,4,4,4,3,4,4,4,4,3,4,4,4,4,4,3,4,4,4,5,4,4,4,4,4,4,3,4,4,4,4,4,3,4,4,4,4,3,4,4,4,4,4,3,4,4,4,5,4,4,4,4,4,4,3,4,4,4,4,4,3,4,4,4,4,3,4,5,4,4,4,3,4,4,4,4,4,4,5,4,4,4,3,4,4,4,4,4,3,4,4,4,5,3,4,5,4,4,4,3,4,4,4,4,4,4,5,4,4,4,3,4,4,4,4,4,3,4,4,4,5,4,4,5,4,4,4,3,4,4,4,4,4,4,5,4,4,4,3,4,4,4,4,4,3,4,4,4,5,4,4,5,4,4,4,3,4,4,4,4,4,3,4,4,4,4,3,4,4,4,4,4,3,4,4,4,5,4,4,5,6,10,19,27,21,15,13,10,8,5,9,17,17,12,7,5,4,5,4,4,4,3,4,4,4,4,4,4,4,4,4,5,3,4,4,4,4,4,3,4,4,4,4,3,4,4,4,4,4,3,4,4,4,4,4,4,4,4,4,4,3,4,4,4,4,4,4,4,4,4,5,3,4,4,4,4,4,3,4,4,4,4,4,4,4,4,4,4,3,4,4,4,4,4,4,4,4,4,4,3,4,4,4,4,4,3,4,4,4,5,3,3,4,4,4,4,3,3,4,4,4,4,3,4,4,4,4,3,3,4,4,4,,,,,,,,,,,,,,,,,,,,,,,,,,,,,,,,,,,,,,,,,
119,359.0,10.0,4,4,4,4,4,4,4,3,4,4,5,4,3,4,4,4,4,4,4,4,4,4,4,3,4,4,4,4,4,4,4,4,4,4,3,4,4,4,5,4,4,4,4,4,4,3,4,4,4,4,4,3,4,4,4,4,3,4,4,4,4,4,3,4,4,4,5,4,4,5,4,4,4,3,4,4,4,4,4,3,4,4,4,4,3,4,4,4,4,4,3,4,4,4,5,4,4,5,4,4,4,3,4,4,4,4,4,3,4,4,4,4,3,4,4,4,4,4,3,4,4,4,5,4,4,4,4,4,4,3,4,4,4,4,4,3,4,4,4,5,3,4,4,4,4,4,3,4,4,4,4,4,4,5,4,4,4,3,4,4,4,4,4,3,4,4,4,5,4,4,5,4,4,4,3,4,4,4,4,4,4,5,4,4,4,3,4,4,4,4,4,3,4,4,4,5,4,4,5,4,4,4,3,4,4,4,4,4,3,5,4,4,4,3,4,4,4,4,4,3,4,4,4,5,4,4,5,6,11,21,26,21,14,12,9,6,2,11,20,18,13,7,5,4,5,4,4,4,3,4,4,4,4,4,4,5,4,4,5,3,4,4,4,4,4,3,4,4,4,5,3,4,5,4,4,4,3,4,4,4,4,4,4,4,4,4,4,3,4,4,4,4,4,4,5,4,4,5,3,4,4,4,4,4,3,4,4,4,5,3,4,4,4,4,4,3,4,4,4,4,4,4,4,4,4,4,3,4,4,4,4,4,4,4,4,4,5,3,4,4,4,4,4,3,4,4,4,5,3,4,4,4,4,4,3,4,4,4,4,,,,,,,,,,,,,,,,,,,,,,,,,,,,,,,,,,,,,,,,,
120,363.0,1.0,4,4,4,4,5,4,4,4,5,4,5,4,4,4,4,4,4,4,4,5,4,4,4,3,4,5,4,5,4,4,4,4,4,4,4,4,5,4,4,4,3,4,5,4,4,4,4,4,4,4,4,4,4,5,4,4,4,3,4,5,4,4,4,4,4,4,4,4,4,4,4,4,4,4,3,4,5,4,4,4,4,4,4,4,4,4,4,4,4,4,4,3,4,5,4,4,4,4,4,4,4,4,4,4,4,4,4,4,3,4,5,4,4,4,4,4,4,4,4,4,4,4,4,4,4,3,4,5,4,4,4,4,4,4,4,5,4,4,4,4,4,4,3,4,4,4,4,4,4,4,4,4,5,4,4,4,4,4,4,3,4,4,4,4,4,4,4,4,4,5,4,4,4,4,4,4,3,4,4,4,4,4,4,4,4,4,5,4,4,4,4,4,4,3,4,4,4,4,4,4,4,4,4,5,4,4,4,4,4,4,3,4,4,4,4,4,4,4,4,4,5,4,4,4,4,4,4,3,4,5,5,9,7,6,3,3,3,3,3,3,3,3,3,13,5,5,4,4,4,4,4,4,4,4,4,4,4,4,4,4,4,4,4,4,4,4,4,4,3,4,4,4,4,4,3,4,4,4,4,4,3,4,4,4,4,4,3,4,4,4,4,4,4,4,4,4,4,4,4,4,4,4,4,3,4,4,4,4,3,3,4,4,4,4,3,2,3,4,3,3,3,2,3,3,3,3,3,2,3,3,3,3,2,2,2,3,3,2,2,2,2,2,2,2,2,2,2,2,2,2,2,2,2,2,2,2,2,2,2,2,2,2,2,,,,,,,,,,,,,,,,,,,,,,,,,,,,,,,,,,,,,
121,363.0,6.0,4,4,4,4,4,4,4,3,4,4,4,4,3,4,4,4,4,4,4,5,4,4,4,3,4,4,4,4,4,3,4,4,4,4,3,4,4,4,4,4,3,4,4,4,4,4,4,4,4,4,4,3,4,4,4,4,4,3,4,4,4,4,4,4,5,4,4,4,3,4,4,4,4,4,3,4,4,4,4,4,4,5,4,4,4,3,4,4,4,4,4,3,4,4,4,4,4,4,5,4,4,4,3,4,4,4,4,4,3,4,4,4,4,4,4,5,4,4,4,3,4,4,4,4,4,3,4,4,4,4,4,4,5,4,4,4,3,4,4,4,4,4,3,4,4,4,4,4,4,4,4,4,4,3,4,4,4,4,4,3,4,4,4,4,4,4,4,4,4,4,3,4,4,4,4,4,3,4,4,4,4,4,4,4,4,4,4,3,4,4,4,4,4,3,4,4,4,4,4,3,4,4,4,4,3,4,5,4,4,4,3,4,4,4,4,4,4,4,4,4,4,3,4,5,4,4,4,3,4,5,7,15,22,17,20,14,12,9,7,3,11,17,16,10,7,5,3,4,4,4,4,3,4,4,4,4,4,4,4,4,4,4,3,4,4,4,4,4,3,4,4,4,4,3,4,4,4,4,4,3,4,4,4,4,4,4,4,4,4,5,3,4,4,4,4,4,3,4,4,4,4,4,4,4,4,4,5,3,4,4,4,4,4,3,4,4,4,4,4,4,4,4,4,4,3,4,4,4,4,4,3,4,4,4,4,4,4,4,4,4,4,3,3,4,4,4,4,3,4,4,4,4,3,3,4,4,4,4,3,3,4,4,4,,,,,,,,,,,,,,,,,,,,,,,,,,,,,,,,,,,,,
122,363.0,10.0,4,4,4,4,4,4,4,3,4,4,4,4,3,4,4,4,4,4,4,5,4,4,4,3,4,4,4,4,4,3,4,4,4,4,3,4,4,4,4,4,3,4,4,4,4,4,3,5,4,4,4,3,4,4,4,4,4,3,4,4,4,4,4,4,5,4,4,4,3,4,4,4,4,4,3,4,4,4,4,4,4,5,4,4,4,3,4,4,4,4,4,3,4,4,4,4,4,4,5,4,4,4,3,4,4,4,4,4,3,4,4,4,4,4,4,5,4,4,4,3,4,4,4,4,4,3,4,4,4,4,4,4,5,4,4,4,3,4,4,4,4,4,3,4,4,4,4,4,4,5,4,4,4,3,4,4,4,4,4,3,4,4,4,4,4,4,5,4,4,4,3,4,4,4,4,4,3,4,4,4,4,4,4,5,4,4,4,3,4,4,4,4,4,3,4,4,4,4,4,4,5,4,4,4,3,4,4,4,4,4,3,4,4,4,4,4,4,5,4,4,4,3,4,4,4,4,4,3,4,5,7,16,22,25,21,14,11,8,5,4,20,19,17,10,7,5,3,4,4,4,4,3,4,4,4,4,4,4,4,4,4,4,3,4,4,4,4,4,3,4,4,4,5,3,4,5,4,4,4,3,4,4,4,4,4,4,4,4,4,5,3,4,4,4,4,4,3,4,4,4,4,4,4,4,4,4,4,3,4,4,4,4,4,3,4,4,4,4,4,4,4,4,4,4,3,4,4,4,4,4,3,4,4,4,5,3,4,4,4,4,4,3,4,4,4,4,4,4,4,4,4,5,3,4,4,4,4,4,3,4,4,4,4,,,,,,,,,,,,,,,,,,,,,,,,,,,,,,,,,,,,,
123,367.0,1.0,4,4,4,4,4,4,4,4,4,4,5,4,4,4,4,4,4,4,4,4,4,4,4,3,4,4,4,4,4,3,4,5,4,4,4,4,4,4,4,4,4,4,4,4,4,4,3,4,4,4,4,4,4,4,5,4,5,4,4,4,4,4,4,4,4,4,4,4,4,3,4,4,4,4,4,4,4,4,4,5,4,4,4,4,4,4,4,4,4,4,4,4,3,4,5,4,4,4,4,4,4,4,5,4,4,4,4,4,4,3,4,5,4,4,4,3,4,5,4,4,4,4,4,4,4,5,4,4,4,4,4,4,3,4,5,4,4,4,4,4,5,4,4,4,4,4,4,4,4,4,4,4,4,4,4,3,4,4,4,4,4,4,4,4,4,5,4,4,4,4,4,4,4,4,4,4,4,4,3,4,4,4,4,4,4,4,4,4,5,4,4,4,4,4,4,3,4,5,4,4,4,3,4,5,4,4,4,4,4,4,4,5,4,4,4,4,4,4,3,4,5,4,4,4,3,4,5,4,4,4,4,4,5,6,9,8,3,3,3,3,3,3,3,3,3,4,11,5,4,4,4,4,4,4,4,4,4,4,4,3,4,4,4,4,4,3,4,4,4,4,4,3,4,4,4,4,4,3,4,4,4,4,4,3,4,4,4,4,4,3,4,4,4,4,4,3,4,4,4,4,3,3,4,4,4,4,3,3,4,4,4,4,3,4,4,4,4,3,3,3,4,4,3,3,3,3,3,3,3,3,2,2,3,3,3,3,2,2,3,3,3,2,2,2,2,2,2,2,2,2,2,2,2,2,2,2,2,2,2,2,2,2,2,2,2,2,2,,,,,,,,,,,,,,,,,,,,,,,,,,,,,,,,,
124,367.0,6.0,4,4,4,4,4,4,4,3,5,4,4,4,3,4,4,4,5,4,3,4,4,4,4,3,4,4,4,4,4,3,4,4,4,4,4,3,4,4,4,4,3,4,5,4,4,4,3,4,4,4,4,4,3,4,4,4,4,4,4,5,4,4,4,3,4,4,4,4,4,3,4,4,4,4,4,3,4,4,4,5,4,4,4,4,4,4,3,4,4,4,4,4,3,4,4,4,4,4,3,4,4,4,5,3,4,5,4,4,4,3,4,4,4,4,4,3,4,4,4,4,4,4,5,4,4,4,3,4,5,4,4,4,3,4,4,4,4,4,3,4,4,4,5,4,4,5,4,4,4,3,4,4,4,4,4,3,4,4,4,4,4,3,4,4,4,5,3,4,4,4,4,4,3,4,4,4,4,4,3,4,4,4,4,4,3,4,4,4,5,3,4,5,4,4,4,3,4,4,4,4,4,3,4,4,4,4,4,4,4,4,4,4,3,4,5,4,4,4,3,4,4,4,4,4,3,4,4,4,4,4,4,5,5,9,12,27,21,20,13,11,9,6,6,18,16,14,7,6,5,4,4,4,4,4,4,4,4,4,5,3,4,5,4,4,4,3,4,4,4,4,4,3,4,4,4,4,3,4,4,4,4,4,3,4,4,4,4,4,3,4,4,4,4,4,4,4,4,4,5,3,4,4,4,4,4,3,4,4,4,4,4,4,4,4,4,5,3,4,4,4,4,4,3,4,4,4,4,4,3,4,4,4,4,3,4,4,4,4,4,3,3,4,4,4,4,3,3,4,4,4,4,3,4,4,4,4,3,3,4,4,4,4,3,3,4,4,4,,,,,,,,,,,,,,,,,,,,,,,,,,,,,,,,,
125,367.0,10.0,4,4,4,4,4,4,4,3,5,4,4,4,3,4,4,4,5,4,3,4,4,4,4,3,4,4,4,4,4,3,4,4,4,4,4,3,4,4,4,5,4,4,5,4,4,4,3,4,4,4,4,4,3,4,4,4,4,4,4,5,4,4,4,3,4,4,4,4,4,3,4,4,4,4,4,3,4,4,4,6,4,4,5,4,4,4,3,4,4,4,4,4,3,4,4,4,4,4,3,4,4,4,4,3,4,5,4,4,4,3,4,4,4,4,4,3,4,4,4,4,4,4,5,4,4,4,3,4,4,4,4,4,3,4,4,4,4,4,3,4,4,4,5,4,4,4,4,4,4,3,4,4,4,4,4,3,4,4,4,4,4,3,4,4,4,5,3,4,5,4,4,4,3,4,4,4,4,4,3,4,4,4,4,4,4,5,4,4,4,3,4,5,4,4,4,3,4,4,4,4,4,3,4,4,4,4,4,4,5,4,4,4,3,4,4,4,4,4,3,4,4,4,4,4,3,4,4,4,5,4,4,5,5,10,10,29,22,21,13,10,7,4,8,20,19,15,7,6,5,4,4,4,4,4,4,4,4,4,5,3,4,5,4,4,4,3,4,4,4,4,4,3,4,4,4,4,3,4,4,4,4,4,3,4,4,4,4,4,3,4,4,4,4,4,4,4,4,4,4,3,4,4,4,4,4,3,4,4,4,4,4,4,4,4,4,5,3,4,4,4,4,4,3,4,4,4,4,4,4,4,4,4,5,3,4,4,4,4,4,3,4,4,4,4,4,3,4,4,4,4,4,4,4,4,4,4,3,3,4,4,4,4,3,4,4,4,4,,,,,,,,,,,,,,,,,,,,,,,,,,,,,,,,,
126,371.0,1.0,4,4,4,4,4,4,4,4,4,4,4,4,3,4,4,4,5,4,4,4,4,4,4,4,4,4,4,4,4,3,4,5,4,4,4,3,4,4,4,4,4,4,4,4,4,4,4,4,4,4,4,5,4,4,4,4,4,4,3,4,5,4,4,4,3,4,4,4,4,4,4,4,4,4,4,4,4,4,4,4,5,4,4,4,4,4,4,3,4,5,4,4,4,3,4,4,4,4,4,4,4,4,4,4,4,4,4,4,4,5,4,4,4,4,4,4,2,4,5,4,4,4,3,4,4,4,4,4,4,4,4,4,5,4,4,4,4,4,4,4,4,4,4,4,4,2,4,5,4,4,4,3,4,5,4,4,4,4,4,4,4,5,4,4,4,4,4,4,4,4,4,4,4,4,3,4,5,4,4,4,3,4,5,4,4,4,4,4,4,4,5,4,4,4,4,4,4,4,4,4,4,4,4,3,4,5,4,4,4,3,4,5,4,4,4,4,4,4,4,5,4,4,4,4,4,4,4,4,4,4,4,4,3,4,5,5,8,6,7,3,3,3,3,3,3,3,3,3,10,6,5,4,4,4,4,4,3,4,4,4,4,4,3,4,4,4,4,4,3,4,4,4,4,4,3,4,4,4,4,4,3,4,4,4,4,4,3,4,4,4,4,4,3,4,4,4,4,4,3,4,4,4,4,4,3,4,4,4,4,3,3,4,4,4,4,3,3,4,4,4,4,3,2,4,4,4,3,3,2,3,3,3,3,3,2,3,3,3,3,2,2,2,3,3,3,2,2,2,2,2,2,2,2,2,2,2,2,2,2,2,2,2,2,2,2,2,2,2,2,2,2,,,,,,,,,,,,,,,,,,,,,,,,,,,,,
127,371.0,6.0,4,4,4,4,4,4,4,3,4,4,4,4,3,4,4,4,4,4,3,4,4,4,5,4,4,5,4,4,4,3,4,4,4,4,4,3,4,4,4,4,4,3,4,4,4,4,4,3,4,4,4,4,3,4,4,4,4,4,3,4,4,4,4,4,3,4,4,4,4,4,3,4,4,4,4,4,4,4,4,4,4,3,4,5,4,4,4,3,4,4,4,4,4,3,4,4,4,4,4,3,4,4,4,5,4,4,5,4,4,4,3,4,5,4,4,4,3,4,4,4,4,4,3,4,4,4,4,4,3,4,4,4,5,4,4,5,4,4,4,3,4,4,4,4,4,3,4,4,4,4,4,3,4,4,4,4,4,3,4,4,4,5,3,4,5,4,4,4,3,4,4,4,4,4,3,4,4,4,4,4,3,4,4,4,4,4,3,4,4,4,5,3,4,4,4,4,4,3,4,4,4,4,4,3,4,4,4,4,4,3,4,4,4,4,4,3,4,4,4,5,3,4,4,4,4,4,3,4,4,4,4,4,3,4,5,6,15,22,20,18,14,12,10,7,5,9,17,17,12,7,6,4,5,4,4,4,3,4,4,4,4,4,3,4,4,4,4,4,3,4,4,4,4,4,4,4,4,4,4,3,4,4,4,4,4,3,4,4,4,4,4,3,4,4,4,4,4,3,4,4,4,4,4,4,4,4,4,5,3,4,4,4,4,4,3,4,4,4,4,4,3,4,4,4,4,4,4,4,4,4,5,3,4,4,4,4,4,3,4,4,4,4,4,3,3,4,4,4,4,4,4,4,4,4,3,3,4,4,4,4,3,3,4,4,4,4,3,3,4,4,4,,,,,,,,,,,,,,,,,,,,,,,,,,,,,
128,371.0,10.0,4,4,4,4,4,4,4,3,4,4,4,4,3,4,4,4,4,4,3,4,4,4,5,4,3,5,4,4,4,3,4,4,4,4,4,3,4,4,4,4,4,3,4,4,4,4,4,3,4,4,4,5,3,4,5,4,4,4,3,4,4,4,4,4,3,4,4,4,4,4,3,4,4,4,4,4,4,5,4,4,4,3,4,5,4,4,4,3,4,4,4,4,4,3,4,4,4,4,4,3,4,4,4,5,4,4,5,4,4,4,3,4,4,4,4,4,3,4,4,4,4,4,3,4,4,4,4,4,3,4,4,4,6,3,4,4,4,4,4,3,4,4,4,4,4,3,4,4,4,4,4,3,4,4,4,4,4,3,4,4,4,5,3,4,5,4,4,4,3,4,4,4,4,4,3,4,4,4,4,4,3,4,4,4,4,4,3,4,4,4,5,3,4,5,4,4,4,3,4,4,4,4,4,3,4,4,4,4,4,3,4,4,4,4,4,4,5,4,4,5,3,4,5,4,4,4,3,4,4,4,4,4,3,4,5,7,15,24,26,20,14,12,9,6,2,10,20,18,13,7,6,4,5,4,4,5,3,4,5,4,4,4,3,4,4,4,4,4,3,4,4,4,4,4,3,4,4,4,4,3,4,4,4,4,4,3,4,4,4,4,4,3,4,4,4,4,4,3,4,4,4,4,3,4,4,4,4,4,3,4,4,4,4,4,3,4,4,4,4,4,3,4,4,4,4,4,4,4,4,4,4,3,4,4,4,4,4,3,4,4,4,4,4,3,4,4,4,4,4,4,4,4,4,5,3,4,4,4,4,4,3,3,4,4,4,4,3,4,4,4,4,,,,,,,,,,,,,,,,,,,,,,,,,,,,,
129,376.0,1.0,4,4,4,4,4,4,4,4,5,4,4,4,3,4,4,4,4,4,3,4,4,4,4,4,4,4,4,4,5,4,4,4,4,4,5,4,4,4,4,4,4,4,4,4,4,4,4,3,4,4,4,4,4,3,4,5,4,4,4,3,4,4,4,4,4,3,4,5,4,4,4,4,4,4,4,4,4,4,4,4,4,5,4,4,4,4,4,4,4,4,4,4,4,4,3,4,4,4,4,4,3,4,5,4,4,4,3,4,4,4,4,4,3,4,5,4,4,4,4,4,4,4,4,4,4,4,4,4,5,4,4,4,4,4,4,4,4,4,4,4,4,3,4,4,4,4,4,3,4,5,4,4,4,3,4,4,4,4,4,3,4,5,4,4,4,4,4,4,4,4,4,4,4,4,4,5,4,4,4,4,4,4,4,4,4,4,4,4,3,4,4,4,4,4,3,4,5,4,4,4,3,4,4,4,4,4,3,4,5,4,4,4,4,4,4,4,4,4,4,4,4,4,5,4,4,4,4,4,4,4,4,4,4,4,4,4,4,4,5,7,4,7,3,3,3,3,3,3,3,3,3,3,10,5,4,4,4,4,4,4,4,4,4,4,4,4,4,4,4,4,4,4,4,4,4,4,4,4,4,4,4,4,4,4,4,4,4,4,4,4,3,4,4,4,4,4,3,4,4,4,4,4,3,4,4,4,4,4,3,4,4,4,4,3,2,4,4,4,4,3,2,4,4,4,4,3,2,4,4,4,3,3,2,3,3,3,3,3,2,2,3,3,3,3,2,2,3,3,3,2,2,2,2,2,2,2,2,2,2,2,2,2,2,2,2,2,2,2,2,2,2,2,2,2,2,2,,,,,,,,,,,,,,,,,,,,,,,,
130,376.0,6.0,4,4,4,4,4,4,4,3,4,4,4,4,3,4,4,4,4,4,3,4,4,4,4,4,3,4,4,4,4,4,3,4,4,4,5,4,3,4,4,4,4,3,4,4,4,4,4,3,4,4,4,4,4,3,4,4,4,4,4,3,4,4,4,4,4,3,4,4,4,4,4,3,4,4,4,4,4,3,4,4,4,5,3,4,5,4,4,4,3,4,5,4,4,4,3,4,4,4,4,4,3,4,4,4,4,4,3,4,4,4,4,4,3,4,4,4,4,4,3,4,4,4,4,4,4,4,4,4,5,3,4,4,4,4,4,3,4,5,4,4,4,3,4,4,4,4,4,3,4,4,4,4,4,3,4,4,4,4,4,3,4,4,4,4,4,3,4,4,4,4,4,4,4,4,4,4,3,4,4,4,4,4,3,4,5,4,4,4,3,4,4,4,4,4,3,4,4,4,4,4,3,4,4,4,4,4,3,4,4,4,4,4,3,4,4,4,4,4,4,4,4,4,4,3,4,4,4,4,4,3,4,5,4,4,4,3,4,5,6,12,20,25,20,15,13,10,8,5,6,18,16,14,7,6,5,4,4,4,4,4,3,4,4,4,4,4,3,4,4,4,4,3,4,4,4,4,5,3,4,4,4,4,4,3,4,4,4,4,4,3,4,4,4,4,4,3,4,4,4,4,4,3,4,4,4,4,4,4,4,4,4,4,3,4,4,4,4,5,3,4,4,4,4,4,3,4,4,4,4,4,3,4,4,4,4,4,3,4,4,4,4,4,4,4,4,4,4,3,4,4,4,4,4,3,3,4,4,4,4,3,3,4,4,4,4,3,3,4,4,4,4,3,3,4,4,4,,,,,,,,,,,,,,,,,,,,,,,,
131,376.0,10.0,4,4,4,4,4,4,4,3,4,4,4,4,4,4,4,4,4,4,3,4,4,4,4,4,3,4,4,4,4,4,3,4,4,4,5,4,3,4,4,4,4,3,4,4,4,4,4,3,4,4,4,4,4,3,4,4,4,4,4,3,4,4,4,4,4,3,4,4,4,4,4,3,4,4,4,4,4,3,4,4,4,5,3,4,4,4,4,4,3,4,5,4,4,4,3,4,4,4,4,4,3,4,4,4,4,4,3,4,4,4,4,4,3,4,4,4,4,4,3,4,4,4,5,4,4,5,4,4,4,3,4,5,4,4,4,3,4,4,4,4,4,3,4,4,4,4,4,3,4,4,4,4,4,3,4,4,4,4,4,3,4,4,4,4,4,3,4,4,4,5,3,4,5,4,4,4,3,4,5,4,4,4,3,4,4,4,4,4,3,4,4,4,4,4,3,4,4,4,4,4,3,4,4,4,4,4,3,4,4,4,4,4,3,4,4,4,5,3,4,5,4,4,4,3,4,5,4,4,4,3,4,4,4,4,4,3,4,5,6,14,22,23,20,15,12,9,7,3,8,20,19,15,7,6,5,4,4,4,4,4,3,4,4,4,4,4,3,4,4,4,4,4,4,5,4,4,5,3,4,4,4,4,4,3,4,4,4,4,4,3,4,4,4,4,4,3,4,4,4,4,4,3,4,4,4,4,4,4,4,4,4,5,3,4,4,4,4,4,3,4,4,4,4,4,3,4,4,4,4,4,3,4,4,4,4,4,3,4,4,4,4,4,4,4,4,4,5,3,4,4,4,4,4,3,4,4,4,4,4,3,4,4,4,4,4,3,3,4,4,4,4,3,3,4,4,4,,,,,,,,,,,,,,,,,,,,,,,,
132,380.0,1.0,4,4,4,4,4,4,4,4,4,4,4,4,3,4,4,4,4,4,3,4,4,4,4,4,3,4,4,4,4,4,3,4,5,4,4,4,4,4,5,4,4,4,4,4,5,4,4,4,4,4,4,4,4,4,4,4,4,4,4,4,4,4,4,4,5,4,4,4,4,4,5,4,4,4,4,4,5,4,4,4,4,4,4,4,4,4,4,4,4,4,4,4,4,4,4,3,4,4,4,4,4,2,4,4,4,4,4,3,4,5,4,4,4,3,4,5,4,4,4,3,4,4,4,4,4,3,4,4,4,4,4,3,4,5,4,4,4,4,4,5,4,4,4,4,4,4,4,4,4,4,4,4,4,4,4,4,4,4,4,5,4,4,4,4,4,5,4,4,4,4,4,5,4,4,4,4,4,4,4,4,4,4,4,4,4,4,4,4,4,4,3,4,4,4,4,4,2,4,4,4,4,4,3,4,5,4,4,4,3,4,5,4,4,4,3,4,4,4,4,4,3,4,4,4,4,4,3,4,5,4,4,4,4,4,5,4,4,4,4,4,5,5,11,9,6,3,3,3,3,3,3,3,3,3,10,7,5,4,4,4,4,4,3,4,4,4,4,4,4,4,4,4,4,4,4,4,4,4,4,4,4,4,4,4,4,4,4,4,4,4,4,4,4,3,4,4,4,4,4,3,4,4,4,4,4,2,4,4,4,4,4,4,4,4,4,4,4,3,4,4,4,4,4,3,3,4,4,4,3,3,3,4,4,4,3,3,2,3,3,3,3,3,2,3,3,3,3,2,2,2,3,3,3,2,2,2,2,2,2,2,2,2,2,2,2,2,2,2,2,2,2,2,2,2,2,2,2,2,2,2,,,,,,,,,,,,,,,,,,,,
133,380.0,6.0,4,4,4,4,4,4,4,3,4,4,4,4,4,3,4,4,4,4,3,4,4,4,4,4,3,4,4,4,4,4,3,4,4,4,4,4,3,4,4,4,4,4,3,4,4,4,4,4,3,4,4,4,4,4,3,4,4,4,4,4,3,4,4,4,5,3,4,4,4,4,5,3,4,5,4,4,4,3,4,4,4,4,4,3,4,5,4,4,4,3,4,5,4,4,4,3,4,4,4,4,4,3,4,4,4,4,4,3,4,4,4,4,4,3,4,4,4,4,4,3,4,4,4,4,4,3,4,4,4,4,4,3,4,4,4,4,4,3,4,4,4,4,4,3,4,4,4,4,4,3,4,4,4,4,3,3,4,4,4,5,3,4,5,4,4,4,3,4,5,4,4,4,3,4,5,4,4,4,3,4,5,4,4,4,3,4,4,4,4,4,3,4,4,4,4,4,3,4,4,4,4,4,3,4,4,4,4,4,3,4,4,4,4,4,3,4,4,4,4,4,3,4,4,4,4,4,3,4,4,4,4,4,3,4,4,4,4,4,3,5,5,7,15,21,21,18,14,12,9,7,4,9,17,17,12,7,6,4,4,4,4,4,4,4,4,4,4,4,3,4,4,4,4,4,3,4,4,4,4,5,3,4,4,4,4,4,3,4,5,4,4,4,3,4,4,4,4,4,3,4,4,4,4,4,3,4,4,4,4,4,3,4,4,4,4,4,3,4,4,4,4,4,3,4,4,4,4,3,4,4,4,4,4,3,4,4,4,4,5,3,4,4,4,4,5,3,4,4,4,4,4,3,4,4,4,4,4,3,3,4,4,4,4,3,3,4,4,4,4,3,3,4,4,4,4,3,3,4,4,4,,,,,,,,,,,,,,,,,,,,
134,380.0,10.0,4,4,4,4,4,4,4,3,4,4,4,4,4,3,4,4,4,4,3,4,4,4,4,4,3,4,4,4,4,4,3,4,4,4,4,4,2,4,4,4,4,4,3,4,4,4,4,4,3,4,4,4,4,4,3,4,4,4,4,4,3,4,4,4,5,4,3,4,4,4,5,3,4,5,4,4,4,3,4,4,4,4,4,3,4,5,4,4,4,3,4,4,4,4,4,3,4,4,4,4,4,3,4,4,4,4,4,3,4,4,4,4,4,3,4,4,4,4,4,3,4,4,4,4,4,3,4,4,4,4,4,3,4,4,4,4,4,3,4,4,4,4,4,3,4,4,4,4,4,3,4,4,4,5,3,4,5,4,4,5,3,4,5,4,4,4,3,4,5,4,4,4,3,4,5,4,4,4,3,4,4,4,4,4,3,4,4,4,4,4,3,4,4,4,4,4,3,4,4,4,4,4,3,4,4,4,4,4,3,4,4,4,4,4,3,4,4,4,4,4,3,4,4,4,4,4,3,4,4,4,4,4,3,4,4,4,4,4,3,5,5,8,16,20,24,20,14,11,8,5,2,10,19,18,13,7,6,4,4,4,4,4,4,3,4,4,4,4,3,4,4,4,4,4,3,4,4,4,4,5,3,4,5,4,4,4,3,4,4,4,4,4,3,4,4,4,4,4,3,4,4,4,4,4,3,4,4,4,4,4,3,4,4,4,4,4,3,4,4,4,4,4,4,4,4,4,4,3,4,4,4,4,5,3,4,4,4,4,4,3,4,4,4,4,4,3,4,4,4,4,4,3,4,4,4,4,4,3,4,4,4,4,4,3,3,4,4,4,4,3,3,4,4,4,4,3,3,4,4,4,,,,,,,,,,,,,,,,,,,,
135,384.0,1.0,4,4,4,4,4,4,4,4,4,4,4,4,4,4,4,4,4,4,3,4,4,4,4,4,3,4,4,4,4,4,3,4,4,4,4,4,3,4,4,4,4,4,3,4,4,4,4,4,3,4,4,4,4,4,3,4,4,4,4,4,3,4,4,4,4,4,3,4,4,4,4,4,3,4,4,4,4,4,3,4,4,4,4,4,3,4,4,4,4,4,3,4,4,4,4,4,3,4,4,4,4,4,3,4,4,4,4,4,3,4,4,4,4,4,3,4,4,4,4,4,3,4,4,4,4,4,3,4,4,4,4,4,3,4,4,4,4,4,3,4,4,4,4,4,3,4,4,4,4,4,3,4,4,4,4,4,3,4,4,4,4,4,3,4,4,4,4,4,3,4,4,4,4,4,3,4,4,4,4,4,3,4,4,4,4,4,3,4,4,4,4,4,3,4,4,4,4,4,3,4,4,4,4,4,3,4,4,4,4,4,3,4,4,4,4,4,3,4,4,4,4,4,3,4,4,4,4,4,3,4,4,4,4,4,3,4,4,4,4,4,3,4,5,5,6,7,9,3,3,3,3,3,3,3,3,3,3,12,4,5,3,4,4,4,4,3,4,4,4,4,4,3,4,4,4,4,4,4,4,4,4,4,4,4,4,4,4,4,4,4,4,4,4,4,4,4,3,4,4,4,4,4,3,4,4,4,4,4,4,4,4,4,4,4,4,4,4,4,4,4,3,3,4,4,4,4,3,3,4,4,4,4,3,2,4,4,4,3,3,2,3,3,3,3,3,2,2,3,3,3,3,2,2,3,3,3,3,2,2,2,2,2,2,2,2,2,2,2,2,2,2,2,2,2,2,2,2,2,2,2,2,2,2,2,,,,,,,,,,,,,,,,
136,384.0,6.0,4,4,4,4,4,4,4,3,4,4,4,4,4,3,4,4,4,4,3,3,5,4,4,4,3,4,4,4,4,4,3,4,4,4,4,4,3,4,5,4,4,4,3,4,5,4,4,4,3,4,5,4,4,4,3,4,5,4,4,4,3,4,5,4,4,4,3,4,4,4,4,4,3,4,4,4,4,4,3,4,4,4,4,4,3,4,4,4,4,4,3,4,4,4,4,4,3,4,4,4,4,4,3,4,4,4,4,4,3,4,4,4,4,4,3,4,4,4,4,4,3,4,4,4,4,4,3,4,4,4,4,4,3,4,4,4,4,4,3,4,4,4,4,4,3,4,4,4,4,4,3,4,4,4,4,4,3,4,4,4,4,4,3,4,4,4,4,4,3,4,4,4,4,4,3,4,4,4,4,4,3,4,4,4,4,4,3,4,4,4,4,4,3,4,4,4,4,4,3,4,4,4,4,4,3,4,4,4,4,4,3,4,4,4,4,4,3,4,4,4,4,4,3,4,4,4,4,4,3,4,4,4,4,4,3,4,4,4,4,4,3,4,5,6,11,18,25,20,18,13,11,8,6,3,18,17,16,10,7,5,4,4,4,4,5,3,4,4,4,4,5,3,4,4,4,4,5,3,4,4,4,4,4,3,4,4,4,4,4,3,4,4,4,4,4,3,4,4,4,4,4,3,4,4,4,4,4,3,4,4,4,4,4,3,4,4,4,4,4,3,4,4,4,4,4,3,4,4,4,4,4,3,4,4,4,4,4,3,4,4,4,4,4,3,4,4,4,4,4,3,3,4,4,4,4,3,3,4,4,4,4,3,3,4,4,4,4,3,3,4,4,4,4,3,3,4,4,4,4,3,3,4,4,4,,,,,,,,,,,,,,,,
137,384.0,10.0,4,4,4,4,4,4,4,3,4,4,4,4,4,3,4,4,4,4,4,3,5,4,4,4,3,4,4,4,4,4,3,4,4,4,4,4,3,4,5,4,4,4,3,4,5,4,4,4,3,4,5,4,4,4,3,4,4,4,4,4,3,4,4,4,4,4,3,4,4,4,4,4,3,4,4,4,4,4,3,4,4,4,4,4,3,4,4,4,4,4,3,4,4,4,4,4,3,4,4,4,4,4,3,4,4,4,4,4,3,4,4,4,4,4,3,4,4,4,4,4,3,4,4,4,4,4,3,4,4,4,4,4,3,4,4,4,4,4,3,4,4,4,4,4,3,4,4,4,4,4,3,4,4,4,4,4,3,4,4,4,4,4,3,4,4,4,4,4,3,4,4,4,4,4,3,4,4,4,4,4,3,4,4,4,4,4,3,4,4,4,4,4,3,4,4,4,4,4,3,4,4,4,4,4,3,4,4,4,4,4,3,4,4,4,4,4,3,4,4,4,4,4,3,4,4,4,4,4,3,4,4,4,4,4,3,4,4,4,4,4,3,4,5,6,11,20,27,21,17,13,10,7,4,5,20,18,16,11,7,5,4,4,4,4,5,3,4,4,4,4,6,3,4,4,4,4,5,3,4,4,4,4,4,3,4,5,4,4,4,3,4,4,4,4,4,3,4,4,4,4,4,3,4,4,4,4,4,3,4,4,4,4,4,3,4,4,4,4,4,3,4,4,4,4,4,3,4,4,4,4,4,3,4,4,4,4,4,3,4,4,4,4,4,3,4,4,4,4,4,3,4,4,4,4,4,3,4,4,4,4,4,3,4,4,4,4,4,3,4,4,4,4,4,3,3,4,4,4,4,4,3,4,4,4,,,,,,,,,,,,,,,,
138,388.0,1.0,4,4,4,4,4,4,4,4,4,4,4,4,4,4,4,4,4,4,4,4,4,4,4,4,4,4,4,4,4,5,4,4,4,4,4,4,4,4,4,4,4,4,4,4,4,4,4,4,4,4,4,4,4,4,4,4,4,5,4,4,4,3,4,4,4,4,4,3,4,4,4,4,4,3,4,5,4,4,4,3,4,5,4,4,4,3,4,4,4,4,4,2,4,4,4,4,4,3,4,4,4,4,4,4,4,4,4,4,4,4,4,4,4,4,5,4,4,4,4,4,5,4,4,4,4,4,4,4,4,4,4,4,4,4,4,4,4,4,4,4,4,4,4,4,4,4,4,4,5,4,4,4,4,4,5,4,4,4,3,4,4,4,4,4,3,4,4,4,4,4,3,4,5,4,4,4,3,4,5,4,4,4,3,4,4,4,4,4,2,4,4,4,4,4,3,4,4,4,4,4,4,4,4,4,4,4,4,4,4,4,4,5,4,4,4,4,4,5,4,4,4,4,4,4,4,4,4,4,4,4,4,4,4,4,4,4,4,4,4,4,4,4,4,4,4,4,5,9,7,7,3,3,3,3,3,3,3,3,3,3,11,5,4,4,4,4,4,4,4,4,4,4,4,4,3,4,4,4,4,4,3,4,4,4,4,4,4,4,4,4,4,4,4,4,4,4,4,4,4,3,4,4,4,4,4,3,4,4,4,4,4,4,4,4,4,4,4,3,3,4,4,4,4,3,3,4,4,4,4,3,3,4,4,4,4,3,3,3,4,4,4,3,3,2,3,3,3,3,3,2,3,3,3,3,3,2,2,3,3,3,2,2,2,2,2,2,2,2,2,2,2,2,2,2,2,2,2,2,2,2,2,2,2,2,2,2,2,2,,,,,,,,,,,,
139,388.0,6.0,4,4,4,4,4,4,4,3,4,4,4,5,4,3,4,4,4,5,4,3,4,4,4,5,4,3,4,4,4,4,4,3,4,4,4,4,4,3,4,4,4,4,4,3,4,4,4,4,4,3,4,4,4,4,4,3,4,4,4,4,4,3,4,4,4,4,4,3,4,4,4,4,4,3,4,4,4,4,4,3,4,4,4,4,4,3,4,4,4,4,4,3,4,4,4,4,4,3,4,4,4,4,4,3,4,5,4,4,4,3,4,4,4,4,4,3,4,5,4,4,4,3,4,4,4,4,5,3,4,4,4,4,4,3,3,4,4,4,4,3,3,4,4,4,4,4,3,4,4,4,4,4,3,4,4,4,4,4,3,4,4,4,4,4,3,4,4,4,4,4,3,4,4,4,4,4,3,4,4,4,4,4,3,4,4,4,4,4,3,4,4,4,4,4,3,4,4,4,4,4,3,4,5,4,4,4,3,4,5,4,4,4,3,4,5,4,4,4,3,4,5,4,4,5,3,4,4,4,4,4,3,3,4,4,4,4,3,3,4,4,4,4,4,3,5,5,7,14,22,18,18,14,12,10,7,5,6,17,16,14,7,6,5,3,4,4,4,4,3,4,4,4,4,4,3,4,4,4,4,4,3,4,5,4,4,4,3,4,4,4,4,4,3,4,4,4,4,4,3,4,4,4,4,5,3,4,4,4,4,5,3,4,4,4,4,5,3,4,4,4,4,4,3,4,4,4,4,4,3,4,4,4,4,4,3,4,4,4,4,4,3,4,4,4,4,4,3,4,4,4,4,4,3,4,4,4,4,4,3,4,3,4,4,4,3,3,3,4,4,4,4,3,3,4,4,4,4,3,3,4,4,4,4,3,3,4,4,4,,,,,,,,,,,,
140,388.0,10.0,4,4,4,4,4,5,4,3,4,4,4,5,4,3,4,4,4,5,4,3,4,4,4,4,4,3,4,4,4,4,4,3,4,4,4,4,4,3,4,4,4,4,4,3,4,4,4,4,4,3,4,4,4,4,4,3,4,4,4,4,4,3,4,4,4,4,4,3,4,4,4,4,4,3,4,4,4,4,4,3,4,4,4,4,4,3,4,4,4,4,4,3,4,4,4,4,4,3,4,4,4,4,4,3,4,4,4,4,4,3,4,5,4,4,4,3,4,4,4,4,4,3,4,5,4,4,5,3,4,5,4,4,5,3,3,4,4,4,4,3,3,4,4,4,4,4,3,4,4,4,4,4,3,4,4,4,4,4,3,4,4,4,4,4,3,4,4,4,4,4,3,4,4,4,4,4,3,4,4,4,4,4,3,4,4,4,4,4,3,4,4,4,4,4,3,4,4,4,4,4,3,4,4,4,4,4,3,4,5,4,4,4,3,4,5,4,4,4,3,4,4,4,4,4,3,4,5,4,4,5,3,4,4,4,4,4,3,3,4,4,4,4,4,3,5,5,7,15,22,25,20,14,11,9,6,3,8,19,19,15,7,6,5,3,4,4,4,4,3,4,4,4,4,4,3,4,4,4,4,4,3,4,4,4,4,4,3,4,5,4,4,4,3,4,5,4,4,4,3,4,4,4,4,4,3,4,4,4,4,4,3,4,4,4,4,5,3,4,4,4,4,5,3,4,4,4,4,5,3,4,4,4,4,5,3,4,4,4,4,5,3,4,4,4,4,4,3,4,4,4,4,4,3,4,4,4,4,4,3,4,4,4,4,4,3,4,4,4,4,4,3,4,4,4,4,4,3,4,3,4,4,4,3,4,3,4,4,4,,,,,,,,,,,,
141,392.0,1.0,4,4,4,4,4,4,4,3,4,4,4,4,4,4,4,4,4,5,4,4,4,4,4,4,4,4,4,4,4,4,4,3,4,4,4,4,4,3,4,5,4,4,4,3,4,4,4,4,4,3,4,4,4,4,4,4,4,4,4,4,5,4,4,4,4,4,4,4,4,4,4,4,4,4,4,4,5,4,4,4,3,4,4,4,4,4,3,4,5,4,4,4,3,4,4,4,4,4,3,4,4,4,4,4,4,4,4,4,4,5,4,4,4,4,4,4,4,4,4,4,4,4,4,4,4,5,4,4,4,3,4,4,4,4,4,3,4,5,4,4,4,3,4,4,4,4,4,3,4,4,4,4,4,4,4,4,4,4,5,4,4,4,4,4,4,4,4,4,4,4,4,4,4,4,5,4,4,4,3,4,4,4,4,4,3,4,5,4,4,4,3,4,4,4,4,4,3,4,4,4,4,4,4,4,4,4,4,5,4,4,4,4,4,4,4,4,4,4,4,4,4,4,4,5,4,4,4,3,4,4,4,4,4,3,4,5,4,4,4,3,4,4,4,4,4,3,4,4,5,6,8,7,3,3,3,3,3,3,3,3,3,3,9,7,5,4,4,4,4,4,4,4,4,4,4,4,4,4,4,4,4,4,4,3,4,4,4,4,4,4,4,4,4,4,4,4,4,4,4,4,4,4,3,4,4,4,4,4,4,4,4,4,4,4,4,3,4,4,4,4,4,3,4,4,4,4,4,4,4,4,4,4,4,3,3,4,4,4,4,3,2,4,4,4,3,3,2,3,3,3,3,3,2,2,3,3,3,3,2,2,2,3,3,3,2,2,2,2,2,2,2,2,2,2,2,2,2,2,2,2,2,2,2,2,2,2,2,2,2,2,2,2,,,,,,,,
142,392.0,6.0,4,4,4,4,4,5,4,3,4,4,4,4,4,3,4,4,4,4,4,3,4,4,4,4,4,3,4,4,4,4,4,3,4,4,4,4,4,3,4,4,4,4,4,3,4,4,4,4,4,3,4,4,4,4,4,3,4,5,4,4,5,3,3,4,4,4,4,3,3,4,4,4,4,4,3,4,4,4,4,4,3,4,4,4,4,4,3,4,4,4,4,4,3,4,4,4,4,4,3,4,5,4,4,4,3,4,4,4,4,4,3,4,4,4,4,4,3,3,4,4,4,4,4,3,4,4,4,4,4,3,4,4,4,4,4,3,4,4,4,4,4,3,4,4,4,4,4,3,4,4,4,4,4,3,4,4,4,4,4,3,4,4,4,4,4,3,3,4,4,4,4,4,3,4,4,4,4,4,3,4,4,4,4,4,3,4,4,4,4,4,3,4,4,4,4,4,3,4,4,4,4,4,3,4,4,4,4,4,3,4,4,4,4,4,3,3,4,4,4,4,4,3,4,4,4,4,4,3,4,4,4,4,4,3,4,4,4,4,4,3,4,4,4,4,4,3,4,5,5,9,12,24,22,18,13,11,9,6,3,9,17,17,13,7,6,4,4,4,4,4,4,3,4,4,4,4,4,3,4,4,4,4,4,3,4,4,4,4,4,3,4,5,4,4,4,3,4,4,4,4,5,3,4,4,4,4,4,3,4,4,4,4,4,3,4,4,4,4,4,3,3,4,4,4,4,4,3,4,4,4,4,4,3,4,4,4,4,4,3,4,4,4,4,4,3,4,4,4,4,4,3,4,4,4,4,4,3,4,4,4,4,4,3,4,3,4,4,4,3,4,3,4,4,4,3,4,3,4,4,4,3,3,3,4,4,4,3,3,3,4,4,4,,,,,,,,
143,392.0,10.0,4,4,4,4,4,5,4,3,4,4,4,4,4,3,4,4,4,4,4,2,4,4,4,4,4,2,4,4,4,4,4,3,4,4,4,4,4,3,4,4,4,4,4,3,4,4,4,4,4,3,4,5,4,4,4,3,4,5,4,4,5,3,3,4,4,4,4,4,3,4,4,4,4,4,3,4,4,4,4,4,3,4,4,4,4,4,3,4,4,4,4,4,3,4,4,4,4,4,3,4,4,4,4,4,3,4,5,4,4,4,3,4,5,4,4,5,3,3,4,4,4,4,4,3,4,4,4,4,4,3,4,4,4,4,4,3,4,4,4,4,4,3,4,4,4,4,4,3,4,4,4,4,4,3,4,5,4,4,4,3,4,5,4,4,5,3,3,4,4,4,4,4,3,4,4,4,4,4,3,4,4,4,4,4,3,4,4,4,4,4,3,4,4,4,4,4,3,4,4,4,4,4,3,4,5,4,4,4,3,4,5,4,4,5,3,3,4,4,4,4,3,3,4,4,4,4,4,3,4,4,4,4,4,3,4,4,4,4,4,3,4,4,4,4,4,3,4,5,5,10,17,29,22,17,13,10,8,5,2,10,19,18,13,7,6,4,4,4,4,4,4,3,4,4,4,4,4,3,4,4,4,4,4,3,4,4,4,4,4,3,4,4,4,4,4,3,4,4,4,4,5,3,4,4,4,4,4,3,4,4,4,4,4,3,4,4,4,4,4,3,3,4,4,4,4,4,3,4,4,4,4,4,3,4,4,4,4,4,3,4,4,4,4,4,3,4,4,4,4,4,3,4,4,4,4,4,3,4,4,4,4,4,3,4,4,4,4,4,3,4,4,4,4,5,3,4,4,4,4,5,3,4,3,4,4,4,3,4,3,4,4,4,,,,,,,,
144,396.0,1.0,4,4,3,4,4,4,4,3,4,4,4,4,4,4,4,4,4,4,4,3,4,5,4,4,4,3,4,5,4,4,4,3,4,4,4,4,4,4,4,4,4,4,5,4,4,4,4,4,4,4,4,4,5,4,4,4,3,4,5,4,4,4,3,4,4,4,4,4,3,4,4,4,4,5,4,4,4,4,4,4,4,4,4,4,4,4,4,3,4,4,4,4,4,3,4,4,4,4,4,3,4,4,4,4,5,4,4,4,4,4,4,4,4,4,4,4,4,4,3,4,4,4,4,4,3,4,4,4,4,4,2,4,4,4,4,4,4,4,4,4,4,4,4,4,4,4,4,4,4,4,4,5,4,4,4,3,4,5,4,4,4,3,4,4,4,4,4,3,4,4,4,4,5,4,4,4,4,4,4,4,4,4,4,4,4,4,3,4,4,4,4,4,3,4,4,4,4,4,3,4,4,4,4,5,4,4,4,4,4,4,4,4,4,4,4,4,4,3,4,4,4,4,4,3,4,4,4,4,4,2,4,4,4,4,4,4,4,4,4,4,4,4,4,4,4,4,4,4,4,4,4,5,8,6,7,3,3,3,3,3,3,3,3,3,3,11,3,5,4,4,4,4,4,3,4,4,4,4,4,4,4,4,4,4,4,4,3,4,4,4,4,4,4,4,4,4,4,4,4,4,4,4,4,4,4,3,4,4,4,4,4,4,3,4,4,4,4,4,3,4,4,4,4,4,3,4,4,4,4,4,3,3,4,4,4,4,3,3,4,4,4,4,3,3,3,4,4,4,3,3,2,3,4,3,3,3,2,3,3,3,3,3,2,2,3,3,3,3,2,2,2,2,2,2,2,2,2,2,2,2,2,2,2,2,2,2,2,2,2,2,2,2,2,2,2,2,,,,
145,396.0,6.0,4,4,4,4,4,5,4,3,4,4,4,4,4,3,4,4,4,4,4,3,4,4,4,4,4,3,4,4,4,4,4,3,4,4,4,4,4,3,3,4,4,4,4,3,3,4,4,4,4,4,3,4,4,4,4,4,3,4,4,4,4,4,3,4,4,4,4,4,3,4,5,4,4,5,3,3,4,4,4,4,3,3,4,4,4,4,4,3,4,4,4,4,4,3,4,4,4,4,4,3,4,5,4,4,4,3,4,4,4,4,4,3,3,4,4,4,4,4,3,4,4,4,4,4,3,4,4,4,4,4,3,4,4,4,4,4,3,4,5,4,4,5,3,3,4,4,4,4,4,3,4,4,4,4,4,3,4,4,4,4,4,3,4,4,4,4,4,3,4,5,4,4,4,3,4,4,4,4,4,3,3,4,4,4,4,4,3,4,4,4,4,4,3,4,4,4,4,4,3,4,4,4,4,4,3,4,5,4,4,4,3,3,4,4,4,4,4,3,4,4,4,4,4,3,4,4,4,4,4,3,4,4,4,4,4,3,4,4,4,4,5,3,3,4,4,4,4,3,3,4,5,6,14,21,21,18,14,12,10,8,5,3,17,16,15,11,7,5,4,4,4,4,4,4,3,4,4,4,4,4,3,4,4,4,4,4,3,4,4,4,4,4,3,4,4,4,4,4,3,4,4,4,4,4,3,4,4,4,4,4,3,3,4,4,4,4,4,3,4,4,4,4,4,3,4,4,4,4,4,3,4,4,4,4,4,3,4,4,4,4,4,3,4,4,4,4,4,3,4,4,4,4,4,3,3,3,4,4,4,4,3,3,4,4,4,4,3,3,4,4,4,4,3,3,3,4,4,4,3,3,3,4,4,4,3,3,3,4,4,4,3,3,3,3,4,4,,,,
146,396.0,10.0,4,4,4,4,4,5,4,3,4,4,4,4,4,3,4,4,4,4,4,3,4,4,4,4,4,3,4,4,4,4,4,3,4,4,4,4,4,3,3,4,4,4,4,4,3,4,4,4,4,4,3,4,4,4,4,4,3,4,4,4,4,4,3,4,4,4,4,4,3,4,4,4,4,5,3,3,4,4,4,4,4,3,4,4,4,4,4,3,4,4,4,4,4,3,4,4,4,4,4,3,4,4,4,4,4,3,4,5,4,4,5,3,3,4,4,4,4,4,3,4,4,4,4,4,3,4,4,4,4,4,3,4,4,4,4,4,3,4,5,4,4,5,3,4,4,4,4,4,3,3,4,4,4,4,4,3,4,4,4,4,4,3,4,4,4,4,4,3,4,4,4,4,4,3,4,5,4,4,4,3,3,4,4,4,4,4,3,4,4,4,4,4,3,4,4,4,4,4,3,4,4,4,4,4,3,4,4,4,4,5,3,3,4,4,4,4,4,3,4,4,4,4,4,3,4,4,4,4,4,3,4,4,4,4,4,3,4,5,4,4,4,3,4,4,4,4,4,3,3,5,5,7,14,23,18,19,14,12,9,6,4,6,20,18,16,11,7,5,4,4,4,4,4,4,3,4,4,4,4,4,3,4,4,4,4,4,3,4,4,4,4,4,3,4,4,4,4,4,3,4,4,4,4,4,3,4,4,4,4,4,3,3,4,4,4,4,4,3,4,4,4,4,4,3,4,4,4,4,4,3,4,4,4,4,4,3,4,4,4,4,4,3,4,4,4,4,4,3,4,4,4,4,4,3,3,4,4,4,4,4,3,4,4,4,4,4,3,4,4,4,4,4,3,4,4,4,4,4,3,4,4,4,4,4,3,4,3,4,4,4,3,4,3,4,4,4,,,,
147,400.0,1.0,4,4,3,4,4,4,4,3,4,4,4,5,4,3,4,4,4,4,4,3,4,5,4,4,4,3,4,4,4,4,4,4,4,4,4,4,4,4,4,4,5,4,4,4,3,4,4,4,4,4,3,4,4,4,4,5,4,4,4,4,4,4,4,4,4,5,4,4,4,3,4,4,4,4,4,3,4,4,4,4,5,4,4,4,4,4,4,4,4,4,5,4,4,4,3,4,4,4,4,4,3,4,4,4,4,5,4,4,4,4,4,4,4,4,4,5,4,4,4,3,4,4,4,4,4,3,4,4,4,4,5,4,4,4,4,4,4,4,4,4,5,4,4,4,3,4,4,4,4,4,3,4,4,4,4,5,4,4,4,4,4,4,4,4,4,5,4,4,4,3,4,4,4,4,4,3,4,4,4,4,5,4,4,4,4,4,4,4,4,4,5,4,4,4,3,4,4,4,4,4,3,4,4,4,4,5,4,4,4,4,4,4,4,4,4,5,4,4,4,3,4,4,4,4,4,3,4,4,4,4,5,4,4,4,4,4,4,4,4,4,5,4,4,4,3,4,4,4,4,4,3,4,4,5,5,9,7,4,3,3,3,3,3,3,3,3,3,3,11,5,4,4,4,4,4,4,3,4,4,4,4,4,4,4,4,4,4,4,4,3,4,4,4,4,4,4,4,4,4,4,4,4,4,4,4,4,4,4,2,4,4,4,4,4,4,3,4,4,4,4,4,3,4,4,4,4,4,4,3,4,4,4,4,3,3,4,4,4,4,4,3,3,4,4,4,4,3,3,4,4,4,4,3,2,3,4,4,3,3,3,2,3,3,3,3,3,2,2,3,3,3,2,2,2,2,2,2,2,2,2,2,2,2,2,2,2,2,2,2,2,2,2,2,2,2,2,2,2,2,2
148,400.0,6.0,4,4,4,4,4,4,4,3,4,4,4,4,4,3,4,4,4,4,4,3,4,5,4,4,4,3,3,4,4,4,5,3,3,4,4,4,4,4,3,4,4,4,4,4,3,4,4,4,4,4,3,4,5,4,4,5,3,3,4,4,4,4,4,3,4,4,4,4,4,3,4,4,4,4,4,3,4,4,4,4,5,3,3,4,4,4,4,4,3,4,4,4,4,4,3,4,4,4,4,4,3,4,5,4,4,4,3,3,4,4,4,4,3,3,4,4,4,4,4,3,4,4,4,4,4,3,4,5,4,4,4,3,3,4,4,4,4,3,3,4,4,4,4,4,3,4,4,4,4,4,3,4,5,4,4,4,3,4,4,4,4,4,3,3,4,4,4,4,4,3,4,4,4,4,4,3,4,5,4,4,4,3,4,4,4,4,4,3,3,4,4,4,4,4,3,4,4,4,4,4,3,4,5,4,4,4,3,4,4,4,4,4,3,3,4,4,4,4,4,3,4,4,4,4,4,3,4,5,4,4,4,3,4,4,4,4,4,3,3,4,4,4,4,4,3,4,4,4,4,4,3,4,5,5,9,14,18,21,18,14,12,9,7,4,7,16,16,14,7,6,5,3,5,4,4,4,3,4,4,4,4,4,3,3,4,4,4,4,4,3,4,4,4,4,4,3,4,4,4,4,4,3,4,4,4,4,4,3,4,4,4,4,4,4,3,4,4,4,4,4,3,4,4,4,4,4,3,4,4,4,4,5,3,4,4,4,4,4,3,3,4,4,4,4,4,3,4,4,4,4,4,3,4,4,4,4,4,3,4,4,4,4,4,3,4,3,4,4,4,3,3,3,4,4,4,4,3,3,3,4,4,4,3,3,3,4,4,4,3,3,3,4,4,4,3,3,3,3,4,4
149,400.0,10.0,4,4,4,3,4,4,4,3,4,4,4,4,4,3,4,4,4,4,4,3,4,5,4,4,4,3,3,4,4,4,4,4,3,4,4,4,4,4,3,4,4,4,4,4,3,4,4,4,4,4,3,4,4,4,4,5,3,3,4,4,4,4,4,3,4,4,4,4,4,3,4,4,4,4,4,3,4,5,4,4,4,3,3,4,4,4,4,4,3,4,4,4,4,4,3,4,4,4,4,4,3,4,5,4,4,4,3,4,4,4,4,4,3,3,4,4,4,4,4,3,4,4,4,4,4,3,4,4,4,4,4,3,4,4,4,4,4,3,3,4,4,4,4,4,3,4,4,4,4,4,3,4,4,4,4,4,3,4,4,4,4,4,3,3,4,4,4,4,4,3,4,4,4,4,4,3,4,4,4,4,4,3,4,4,4,4,4,3,3,4,4,4,4,4,3,4,4,4,4,4,3,4,4,4,4,4,3,4,5,4,4,4,3,3,4,4,4,4,4,3,4,4,4,4,4,3,4,4,4,4,4,3,4,5,4,4,4,3,3,4,4,4,4,4,3,4,4,4,4,4,3,4,5,5,9,16,28,23,19,13,11,8,6,2,8,19,19,15,8,6,5,3,5,4,4,4,3,4,4,4,4,4,4,3,4,4,4,4,4,3,4,4,4,4,4,3,4,4,4,4,4,3,4,4,4,4,4,3,4,4,4,4,4,4,3,4,4,4,4,4,3,4,4,4,4,4,3,4,4,4,4,4,3,4,4,4,4,4,3,3,4,4,4,4,4,3,4,4,4,4,4,3,4,4,4,4,4,3,4,4,4,4,5,3,4,4,4,4,4,3,3,4,4,4,4,4,3,3,4,4,4,4,3,4,4,4,4,4,3,4,3,4,4,4,3,4,3,4,4,4
