# time  I_Lf_no_restart
0.000000000000000000e+00 0.000000000000000000e+00
9.999999999999999547e-08 9.797545159999999285e-06
1.499999999999999932e-07 1.714321510000000145e-05
1.950000000000000124e-07 2.573449209999999871e-05
2.355000000000000110e-07 3.506926189999999755e-05
2.759999999999999833e-07 4.600533289999999675e-05
3.165000000000000084e-07 5.854138690000000112e-05
3.569999999999999807e-07 7.267610660000000647e-05
3.975000000000000058e-07 8.840817599999999934e-05
4.379999999999999781e-07 1.057362799999999979e-04
4.784999999999999503e-07 1.246591049999999873e-04
5.190000000000000284e-07 1.451753370000000002e-04
5.595000000000000006e-07 1.672836659999999993e-04
5.999999999999999728e-07 1.909827799999999957e-04
6.405000000000000510e-07 2.162713699999999886e-04
6.810000000000000232e-07 2.431481280000000005e-04
7.214999999999999954e-07 2.708186420000000178e-04
8.025000000000000457e-07 3.309182890000000161e-04
8.834999999999999902e-07 3.973549259999999768e-04
9.645000000000000405e-07 4.701181200000000091e-04
1.045499999999999985e-06 5.491974539999999955e-04
1.126499999999999929e-06 6.345825290000000176e-04
1.207500000000000086e-06 7.262629620000000388e-04
1.288500000000000030e-06 8.242283869999999547e-04
1.369499999999999975e-06 9.284684580000000147e-04
1.450499999999999919e-06 1.038972840000000099e-03
1.531500000000000075e-06 1.155731220000000108e-03
1.612500000000000020e-06 1.278733310000000059e-03
1.693499999999999964e-06 1.407968820000000086e-03
1.774499999999999909e-06 1.543427480000000027e-03
1.855500000000000065e-06 1.685099059999999992e-03
1.936500000000000009e-06 1.832973319999999916e-03
2.017500000000000165e-06 1.987040050000000047e-03
2.098499999999999898e-06 2.147289049999999942e-03
2.179500000000000054e-06 2.313710149999999906e-03
2.260500000000000211e-06 2.486293179999999811e-03
2.341499999999999943e-06 2.665027999999999841e-03
2.422500000000000099e-06 2.849904470000000183e-03
2.503499999999999832e-06 3.040912489999999992e-03
2.584499999999999988e-06 3.238041960000000163e-03
2.665500000000000145e-06 3.441282800000000208e-03
2.746499999999999877e-06 3.650624949999999990e-03
2.827500000000000034e-06 3.866058360000000204e-03
2.908500000000000190e-06 4.087572999999999727e-03
2.989499999999999922e-06 4.315158870000000355e-03
3.070500000000000079e-06 4.548805950000000056e-03
3.232499999999999968e-06 5.034238929999999661e-03
3.394499999999999856e-06 5.543797290000000190e-03
3.556500000000000169e-06 6.077401649999999642e-03
3.718500000000000058e-06 6.634972900000000139e-03
3.880500000000000370e-06 7.216432170000000243e-03
4.042499999999999836e-06 7.821700859999999172e-03
4.204500000000000148e-06 8.450700639999999403e-03
4.366499999999999613e-06 9.103353419999999849e-03
4.528499999999999926e-06 9.779581379999999213e-03
4.690500000000000238e-06 1.047930690000000060e-02
4.852499999999999704e-06 1.120245280000000017e-02
5.014500000000000016e-06 1.194894189999999926e-02
5.176500000000000329e-06 1.271869739999999943e-02
5.338499999999999794e-06 1.351164269999999973e-02
5.500500000000000106e-06 1.432770170000000065e-02
5.662500000000000419e-06 1.516679810000000003e-02
5.824499999999999884e-06 1.602885620000000025e-02
5.986500000000000197e-06 1.691380049999999940e-02
6.148499999999999662e-06 1.782155569999999828e-02
6.310499999999999974e-06 1.875204659999999898e-02
6.472500000000000287e-06 1.970519860000000123e-02
6.796500000000000065e-06 2.167915039999999960e-02
7.120499999999999842e-06 2.374285510000000154e-02
7.444499999999999620e-06 2.589572299999999896e-02
7.768500000000000245e-06 2.813716830000000113e-02
8.092499999999999176e-06 3.046660899999999866e-02
8.416499999999999801e-06 3.288346699999999956e-02
8.740500000000000426e-06 3.538716799999999663e-02
9.064499999999999356e-06 3.797714139999999738e-02
9.388499999999999981e-06 4.065282030000000324e-02
9.712500000000000606e-06 4.341364169999999828e-02
1.003649999999999954e-05 4.625904630000000212e-02
1.036050000000000016e-05 4.918847820000000343e-02
1.068450000000000079e-05 5.220138540000000132e-02
1.100849999999999972e-05 5.529721950000000136e-02
1.133250000000000034e-05 5.847543560000000029e-02
1.165649999999999927e-05 6.173549250000000266e-02
1.198049999999999990e-05 6.507685239999999594e-02
1.230450000000000052e-05 6.849898120000000312e-02
1.262849999999999945e-05 7.200134819999999547e-02
1.295250000000000008e-05 7.558342619999999790e-02
1.360049999999999963e-05 8.298436620000000652e-02
1.424849999999999919e-05 9.069791700000000290e-02
1.489650000000000044e-05 9.871998410000000501e-02
1.554449999999999999e-05 1.070465270000000024e-01
1.619250000000000124e-05 1.156735569999999963e-01
1.684049999999999911e-05 1.245971389999999956e-01
1.748850000000000036e-05 1.338133880000000053e-01
1.813650000000000161e-05 1.433184720000000023e-01
1.878449999999999947e-05 1.531086060000000082e-01
1.943250000000000072e-05 1.631800589999999884e-01
2.008049999999999858e-05 1.735291429999999968e-01
2.072849999999999983e-05 1.841522240000000032e-01
2.137650000000000108e-05 1.950457130000000094e-01
2.202449999999999894e-05 2.062060659999999934e-01
2.267250000000000019e-05 2.176297899999999896e-01
2.332050000000000144e-05 2.293134330000000110e-01
2.396849999999999930e-05 2.412535919999999889e-01
2.526449999999999841e-05 2.658884340000000068e-01
2.656050000000000091e-05 2.915096699999999985e-01
2.785650000000000002e-05 3.180916260000000162e-01
2.915249999999999913e-05 3.456092960000000103e-01
3.044850000000000163e-05 3.740383239999999776e-01
3.174450000000000074e-05 4.033549889999999971e-01
3.304050000000000324e-05 4.335361859999999901e-01
3.433649999999999897e-05 4.645594109999999777e-01
3.563250000000000147e-05 4.964027440000000069e-01
3.692849999999999719e-05 5.290448389999999890e-01
3.822449999999999969e-05 5.624649000000000454e-01
3.952050000000000219e-05 5.966426759999999829e-01
4.081649999999999791e-05 6.315584410000000259e-01
4.211250000000000041e-05 6.671929829999999617e-01
4.470449999999999863e-05 7.405352689999999960e-01
4.729649999999999686e-05 8.165352569999999588e-01
4.988850000000000185e-05 8.950563270000000404e-01
5.248050000000000008e-05 9.759688760000000407e-01
5.507249999999999830e-05 1.059149949999999896e+00
5.766450000000000330e-05 1.144482919999999959e+00
6.025650000000000152e-05 1.231857140000000017e+00
6.284849999999999974e-05 1.321167619999999987e+00
6.544050000000000474e-05 1.412314800000000092e+00
6.803249999999999619e-05 1.505204210000000042e+00
7.062450000000000119e-05 1.599746220000000108e+00
7.580849999999999763e-05 1.793415049999999900e+00
8.099249999999999408e-05 1.992736939999999901e+00
8.617650000000000407e-05 2.197144559999999913e+00
9.136050000000000052e-05 2.406127360000000159e+00
9.654449999999999696e-05 2.619225859999999795e+00
1.017284999999999934e-04 2.836026540000000207e+00
1.069125000000000034e-04 3.056157259999999987e+00
1.172804999999999963e-04 3.504973360000000149e+00
1.276484999999999892e-04 3.963555040000000140e+00
1.380165000000000092e-04 4.430027070000000400e+00
1.483845000000000021e-04 4.902870970000000383e+00
1.691204999999999879e-04 5.862620869999999762e+00
2.091205000000000115e-04 7.747309819999999903e+00
2.491204999999999808e-04 9.655953139999999379e+00
2.891204999999999773e-04 1.157368639999999971e+01
3.291204999999999738e-04 1.349406699999999937e+01
3.691205000000000245e-04 1.541420339999999989e+01
4.000000000000000192e-04 1.689546410000000165e+01
4.000000000000000192e-04 0.000000000000000000e+00
4.001000000000000216e-04 3.909683790000000048e-02
4.001031250000000030e-04 4.031854590000000238e-02
4.001059375000000405e-04 4.141802800000000256e-02
4.001115625000000071e-04 4.361688159999999731e-02
4.001228124999999945e-04 4.801392649999999818e-02
4.001453125000000235e-04 5.680536779999999925e-02
4.001903125000000274e-04 7.437766199999999717e-02
4.002803125000000350e-04 1.094799459999999947e-01
4.004603124999999960e-04 1.795156800000000108e-01
4.006403125000000112e-04 2.493269200000000074e-01
4.008203125000000264e-04 3.189144870000000243e-01
4.011803125000000026e-04 4.574222709999999914e-01
4.015403125000000331e-04 5.950451249999999526e-01
4.019003125000000093e-04 7.317895030000000078e-01
4.022603125000000397e-04 8.676618149999999474e-01
4.026203125000000159e-04 1.002668420000000005e+00
4.033403125000000226e-04 1.270112839999999910e+00
4.040603125000000293e-04 1.534169530000000004e+00
4.047803125000000359e-04 1.794887740000000065e+00
4.055003125000000426e-04 2.052316010000000190e+00
4.062203124999999950e-04 2.306502159999999968e+00
4.069403125000000017e-04 2.557493309999999909e+00
4.076603125000000083e-04 2.805335910000000155e+00
4.083803125000000150e-04 3.050075740000000035e+00
4.098203125000000283e-04 3.530448540000000079e+00
4.112603125000000416e-04 3.998941729999999861e+00
4.127003125000000008e-04 4.455898180000000153e+00
4.141403125000000141e-04 4.901650860000000165e+00
4.155803125000000274e-04 5.336523139999999721e+00
4.170203125000000407e-04 5.760829030000000017e+00
4.184603124999999998e-04 6.174873490000000409e+00
4.199003125000000131e-04 6.578952669999999614e+00
4.213403125000000264e-04 6.973354170000000352e+00
4.227803125000000398e-04 7.358357279999999889e+00
4.242203124999999989e-04 7.734233240000000009e+00
4.256603125000000122e-04 8.101245439999999576e+00
4.285403125000000388e-04 8.809813280000000191e+00
4.314203125000000113e-04 9.485887350000000495e+00
4.343003125000000379e-04 1.013131629999999994e+01
4.371803125000000103e-04 1.074784359999999950e+01
4.400603125000000370e-04 1.133711339999999979e+01
4.429403125000000094e-04 1.190067630000000065e+01
4.458203125000000360e-04 1.243999449999999918e+01
4.487003125000000084e-04 1.295644730000000067e+01
4.515803125000000351e-04 1.345133500000000026e+01
4.544603125000000075e-04 1.392588429999999988e+01
4.573403125000000341e-04 1.438125179999999936e+01
4.602203125000000066e-04 1.481852839999999993e+01
4.631003125000000332e-04 1.523874290000000009e+01
4.688603125000000323e-04 1.603223029999999838e+01
4.746203125000000313e-04 1.676831920000000054e+01
4.803803125000000304e-04 1.745335499999999840e+01
4.861403125000000294e-04 1.809298069999999825e+01
4.919003125000000285e-04 1.869221449999999862e+01
4.976603124999999734e-04 1.925551899999999961e+01
5.034203120000000286e-04 1.978686280000000153e+01
5.091803119999999735e-04 2.028977499999999878e+01
5.149403120000000268e-04 2.076739410000000063e+01
5.264603130000000209e-04 2.165865300000000104e+01
5.379803130000000190e-04 2.247797590000000056e+01
5.495003120000000211e-04 2.324038300000000135e+01
5.610203120000000192e-04 2.395774240000000077e+01
5.725403120000000174e-04 2.463943090000000069e+01
5.955803120000000136e-04 2.592596470000000153e+01
6.355803120000000101e-04 2.800550520000000176e+01
6.755803120000000066e-04 2.997652160000000165e+01
7.155803120000000031e-04 3.189891610000000099e+01
7.555803119999999996e-04 3.379777049999999861e+01
7.955803119999999961e-04 3.568348730000000302e+01
8.000000000000000383e-04 3.589123490000000061e+01
8.000000000000000383e-04 0.000000000000000000e+00
8.000999999999999866e-04 7.756729780000000407e-02
8.001031250000000764e-04 7.999113099999999310e-02
8.001059375000000055e-04 8.217246370000000355e-02
8.001115625000000805e-04 8.653489440000000643e-02
8.001228125000000137e-04 9.525834860000000071e-02
8.001453124999999885e-04 1.126996299999999951e-01
8.001903125000000465e-04 1.475596959999999902e-01
8.002803125000000541e-04 2.171899479999999938e-01
8.004603125000000693e-04 3.560917499999999847e-01
8.006403125000000846e-04 4.945165910000000054e-01
8.008203124999999914e-04 6.324662159999999700e-01
8.011803125000000218e-04 9.069476170000000392e-01
8.015403125000000522e-04 1.179548889999999961e+00
8.019003125000000827e-04 1.450283760000000033e+00
8.022603125000000047e-04 1.719165840000000056e+00
8.026203125000000351e-04 1.986208650000000020e+00
8.033403124999999876e-04 2.514836589999999816e+00
8.040603125000000484e-04 3.036266980000000171e+00
8.047803125000000009e-04 3.550604449999999801e+00
8.055003125000000617e-04 4.057952120000000384e+00
8.062203125000000142e-04 4.558411590000000402e+00
8.069403125000000751e-04 5.052082989999999718e+00
8.076603125000000275e-04 5.539064999999999905e+00
8.083803125000000884e-04 6.019454869999999680e+00
8.091003125000000408e-04 6.493348420000000232e+00
8.105403125000000542e-04 7.422068440000000322e+00
8.119803125000000675e-04 8.325916039999999185e+00
8.134203125000000808e-04 9.205609100000000211e+00
8.148603124999999857e-04 1.006184479999999937e+01
8.163003124999999990e-04 1.089530010000000004e+01
8.177403125000000123e-04 1.170663260000000072e+01
8.191803125000000256e-04 1.249648080000000050e+01
8.206203125000000390e-04 1.326546459999999961e+01
8.220603125000000523e-04 1.401418639999999982e+01
8.235003125000000656e-04 1.474323079999999919e+01
8.249403125000000789e-04 1.545316569999999956e+01
8.263803125000000922e-04 1.614454269999999880e+01
8.278203124999999971e-04 1.681789739999999966e+01
8.307003125000000238e-04 1.811284669999999863e+01
8.335803125000000504e-04 1.934172769999999986e+01
8.364603125000000770e-04 2.050829930000000090e+01
8.393403124999999953e-04 2.161610639999999961e+01
8.422203125000000219e-04 2.266849230000000048e+01
8.451003125000000485e-04 2.366860959999999992e+01
8.479803125000000752e-04 2.461943189999999859e+01
8.508603124999999934e-04 2.552376329999999882e+01
8.537403125000000200e-04 2.638424810000000065e+01
8.566203125000000466e-04 2.720338040000000035e+01
8.595003125000000733e-04 2.798351219999999984e+01
8.623803124999999915e-04 2.872686159999999944e+01
8.652603125000000181e-04 2.943552040000000147e+01
8.710203125000000714e-04 3.075739790000000085e+01
8.767803125000000163e-04 3.196257530000000102e+01
8.825403125000000695e-04 3.306395570000000106e+01
8.883003125000000144e-04 3.407301360000000301e+01
8.940603125000000677e-04 3.499995330000000138e+01
8.998203125000000125e-04 3.585384940000000142e+01
9.055803120000000678e-04 3.664277200000000079e+01
9.113403120000000126e-04 3.737389770000000055e+01
9.171003120000000659e-04 3.805360859999999690e+01
9.228603120000000107e-04 3.868758019999999931e+01
9.343803120000000089e-04 3.983982699999999966e+01
9.459003120000000070e-04 4.086199100000000328e+01
9.574203120000000051e-04 4.178123790000000071e+01
9.689403120000000032e-04 4.261903319999999695e+01
9.804603120000001098e-04 4.339233790000000113e+01
1.003500312000000106e-03 4.480005469999999690e+01
1.043500311999999994e-03 4.696579559999999987e+01
1.083500313000000095e-03 4.893587759999999776e+01
1.123500312999999983e-03 5.081887100000000146e+01
1.163500312000000092e-03 5.266038149999999973e+01
1.200000000000000112e-03 5.432087179999999904e+01
1.200000000000000112e-03 0.000000000000000000e+00
1.200100000000000168e-03 1.148144749999999992e-01
1.200103125000000041e-03 1.184022079999999949e-01
1.200105937500000079e-03 1.216309909999999939e-01
1.200111562500000154e-03 1.280882000000000132e-01
1.200122812500000087e-03 1.410004900000000061e-01
1.200145312500000170e-03 1.668165510000000074e-01
1.200190312500000120e-03 2.184146260000000006e-01
1.200280312500000019e-03 3.214747359999999832e-01
1.200460312500000034e-03 5.270520400000000549e-01
1.200640312500000050e-03 7.319074410000000475e-01
1.200820312500000065e-03 9.360435759999999883e-01
1.201180312500000095e-03 1.342169860000000048e+00
1.201540312500000126e-03 1.745450469999999976e+00
1.201900312500000156e-03 2.145906179999999885e+00
1.202260312500000186e-03 2.543557600000000196e+00
1.202620312500000217e-03 2.938425169999999920e+00
1.203340312500000061e-03 3.719899859999999947e+00
1.204060312500000122e-03 4.490480690000000052e+00
1.204780312500000183e-03 5.250326010000000210e+00
1.205500312500000027e-03 5.999591900000000422e+00
1.206220312500000088e-03 6.738432139999999571e+00
1.206940312500000148e-03 7.466998300000000199e+00
1.207660312500000209e-03 8.185439730000000580e+00
1.208380312500000053e-03 8.893903599999999798e+00
1.209100312500000114e-03 9.592534970000000882e+00
1.210540312500000019e-03 1.096093869999999981e+01
1.211980312500000141e-03 1.229169680000000042e+01
1.213420312500000046e-03 1.358589579999999941e+01
1.214860312500000167e-03 1.484459090000000003e+01
1.216300312500000072e-03 1.606880680000000083e+01
1.217740312500000194e-03 1.725953870000000023e+01
1.219180312500000099e-03 1.841775300000000115e+01
1.220620312500000221e-03 1.954438820000000021e+01
1.222060312500000126e-03 2.064035570000000064e+01
1.223500312500000031e-03 2.170654070000000146e+01
1.224940312500000152e-03 2.274380269999999982e+01
1.226380312500000057e-03 2.375297630000000026e+01
1.227820312500000179e-03 2.473487229999999926e+01
1.230700312500000206e-03 2.662032320000000141e+01
1.233580312500000015e-03 2.840577700000000050e+01
1.236460312500000042e-03 3.009692289999999915e+01
1.239340312500000069e-03 3.169912649999999843e+01
1.242220312500000095e-03 3.321744780000000219e+01
1.245100312500000122e-03 3.465665899999999766e+01
1.247980312500000149e-03 3.602126040000000273e+01
1.250860312500000175e-03 3.731549640000000068e+01
1.253740312500000202e-03 3.854336940000000311e+01
1.256620312500000012e-03 3.970865440000000035e+01
1.259500312500000038e-03 4.081491119999999739e+01
1.262380312500000065e-03 4.186549720000000008e+01
1.265260312500000092e-03 4.286357840000000152e+01
1.268140312500000118e-03 4.381214080000000166e+01
1.273900312500000171e-03 4.557303040000000038e+01
1.279660312500000008e-03 4.716733719999999863e+01
1.285420312500000061e-03 4.861347930000000161e+01
1.291180312500000114e-03 4.992783579999999688e+01
1.296940312500000168e-03 5.112497280000000188e+01
1.302700312000000006e-03 5.221784370000000308e+01
1.308460312000000059e-03 5.321796820000000139e+01
1.314220312000000113e-03 5.413559049999999928e+01
1.319980312000000166e-03 5.497982089999999999e+01
1.325740312000000219e-03 5.575876110000000097e+01
1.337260312000000109e-03 5.715149170000000112e+01
1.348780311999999999e-03 5.835853879999999805e+01
1.360300312000000105e-03 5.941868190000000283e+01
1.371820312000000212e-03 6.036256399999999900e+01
1.383340312000000101e-03 6.121439840000000032e+01
1.406380312000000098e-03 6.271984549999999814e+01
1.446380312000000203e-03 6.493652249999999526e+01
1.486380312000000091e-03 6.687424459999999726e+01
1.526380311999999979e-03 6.868812479999999709e+01
1.566380312000000084e-03 7.044339990000000284e+01
1.600000000000000077e-03 7.189378010000000074e+01
1.600000000000000077e-03 0.000000000000000000e+00
1.600100000000000133e-03 1.502509589999999895e-01
1.600103125000000006e-03 1.549460119999999941e-01
1.600105937500000044e-03 1.591713240000000029e-01
1.600111562500000119e-03 1.676214789999999899e-01
1.600122812500000052e-03 1.845189690000000049e-01
1.600145312500000135e-03 2.183026760000000011e-01
1.600190312500000085e-03 2.858250270000000093e-01
1.600280312499999984e-03 4.206896749999999852e-01
1.600460312499999999e-03 6.897004049999999609e-01
1.600640312500000014e-03 9.577556729999999741e-01
1.600820312500000030e-03 1.224858970000000102e+00
1.601180312500000060e-03 1.756225280000000000e+00
1.601540312500000091e-03 2.283825250000000029e+00
1.601900312500000121e-03 2.807686379999999815e+00
1.602260312500000151e-03 3.327835929999999998e+00
1.602620312500000182e-03 3.844300979999999868e+00
1.603340312500000026e-03 4.866298089999999910e+00
1.604060312500000087e-03 5.873876830000000382e+00
1.604780312500000148e-03 6.867246790000000267e+00
1.605500312499999992e-03 7.846614530000000087e+00
1.606220312500000053e-03 8.812183599999999117e+00
1.606940312500000113e-03 9.764154590000000411e+00
1.607660312500000174e-03 1.070272519999999972e+01
1.608380312500000018e-03 1.162809020000000082e+01
1.609100312500000079e-03 1.254044150000000002e+01
1.610540312499999984e-03 1.432694839999999914e+01
1.611980312500000106e-03 1.606363019999999864e+01
1.613420312500000011e-03 1.775192480000000117e+01
1.614860312500000132e-03 1.939322890000000044e+01
1.616300312500000037e-03 2.098889880000000119e+01
1.617740312500000159e-03 2.254025150000000011e+01
1.619180312500000064e-03 2.404856630000000095e+01
1.620620312499999969e-03 2.551508510000000030e+01
1.622060312500000091e-03 2.694101440000000025e+01
1.623500312499999996e-03 2.832752550000000014e+01
1.624940312500000117e-03 2.967575619999999859e+01
1.626380312500000022e-03 3.098681120000000178e+01
1.627820312500000144e-03 3.226176339999999954e+01
1.630700312500000171e-03 3.470798140000000132e+01
1.633580312499999980e-03 3.702185020000000293e+01
1.636460312500000007e-03 3.921090010000000348e+01
1.639340312500000034e-03 4.128223239999999805e+01
1.642220312500000060e-03 4.324254439999999988e+01
1.645100312500000087e-03 4.509815210000000008e+01
1.647980312500000113e-03 4.685501210000000327e+01
1.650860312500000140e-03 4.851874180000000081e+01
1.653740312500000167e-03 5.009463879999999847e+01
1.656620312499999977e-03 5.158769920000000297e+01
1.659500312500000003e-03 5.300263470000000154e+01
1.662380312500000030e-03 5.434388880000000199e+01
1.665260312500000056e-03 5.561565209999999837e+01
1.668140312500000083e-03 5.682187669999999713e+01
1.673900312500000136e-03 5.905401690000000059e+01
1.679660312500000190e-03 6.106568349999999867e+01
1.685420312500000026e-03 6.288125389999999726e+01
1.691180312500000079e-03 6.452240659999999650e+01
1.696940312500000133e-03 6.600842049999999972e+01
1.702700312000000188e-03 6.735644039999999677e+01
1.708460312000000024e-03 6.858171310000000176e+01
1.714220312000000078e-03 6.969779769999999530e+01
1.719980312000000131e-03 7.071675199999999961e+01
1.725740311999999967e-03 7.164929940000000386e+01
1.737260312000000074e-03 7.329583479999999440e+01
1.748780312000000180e-03 7.469664269999999817e+01
1.760300312000000070e-03 7.590305159999999773e+01
1.771820311999999960e-03 7.695562130000000423e+01
1.783340312000000066e-03 7.788640139999999690e+01
1.794860312000000173e-03 7.872071710000000166e+01
1.817900312000000169e-03 8.018145499999999970e+01
1.857900312000000057e-03 8.230048809999999548e+01
1.897900312000000162e-03 8.412549429999999973e+01
1.937900312000000050e-03 8.581873640000000591e+01
1.977900311999999938e-03 8.744847660000000644e+01
2.000000000000000042e-03 8.833262200000000064e+01
2.000000000000000042e-03 0.000000000000000000e+00
2.000099999999999881e-03 1.833178960000000079e-01
2.000103124999999971e-03 1.890462240000000127e-01
2.000105937500000226e-03 1.942014310000000077e-01
2.000111562499999867e-03 2.045112659999999971e-01
2.000122812500000017e-03 2.251274729999999946e-01
2.000145312499999883e-03 2.663460369999999799e-01
2.000190312500000050e-03 3.487277959999999788e-01
2.000280312499999949e-03 5.132700860000000143e-01
2.000460312500000181e-03 8.414717819999999460e-01
2.000640312499999979e-03 1.168499530000000064e+00
2.000820312500000211e-03 1.494357610000000003e+00
2.001180312500000242e-03 2.142583970000000004e+00
2.001540312499999839e-03 2.786182750000000041e+00
2.001900312499999869e-03 3.425187690000000007e+00
2.002260312499999900e-03 4.059632299999999638e+00
2.002620312499999930e-03 4.689549859999999626e+00
2.003340312499999991e-03 5.935951900000000059e+00
2.004060312500000052e-03 7.164638430000000113e+00
2.004780312500000113e-03 8.375866979999999629e+00
2.005500312500000173e-03 9.569891359999999736e+00
2.006220312500000234e-03 1.074696169999999995e+01
2.006940312499999862e-03 1.190732430000000086e+01
2.007660312499999922e-03 1.305122229999999917e+01
2.008380312499999983e-03 1.417889480000000013e+01
2.009100312500000044e-03 1.529057779999999944e+01
2.010540312500000166e-03 1.746701360000000136e+01
2.011980312499999854e-03 1.958223050000000143e+01
2.013420312499999976e-03 2.163799530000000004e+01
2.014860312500000097e-03 2.363602410000000020e+01
2.016300312500000219e-03 2.557798329999999964e+01
2.017740312499999907e-03 2.746549110000000127e+01
2.019180312500000029e-03 2.930011929999999865e+01
2.020620312500000151e-03 3.108339390000000080e+01
2.022060312499999839e-03 3.281679710000000227e+01
2.023500312499999960e-03 3.450176840000000311e+01
2.024940312500000082e-03 3.613970539999999687e+01
2.026380312500000204e-03 3.773196560000000233e+01
2.027820312499999892e-03 3.927986729999999937e+01
2.030700312500000135e-03 4.224827400000000210e+01
2.033580312499999945e-03 4.505406680000000108e+01
2.036460312500000189e-03 4.770649790000000223e+01
2.039340312499999999e-03 5.021429280000000261e+01
2.042220312500000242e-03 5.258568019999999876e+01
2.045100312500000052e-03 5.482842050000000000e+01
2.047980312499999862e-03 5.694983229999999708e+01
2.050860312500000105e-03 5.895681770000000199e+01
2.053740312499999915e-03 6.085588570000000175e+01
2.056620312500000158e-03 6.265317509999999857e+01
2.059500312499999968e-03 6.435447489999999959e+01
2.062380312500000212e-03 6.596524490000000185e+01
2.065260312500000021e-03 6.749063379999999768e+01
2.068140312500000265e-03 6.893549760000000504e+01
2.073900312499999884e-03 7.160368619999999851e+01
2.079660312499999938e-03 7.400098760000000198e+01
2.085420312499999991e-03 7.615735349999999926e+01
2.091180312500000044e-03 7.809942039999999963e+01
2.096940312500000098e-03 7.985087599999999952e+01
2.102700311999999936e-03 8.143278580000000488e+01
2.108460311999999989e-03 8.286388350000000003e+01
2.114220312000000043e-03 8.416082889999999850e+01
2.119980312000000096e-03 8.533843770000000006e+01
2.125740312000000149e-03 8.640988539999999318e+01
2.137260311999999822e-03 8.828425869999999520e+01
2.148780311999999929e-03 8.985673579999999561e+01
2.160300312000000035e-03 9.119038489999999797e+01
2.171820312000000142e-03 9.233504250000000013e+01
2.183340312000000248e-03 9.333008929999999737e+01
2.194860311999999921e-03 9.420664360000000670e+01
2.217900312000000134e-03 9.570442029999999534e+01
2.257900311999999805e-03 9.779276749999999652e+01
2.297900311999999910e-03 9.952037430000000029e+01
2.337900312000000015e-03 1.010866910000000018e+02
2.377900312000000120e-03 1.025756729999999948e+02
2.400000000000000223e-03 1.033786510000000050e+02
2.400000000000000223e-03 0.000000000000000000e+00
2.400100000000000063e-03 2.134938010000000108e-01
2.400103125000000153e-03 2.201650649999999931e-01
2.400105937500000407e-03 2.261688649999999967e-01
2.400111562500000049e-03 2.381757889999999989e-01
2.400122812500000199e-03 2.621855829999999998e-01
2.400145312500000065e-03 3.101889629999999842e-01
2.400190312500000232e-03 4.061309189999999791e-01
2.400280312500000131e-03 5.977559220000000506e-01
2.400460312500000363e-03 9.799726469999999745e-01
2.400640312500000161e-03 1.360815440000000098e+00
2.400820312500000393e-03 1.740289329999999968e+00
2.401180312500000424e-03 2.495152839999999816e+00
2.401540312500000020e-03 3.244600479999999898e+00
2.401900312500000051e-03 3.988671740000000021e+00
2.402260312500000081e-03 4.727405850000000243e+00
2.402620312500000112e-03 5.460841740000000222e+00
2.403340312500000173e-03 6.911992190000000313e+00
2.404060312500000234e-03 8.342409390000000258e+00
2.404780312500000294e-03 9.752394750000000556e+00
2.405500312500000355e-03 1.114224530000000080e+01
2.406220312500000416e-03 1.251225370000000048e+01
2.406940312500000043e-03 1.386270850000000010e+01
2.407660312500000104e-03 1.519389379999999967e+01
2.408380312500000165e-03 1.650608980000000159e+01
2.409100312500000226e-03 1.779957250000000002e+01
2.410540312500000348e-03 2.033161360000000073e+01
2.411980312500000036e-03 2.279200730000000163e+01
2.413420312500000157e-03 2.518282170000000164e+01
2.414860312500000279e-03 2.750606510000000071e+01
2.416300312500000401e-03 2.976368769999999842e+01
2.417740312500000089e-03 3.195758349999999837e+01
2.419180312500000211e-03 3.408959190000000206e+01
2.420620312500000332e-03 3.616149889999999800e+01
2.422060312500000021e-03 3.817503940000000284e+01
2.423500312500000142e-03 4.013189770000000323e+01
2.424940312500000264e-03 4.203370979999999690e+01
2.426380312500000386e-03 4.388206439999999731e+01
2.427820312500000074e-03 4.567850419999999900e+01
2.429260312500000196e-03 4.742452759999999756e+01
2.432140312500000005e-03 5.077177929999999861e+01
2.435020312500000249e-03 5.393420929999999913e+01
2.437900312500000059e-03 5.692233310000000301e+01
2.440780312500000302e-03 5.974606779999999873e+01
2.443660312500000112e-03 6.241476569999999668e+01
2.446540312500000355e-03 6.493724699999999928e+01
2.449420312500000165e-03 6.732182969999999500e+01
2.452300312500000409e-03 6.957635840000000371e+01
2.455180312500000218e-03 7.170823110000000611e+01
2.458060312500000028e-03 7.372442470000000014e+01
2.460940312500000272e-03 7.563151890000000321e+01
2.463820312500000081e-03 7.743571889999999769e+01
2.466700312500000325e-03 7.914287670000000219e+01
2.469580312500000135e-03 8.075851129999999500e+01
2.475340312500000188e-03 8.373798349999999857e+01
2.481100312500000241e-03 8.640956979999999987e+01
2.486860312500000295e-03 8.880731240000000071e+01
2.492620312500000348e-03 9.096148510000000442e+01
2.498380312500000401e-03 9.289901039999999455e+01
2.504140312000000240e-03 9.464383060000000114e+01
2.509900312000000293e-03 9.621723790000000065e+01
2.515660312000000346e-03 9.763816710000000398e+01
2.521420312000000399e-03 9.892345720000000142e+01
2.527180312000000019e-03 1.000880829999999975e+02
2.538700312000000126e-03 1.021121270000000010e+02
2.550220312000000232e-03 1.037930259999999976e+02
2.561740312000000339e-03 1.052024619999999970e+02
2.573260312000000445e-03 1.063970779999999934e+02
2.584780312000000118e-03 1.074216349999999949e+02
2.596300312000000225e-03 1.083115010000000069e+02
2.619340312000000004e-03 1.098009870000000063e+02
2.659340312000000109e-03 1.118049100000000067e+02
2.699340312000000214e-03 1.133987280000000055e+02
2.739340312000000319e-03 1.148091840000000019e+02
2.779340312000000424e-03 1.161317569999999932e+02
2.800000000000000405e-03 1.167943029999999993e+02
2.799999999999999972e-03 0.000000000000000000e+00
2.800099999999999811e-03 2.403027799999999936e-01
2.800103124999999901e-03 2.478117709999999863e-01
2.800105937500000156e-03 2.545694809999999864e-01
2.800111562499999797e-03 2.680841370000000001e-01
2.800122812499999947e-03 2.951088700000000231e-01
2.800145312499999813e-03 3.491400219999999943e-01
2.800190312499999980e-03 4.571291160000000020e-01
2.800280312499999879e-03 6.728147890000000242e-01
2.800460312500000111e-03 1.103018760000000098e+00
2.800640312499999909e-03 1.531670489999999996e+00
2.800820312500000141e-03 1.958775649999999979e+00
2.801180312500000172e-03 2.808371660000000158e+00
2.801540312499999769e-03 3.651848919999999943e+00
2.801900312499999799e-03 4.489252050000000160e+00
2.802260312499999829e-03 5.320625380000000071e+00
2.802620312499999860e-03 6.146012889999999729e+00
2.803340312499999921e-03 7.779026240000000314e+00
2.804060312499999982e-03 9.388615579999999738e+00
2.804780312500000043e-03 1.097512140000000080e+01
2.805500312500000103e-03 1.253887940000000079e+01
2.806220312500000164e-03 1.408022000000000062e+01
2.806940312499999791e-03 1.559946940000000026e+01
2.807660312499999852e-03 1.709694849999999988e+01
2.808380312499999913e-03 1.857297390000000092e+01
2.809100312499999974e-03 2.002785739999999848e+01
2.810540312500000096e-03 2.287557190000000062e+01
2.811980312499999784e-03 2.564234060000000071e+01
2.813420312499999906e-03 2.833050000000000068e+01
2.814860312500000027e-03 3.094231900000000124e+01
2.816300312500000149e-03 3.348000100000000145e+01
2.817740312499999837e-03 3.594568569999999852e+01
2.819180312499999959e-03 3.834145130000000279e+01
2.820620312500000081e-03 4.066931559999999735e+01
2.822060312499999769e-03 4.293123849999999919e+01
2.823500312499999890e-03 4.512912299999999988e+01
2.824940312500000012e-03 4.726481749999999948e+01
2.826380312500000134e-03 4.934011679999999700e+01
2.827820312499999822e-03 5.135676389999999714e+01
2.829260312499999944e-03 5.331645149999999944e+01
2.832140312500000187e-03 5.707224020000000309e+01
2.835020312499999997e-03 6.061922119999999836e+01
2.837900312499999807e-03 6.396927480000000088e+01
2.840780312500000050e-03 6.713360500000000286e+01
2.843660312499999860e-03 7.012277810000000500e+01
2.846540312500000103e-03 7.294675879999999779e+01
2.849420312499999913e-03 7.561494469999999524e+01
2.852300312500000157e-03 7.813619860000000017e+01
2.855180312499999967e-03 8.051887840000000551e+01
2.858060312499999776e-03 8.277086669999999913e+01
2.860940312500000020e-03 8.489959709999999404e+01
2.863820312499999830e-03 8.691208009999999717e+01
2.866700312500000073e-03 8.881492719999999963e+01
2.869580312499999883e-03 9.061437349999999924e+01
2.875340312499999936e-03 9.392879270000000247e+01
2.881100312499999989e-03 9.689537070000000085e+01
2.886860312500000043e-03 9.955256780000000560e+01
2.892620312500000096e-03 1.019345869999999934e+02
2.898380312500000149e-03 1.040718449999999962e+02
2.904140311999999988e-03 1.059913909999999930e+02
2.909900312000000041e-03 1.077172819999999973e+02
2.915660312000000094e-03 1.092709080000000057e+02
2.921420312000000147e-03 1.106712959999999981e+02
2.927180312000000201e-03 1.119353640000000070e+02
2.938700311999999874e-03 1.141186919999999958e+02
2.950220311999999980e-03 1.159143590000000046e+02
2.961740312000000087e-03 1.174033490000000057e+02
2.973260311999999760e-03 1.186496599999999972e+02
2.984780311999999866e-03 1.197038600000000059e+02
2.996300311999999973e-03 1.206059120000000036e+02
3.019340312000000186e-03 1.220821719999999999e+02
3.059340311999999857e-03 1.239878570000000053e+02
3.099340311999999962e-03 1.254305769999999995e+02
3.139340312000000067e-03 1.266665629999999965e+02
3.179340311999999738e-03 1.278037400000000048e+02
3.200000000000000153e-03 1.283680679999999938e+02
3.200000000000000153e-03 0.000000000000000000e+00
3.200099999999999993e-03 2.633220410000000067e-01
3.200103125000000083e-03 2.715503369999999750e-01
3.200105937500000337e-03 2.789553839999999729e-01
3.200111562499999979e-03 2.937646380000000224e-01
3.200122812500000129e-03 3.233781130000000226e-01
3.200145312499999995e-03 3.825849359999999866e-01
3.200190312500000162e-03 5.009181129999999982e-01
3.200280312500000061e-03 7.372629659999999641e-01
3.200460312500000293e-03 1.208669599999999900e+00
3.200640312500000091e-03 1.678370169999999995e+00
3.200820312500000323e-03 2.146370909999999910e+00
3.201180312500000354e-03 3.077300779999999847e+00
3.201540312499999950e-03 4.001505520000000260e+00
3.201900312499999981e-03 4.919034179999999701e+00
3.202260312500000011e-03 5.829935469999999675e+00
3.202620312500000042e-03 6.734257740000000325e+00
3.203340312500000103e-03 8.523380400000000634e+00
3.204060312500000163e-03 1.028675770000000078e+01
3.204780312500000224e-03 1.202476389999999995e+01
3.205500312500000285e-03 1.373776780000000031e+01
3.206220312500000346e-03 1.542613290000000070e+01
3.206940312499999973e-03 1.709021740000000023e+01
3.207660312500000034e-03 1.873037409999999880e+01
3.208380312500000095e-03 2.034695109999999829e+01
3.209100312500000156e-03 2.194029099999999843e+01
3.210540312500000278e-03 2.505876870000000167e+01
3.211980312499999966e-03 2.808827880000000121e+01
3.213420312500000087e-03 3.103138939999999835e+01
3.214860312500000209e-03 3.389059410000000128e+01
3.216300312500000331e-03 3.666831470000000337e+01
3.217740312500000019e-03 3.936690300000000065e+01
3.219180312500000141e-03 4.198864309999999733e+01
3.220620312500000262e-03 4.453575279999999736e+01
3.222060312499999950e-03 4.701038619999999923e+01
3.223500312500000072e-03 4.941463509999999815e+01
3.224940312500000194e-03 5.175053079999999994e+01
3.226380312500000316e-03 5.402004610000000184e+01
3.227820312500000004e-03 5.622509660000000054e+01
3.229260312500000125e-03 5.836754299999999773e+01
3.232140312500000369e-03 6.247263769999999994e+01
3.235020312500000179e-03 6.634823179999999354e+01
3.237900312499999989e-03 7.000738280000000202e+01
3.240780312500000232e-03 7.346240520000000629e+01
3.243660312500000042e-03 7.672491229999999973e+01
3.246540312500000285e-03 7.980585659999999848e+01
3.249420312500000095e-03 8.271556689999999890e+01
3.252300312500000339e-03 8.546378420000000631e+01
3.255180312500000148e-03 8.805969489999999666e+01
3.258060312499999958e-03 9.051196269999999799e+01
3.260940312500000202e-03 9.282875789999999938e+01
3.263820312500000011e-03 9.501778579999999863e+01
3.266700312500000255e-03 9.708631309999999814e+01
3.269580312500000065e-03 9.904119300000000692e+01
3.275340312500000118e-03 1.026382890000000003e+02
3.281100312500000171e-03 1.058530740000000065e+02
3.286860312500000224e-03 1.087278199999999941e+02
3.292620312500000278e-03 1.113001189999999951e+02
3.298380312500000331e-03 1.136034039999999976e+02
3.304140312000000169e-03 1.156674040000000048e+02
3.309900312000000223e-03 1.175185589999999962e+02
3.315660312000000276e-03 1.191803819999999945e+02
3.321420312000000329e-03 1.206737830000000002e+02
3.327180312000000383e-03 1.220173570000000041e+02
3.338700312000000055e-03 1.243255379999999946e+02
3.350220312000000162e-03 1.262076529999999934e+02
3.361740312000000269e-03 1.277527160000000066e+02
3.373260311999999941e-03 1.290310650000000123e+02
3.384780312000000048e-03 1.300982850000000042e+02
3.396300312000000154e-03 1.309982960000000105e+02
3.419340312000000368e-03 1.324380490000000066e+02
3.459340312000000039e-03 1.342154409999999984e+02
3.499340312000000144e-03 1.354843109999999911e+02
3.539340312000000249e-03 1.365263339999999914e+02
3.579340311999999920e-03 1.374601820000000032e+02
3.600000000000000335e-03 1.379173920000000066e+02
3.600000000000000335e-03 0.000000000000000000e+00
3.600100000000000175e-03 2.821885559999999793e-01
3.600103125000000265e-03 2.910063920000000026e-01
3.600105937500000519e-03 2.989419939999999887e-01
3.600111562500000160e-03 3.148122959999999915e-01
3.600122812500000311e-03 3.465474909999999853e-01
3.600145312500000177e-03 4.099962560000000034e-01
3.600190312500000343e-03 5.368073319999999704e-01
3.600280312500000243e-03 7.900840649999999465e-01
3.600460312500000475e-03 1.295259010000000099e+00
3.600640312500000273e-03 1.798600959999999915e+00
3.600820312500000505e-03 2.300116619999999834e+00
3.601180312500000535e-03 3.297699029999999976e+00
3.601540312500000132e-03 4.288055980000000211e+00
3.601900312500000163e-03 5.271240200000000264e+00
3.602260312500000193e-03 6.247303989999999807e+00
3.602620312500000224e-03 7.216299320000000073e+00
3.603340312500000284e-03 9.133315760000000338e+00
3.604060312500000345e-03 1.102267149999999951e+01
3.604780312500000406e-03 1.288476859999999924e+01
3.605500312500000467e-03 1.472000339999999952e+01
3.606220312500000528e-03 1.652876639999999853e+01
3.606940312500000155e-03 1.831144240000000067e+01
3.607660312500000216e-03 2.006841059999999999e+01
3.608380312500000277e-03 2.180004470000000083e+01
3.609100312500000338e-03 2.350671309999999892e+01
3.610540312500000459e-03 2.684677380000000113e+01
3.611980312500000147e-03 3.009124819999999900e+01
3.613420312500000269e-03 3.324289519999999953e+01
3.614860312500000391e-03 3.630439419999999728e+01
3.616300312500000513e-03 3.927834709999999774e+01
3.617740312500000201e-03 4.216728069999999917e+01
3.619180312500000322e-03 4.497364890000000059e+01
3.620620312500000444e-03 4.769983460000000264e+01
3.622060312500000132e-03 5.034815220000000124e+01
3.623500312500000254e-03 5.292084890000000286e+01
3.624940312500000376e-03 5.542010729999999796e+01
3.626380312500000497e-03 5.784804689999999994e+01
3.627820312500000186e-03 6.020672609999999736e+01
3.629260312500000307e-03 6.249814349999999763e+01
3.632140312500000551e-03 6.688780439999999317e+01
3.635020312500000361e-03 7.103089110000000517e+01
3.637900312500000170e-03 7.494143250000000478e+01
3.640780312500000414e-03 7.863265930000000026e+01
3.643660312500000224e-03 8.211704890000000034e+01
3.646540312500000467e-03 8.540636840000000518e+01
3.649420312500000277e-03 8.851171519999999759e+01
3.652300312500000520e-03 9.144355489999999520e+01
3.655180312500000330e-03 9.421175739999999621e+01
3.658060312500000140e-03 9.682563100000000134e+01
3.660940312500000383e-03 9.929395370000000298e+01
3.663820312500000193e-03 1.016250040000000041e+02
3.666700312500000437e-03 1.038265899999999959e+02
3.669580312500000246e-03 1.059060740000000038e+02
3.675340312500000300e-03 1.097291179999999997e+02
3.681100312500000353e-03 1.131414099999999934e+02
3.686860312500000406e-03 1.161883689999999945e+02
3.692620312500000460e-03 1.189103819999999985e+02
3.698380312500000513e-03 1.213433699999999931e+02
3.704140312000000351e-03 1.235192729999999983e+02
3.709900312000000405e-03 1.254664989999999989e+02
3.715660312000000458e-03 1.272103100000000069e+02
3.721420312000000511e-03 1.287731719999999882e+02
3.727180312000000564e-03 1.301750639999999919e+02
3.738700312000000237e-03 1.325716950000000054e+02
3.750220312000000344e-03 1.345105770000000120e+02
3.761740312000000450e-03 1.360873449999999991e+02
3.773260312000000123e-03 1.373775740000000098e+02
3.784780312000000230e-03 1.384409809999999936e+02
3.796300312000000336e-03 1.393247590000000002e+02
3.819340312000000549e-03 1.407052979999999991e+02
3.859340312000000221e-03 1.423263670000000047e+02
3.899340312000000325e-03 1.434013769999999965e+02
3.939340311999999997e-03 1.442330039999999940e+02
3.979340312000000102e-03 1.449487939999999924e+02
4.000000000000000083e-03 1.452916769999999929e+02
4.000000000000000083e-03 0.000000000000000000e+00
4.000100000000000357e-03 2.966047900000000070e-01
4.000103125000000447e-03 3.058731029999999795e-01
4.000105937499999834e-03 3.142141099999999909e-01
4.000111562500000342e-03 3.308951749999999858e-01
4.000122812500000492e-03 3.642516069999999773e-01
4.000145312499999925e-03 4.309416899999999884e-01
4.000190312499999658e-03 5.642307789999999601e-01
4.000280312499999991e-03 8.304450660000000095e-01
4.000460312499999789e-03 1.361421400000000004e+00
4.000640312500000455e-03 1.890466729999999984e+00
4.000820312500000253e-03 2.417588110000000068e+00
4.001180312499999850e-03 3.466090589999999860e+00
4.001540312500000314e-03 4.506981249999999939e+00
4.001900312499999911e-03 5.540315610000000390e+00
4.002260312500000375e-03 6.566148799999999675e+00
4.002620312499999972e-03 7.584535550000000015e+00
4.003340312500000032e-03 9.599213269999999909e+00
4.004060312500000093e-03 1.158475119999999947e+01
4.004780312500000154e-03 1.354157290000000025e+01
4.005500312500000215e-03 1.547009579999999929e+01
4.006220312500000276e-03 1.737073140000000038e+01
4.006940312500000337e-03 1.924388499999999880e+01
4.007660312500000398e-03 2.108995619999999960e+01
4.008380312500000459e-03 2.290933860000000166e+01
4.009100312499999652e-03 2.470242019999999883e+01
4.010540312499999774e-03 2.821138919999999928e+01
4.011980312499999896e-03 3.161966049999999839e+01
4.013420312500000017e-03 3.493014070000000260e+01
4.014860312500000139e-03 3.814565240000000301e+01
4.016300312500000261e-03 4.126893660000000352e+01
4.017740312500000383e-03 4.430265519999999668e+01
4.019180312500000504e-03 4.724939340000000243e+01
4.020620312499999759e-03 5.011166149999999675e+01
4.022060312499999880e-03 5.289189770000000124e+01
4.023500312500000002e-03 5.559246929999999765e+01
4.024940312500000124e-03 5.821567569999999847e+01
4.026380312500000246e-03 6.076374959999999703e+01
4.027820312500000367e-03 6.323885940000000261e+01
4.029260312500000489e-03 6.564311100000000465e+01
4.032140312499999865e-03 7.024811049999999568e+01
4.035020312500000109e-03 7.459335079999999607e+01
4.037900312500000352e-03 7.869361109999999826e+01
4.040780312499999728e-03 8.256282950000000653e+01
4.043660312499999972e-03 8.621415050000000235e+01
4.046540312500000215e-03 8.965997070000000235e+01
4.049420312500000459e-03 9.291198079999999493e+01
4.052300312499999835e-03 9.598120609999999431e+01
4.055180312500000078e-03 9.887804429999999911e+01
4.058060312500000322e-03 1.016123010000000022e+02
4.060940312499999698e-03 1.041932249999999982e+02
4.063820312499999941e-03 1.066295360000000016e+02
4.066700312500000185e-03 1.089294589999999943e+02
4.069580312500000428e-03 1.111007520000000000e+02
4.075340312500000048e-03 1.150894530000000060e+02
4.081100312499999667e-03 1.186454399999999936e+02
4.086860312500000154e-03 1.218165580000000006e+02
4.092620312499999774e-03 1.246453580000000017e+02
4.098380312500000261e-03 1.271696780000000047e+02
4.104140311999999666e-03 1.294231690000000015e+02
4.109900312000000153e-03 1.314357569999999953e+02
4.115660311999999772e-03 1.332340560000000096e+02
4.121420312000000259e-03 1.348417320000000075e+02
4.127180311999999879e-03 1.362798319999999990e+02
4.138700311999999985e-03 1.387271179999999902e+02
4.150220312000000092e-03 1.406921890000000133e+02
4.161740312000000198e-03 1.422757960000000139e+02
4.173260312000000305e-03 1.435575560000000053e+02
4.184780312000000412e-03 1.446003809999999987e+02
4.196300312000000518e-03 1.454539870000000121e+02
4.219340311999999864e-03 1.467535410000000127e+02
4.259340311999999969e-03 1.481927210000000059e+02
4.299340312000000074e-03 1.490569169999999986e+02
4.339340312000000179e-03 1.496650329999999940e+02
4.379340312000000283e-03 1.501514779999999973e+02
4.400000000000000265e-03 1.503746250000000089e+02
4.400000000000000265e-03 0.000000000000000000e+00
4.400100000000000539e-03 3.063433879999999943e-01
4.400103125000000628e-03 3.159160120000000238e-01
4.400105937500000015e-03 3.245308820000000205e-01
4.400111562500000524e-03 3.417596399999999757e-01
4.400122812500000674e-03 3.762112590000000201e-01
4.400145312500000107e-03 4.450909169999999748e-01
4.400190312499999840e-03 5.827559690000000403e-01
4.400280312500000172e-03 8.577094530000000105e-01
4.400460312499999971e-03 1.406113369999999918e+00
4.400640312500000637e-03 1.952518720000000041e+00
4.400820312500000435e-03 2.496932800000000174e+00
4.401180312500000032e-03 3.579819839999999864e+00
4.401540312500000496e-03 4.654828730000000192e+00
4.401900312500000093e-03 5.722016939999999607e+00
4.402260312500000557e-03 6.781441519999999556e+00
4.402620312500000153e-03 7.833159130000000303e+00
4.403340312500000214e-03 9.913725460000000211e+00
4.404060312500000275e-03 1.196413240000000044e+01
4.404780312500000336e-03 1.398481839999999998e+01
4.405500312500000397e-03 1.597621559999999974e+01
4.406220312500000458e-03 1.793874960000000129e+01
4.406940312500000519e-03 1.987284010000000123e+01
4.407660312500000580e-03 2.177890060000000005e+01
4.408380312500000640e-03 2.365733859999999922e+01
4.409100312499999834e-03 2.550855549999999994e+01
4.410540312499999956e-03 2.913109409999999855e+01
4.411980312500000077e-03 3.264941189999999693e+01
4.413420312500000199e-03 3.606651699999999749e+01
4.414860312500000321e-03 3.938533079999999842e+01
4.416300312500000443e-03 4.260869019999999807e+01
4.417740312500000564e-03 4.573935039999999930e+01
4.419180312500000686e-03 4.877998670000000203e+01
4.420620312499999940e-03 5.173319759999999690e+01
4.422060312500000062e-03 5.460150629999999694e+01
4.423500312500000184e-03 5.738736320000000291e+01
4.424940312500000306e-03 6.009314799999999934e+01
4.426380312500000427e-03 6.272117159999999814e+01
4.427820312500000549e-03 6.527367820000000620e+01
4.429260312500000671e-03 6.775284739999999317e+01
4.432140312500000047e-03 7.250056189999999390e+01
4.435020312500000290e-03 7.697942879999999377e+01
4.437900312500000534e-03 8.120474439999999561e+01
4.440780312499999910e-03 8.519093449999999734e+01
4.443660312500000154e-03 8.895160350000000449e+01
4.446540312500000397e-03 9.249958169999999313e+01
4.449420312500000640e-03 9.584696900000000142e+01
4.452300312500000017e-03 9.900517630000000224e+01
4.455180312500000260e-03 1.019849650000000025e+02
4.458060312500000504e-03 1.047964850000000041e+02
4.460940312499999880e-03 1.074493060000000071e+02
4.463820312500000123e-03 1.099524559999999980e+02
4.466700312500000367e-03 1.123144460000000038e+02
4.469580312500000610e-03 1.145433060000000012e+02
4.475340312500000230e-03 1.186347590000000025e+02
4.481100312499999849e-03 1.222783589999999947e+02
4.486860312500000336e-03 1.255236270000000047e+02
4.492620312499999956e-03 1.284146010000000047e+02
4.498380312500000443e-03 1.309904439999999965e+02
4.504140311999999848e-03 1.332859850000000108e+02
4.509900312000000334e-03 1.353321950000000129e+02
4.515660311999999954e-03 1.371566210000000012e+02
4.521420312000000441e-03 1.387837560000000110e+02
4.527180312000000061e-03 1.402353860000000054e+02
4.538700312000000167e-03 1.426947309999999902e+02
4.550220312000000274e-03 1.446550009999999986e+02
4.561740312000000380e-03 1.462204729999999984e+02
4.573260312000000487e-03 1.474735499999999888e+02
4.584780312000000593e-03 1.484793459999999925e+02
4.596300311999999832e-03 1.492893180000000086e+02
4.619340312000000046e-03 1.504873929999999973e+02
4.659340312000000150e-03 1.517219870000000128e+02
4.699340312000000255e-03 1.523617399999999975e+02
4.739340312000000360e-03 1.527367549999999881e+02
4.779340312000000465e-03 1.529861830000000111e+02
4.800000000000000447e-03 1.530860759999999914e+02
4.800000000000000447e-03 0.000000000000000000e+00
4.800100000000000720e-03 3.112507680000000110e-01
4.800103125000000810e-03 3.209767370000000120e-01
4.800105937500000197e-03 3.297296089999999791e-01
4.800111562500000706e-03 3.472343509999999966e-01
4.800122812500000856e-03 3.822378330000000268e-01
4.800145312500000289e-03 4.522207930000000098e-01
4.800190312500000021e-03 5.920907499999999990e-01
4.800280312500000354e-03 8.714472490000000349e-01
4.800460312500000153e-03 1.428630089999999964e+00
4.800640312500000818e-03 1.983778320000000095e+00
4.800820312500000617e-03 2.536899360000000048e+00
4.801180312500000213e-03 3.637093179999999926e+00
4.801540312500000678e-03 4.729266769999999731e+00
4.801900312500000274e-03 5.813478639999999587e+00
4.802260312500000738e-03 6.889786860000000068e+00
4.802620312500000335e-03 7.958249099999999743e+00
4.803340312500000396e-03 1.007189230000000002e+01
4.804060312500000457e-03 1.215483210000000014e+01
4.804780312500000518e-03 1.420751510000000017e+01
4.805500312500000579e-03 1.623038090000000011e+01
4.806220312500000640e-03 1.822386300000000148e+01
4.806940312500000700e-03 2.018838870000000085e+01
4.807660312500000761e-03 2.212437879999999879e+01
4.808380312500000822e-03 2.403224810000000033e+01
4.809100312500000016e-03 2.591240559999999959e+01
4.810540312500000137e-03 2.959138430000000142e+01
4.811980312500000259e-03 3.316426260000000070e+01
4.813420312500000381e-03 3.663410280000000085e+01
4.814860312500000503e-03 4.000387909999999891e+01
4.816300312500000624e-03 4.327647939999999949e+01
4.817740312500000746e-03 4.645470859999999647e+01
4.819180312500000868e-03 4.954129050000000234e+01
4.820620312500000122e-03 5.253887029999999925e+01
4.822060312500000244e-03 5.545001659999999788e+01
4.823500312500000366e-03 5.827722419999999914e+01
4.824940312500000487e-03 6.102291550000000342e+01
4.826380312500000609e-03 6.368944319999999948e+01
4.827820312500000731e-03 6.627909209999999973e+01
4.829260312500000853e-03 6.879408089999999731e+01
4.832140312500000229e-03 7.360963619999999707e+01
4.835020312500000472e-03 7.815149529999999345e+01
4.837900312500000716e-03 8.243523039999999469e+01
4.840780312500000092e-03 8.647552749999999833e+01
4.843660312500000335e-03 9.028623659999999518e+01
4.846540312500000579e-03 9.388041909999999746e+01
4.849420312500000822e-03 9.727039320000000089e+01
4.852300312500000198e-03 1.004677760000000006e+02
4.855180312500000442e-03 1.034835219999999936e+02
4.858060312500000685e-03 1.063279650000000061e+02
4.860940312500000061e-03 1.090108479999999957e+02
4.863820312500000305e-03 1.115413599999999974e+02
4.866700312500000548e-03 1.139281670000000020e+02
4.869580312500000792e-03 1.161794430000000062e+02
4.875340312500000411e-03 1.203091229999999996e+02
4.881100312500000031e-03 1.239828760000000045e+02
4.886860312500000518e-03 1.272511140000000012e+02
4.892620312500000138e-03 1.301586700000000008e+02
4.898380312500000625e-03 1.327454130000000134e+02
4.904140312000000029e-03 1.350467999999999904e+02
4.909900312000000516e-03 1.370943640000000130e+02
4.915660312000000136e-03 1.389161440000000027e+02
4.921420312000000623e-03 1.405370780000000082e+02
4.927180312000000242e-03 1.419793439999999975e+02
4.938700312000000349e-03 1.444119629999999859e+02
4.950220312000000455e-03 1.463365169999999864e+02
4.961740312000000562e-03 1.478591659999999877e+02
4.973260312000000669e-03 1.490637979999999914e+02
4.984780312000000775e-03 1.500167040000000043e+02
4.996300312000000882e-03 1.507702679999999873e+02
5.019340312000000227e-03 1.518479690000000062e+02
5.059340312000000332e-03 1.528585080000000005e+02
5.099340312000000437e-03 1.532637279999999862e+02
5.139340312000000542e-03 1.533997270000000128e+02
5.179340312000000647e-03 1.534082040000000120e+02
5.200000000000000629e-03 1.533832669999999894e+02
5.200000000000000629e-03 0.000000000000000000e+00
5.200100000000000902e-03 3.112495379999999923e-01
5.200103125000000992e-03 3.209754670000000143e-01
5.200105937500000379e-03 3.297283019999999731e-01
5.200111562500000888e-03 3.472329690000000024e-01
5.200122812500001038e-03 3.822362890000000069e-01
5.200145312500000470e-03 4.522188779999999908e-01
5.200190312500000203e-03 5.920879060000000527e-01
5.200280312500000536e-03 8.714418010000000159e-01
5.200460312500000334e-03 1.428616459999999977e+00
5.200640312500001000e-03 1.983752549999999948e+00
5.200820312500000799e-03 2.536857509999999927e+00
5.201180312500000395e-03 3.637007399999999890e+00
5.201540312500000859e-03 4.729121459999999999e+00
5.201900312500000456e-03 5.813258310000000151e+00
5.202260312500000920e-03 6.889476140000000193e+00
5.202620312500000517e-03 7.957832739999999738e+00
5.203340312500000578e-03 1.007121929999999921e+01
5.204060312500000639e-03 1.215384290000000078e+01
5.204780312500000700e-03 1.420615070000000024e+01
5.205500312500000760e-03 1.622858330000000038e+01
5.206220312500000821e-03 1.822157520000000019e+01
5.206940312500000882e-03 2.018555429999999973e+01
5.207660312500000943e-03 2.212094220000000178e+01
5.208380312500001004e-03 2.402815479999999937e+01
5.209100312500000197e-03 2.590760159999999956e+01
5.210540312500000319e-03 2.958500069999999837e+01
5.211980312500000441e-03 3.315609309999999965e+01
5.213420312500000563e-03 3.662394700000000114e+01
5.214860312500000684e-03 3.999154219999999782e+01
5.216300312500000806e-03 4.326177260000000047e+01
5.217740312500000928e-03 4.643744840000000096e+01
5.219180312500001050e-03 4.952129860000000150e+01
5.220620312500000304e-03 5.251597360000000236e+01
5.222060312500000426e-03 5.542404700000000162e+01
5.223500312500000547e-03 5.824801850000000059e+01
5.224940312500000669e-03 6.099031509999999656e+01
5.226380312500000791e-03 6.365329429999999888e+01
5.227820312500000913e-03 6.623924510000000510e+01
5.229260312500001034e-03 6.875039060000000291e+01
5.232140312500000411e-03 7.355784250000000668e+01
5.235020312500000654e-03 7.809106590000000381e+01
5.237900312500000898e-03 8.236566360000000486e+01
5.240780312500000274e-03 8.639634990000000414e+01
5.243660312500000517e-03 9.019700179999999534e+01
5.246540312500000761e-03 9.378070619999999735e+01
5.249420312500001004e-03 9.715980519999999387e+01
5.252300312500000380e-03 1.003459380000000039e+02
5.255180312500000624e-03 1.033500829999999979e+02
5.258060312500000867e-03 1.061825900000000047e+02
5.260940312500000243e-03 1.088532229999999998e+02
5.263820312500000487e-03 1.113711899999999986e+02
5.266700312500000730e-03 1.137451729999999941e+02
5.269580312500000974e-03 1.159833610000000022e+02
5.275340312500000593e-03 1.200861409999999978e+02
5.281100312500000213e-03 1.237321089999999941e+02
5.286860312500000700e-03 1.269717749999999938e+02
5.292620312500000319e-03 1.298500579999999900e+02
5.298380312500000806e-03 1.324069079999999872e+02
5.304140312000000211e-03 1.346778480000000116e+02
5.309900312000000698e-03 1.366944719999999904e+02
5.315660312000000318e-03 1.384848760000000141e+02
5.321420312000000805e-03 1.400740460000000098e+02
5.327180312000000424e-03 1.414842030000000079e+02
5.338700312000000531e-03 1.438517319999999984e+02
5.350220312000000637e-03 1.457102189999999950e+02
5.361740312000000744e-03 1.471660310000000038e+02
5.373260312000000850e-03 1.483032200000000103e+02
5.384780312000000957e-03 1.491882080000000030e+02
5.396300312000000196e-03 1.498734809999999982e+02
5.419340312000000409e-03 1.508138120000000129e+02
5.459340312000000514e-03 1.515843580000000088e+02
5.499340312000000619e-03 1.517486560000000111e+02
5.539340312000000724e-03 1.516434940000000040e+02
5.579340312000000829e-03 1.514108870000000024e+02
5.600000000000000810e-03 1.512615130000000079e+02
5.599999999999999943e-03 0.000000000000000000e+00
5.600100000000000217e-03 3.063397159999999841e-01
5.600103125000000306e-03 3.159122220000000203e-01
5.600105937499999693e-03 3.245269829999999911e-01
5.600111562500000202e-03 3.417555159999999814e-01
5.600122812500000352e-03 3.762066499999999758e-01
5.600145312499999785e-03 4.450852009999999859e-01
5.600190312499999518e-03 5.827474820000000388e-01
5.600280312499999850e-03 8.576931960000000466e-01
5.600460312499999649e-03 1.406072690000000014e+00
5.600640312500000315e-03 1.952441810000000055e+00
5.600820312500000113e-03 2.496807889999999919e+00
5.601180312499999710e-03 3.579563840000000052e+00
5.601540312500000174e-03 4.654395069999999635e+00
5.601900312499999771e-03 5.721359419999999751e+00
5.602260312500000235e-03 6.780514270000000288e+00
5.602620312499999831e-03 7.831916589999999623e+00
5.603340312499999892e-03 9.911717239999999762e+00
5.604060312499999953e-03 1.196118030000000054e+01
5.604780312500000014e-03 1.398074680000000036e+01
5.605500312500000075e-03 1.597085140000000081e+01
5.606220312500000136e-03 1.793192230000000009e+01
5.606940312500000197e-03 1.986438160000000153e+01
5.607660312500000258e-03 2.176864529999999931e+01
5.608380312500000318e-03 2.364512309999999928e+01
5.609100312499999512e-03 2.549421919999999986e+01
5.610540312499999634e-03 2.911204400000000092e+01
5.611980312499999755e-03 3.262503209999999854e+01
5.613420312499999877e-03 3.603620959999999940e+01
5.614860312499999999e-03 3.934851489999999785e+01
5.616300312500000121e-03 4.256480189999999908e+01
5.617740312500000242e-03 4.568784190000000223e+01
5.619180312500000364e-03 4.872032620000000236e+01
5.620620312499999618e-03 5.166486859999999837e+01
5.622060312499999740e-03 5.452400709999999862e+01
5.623500312499999862e-03 5.730020669999999683e+01
5.624940312499999984e-03 5.999586109999999906e+01
5.626380312500000105e-03 6.261329489999999964e+01
5.627820312500000227e-03 6.515476569999999867e+01
5.629260312500000349e-03 6.762246570000000645e+01
5.632140312499999725e-03 7.234599769999999808e+01
5.635020312499999968e-03 7.679909379999999430e+01
5.637900312500000212e-03 8.099714099999999917e+01
5.640780312499999588e-03 8.495465020000000322e+01
5.643660312499999832e-03 8.868530629999999348e+01
5.646540312500000075e-03 9.220201550000000168e+01
5.649420312500000319e-03 9.551694910000000505e+01
5.652300312499999695e-03 9.864158559999999909e+01
5.655180312499999938e-03 1.015867499999999950e+02
5.658060312500000182e-03 1.043626519999999971e+02
5.660940312499999558e-03 1.069789190000000048e+02
5.663820312499999801e-03 1.094446300000000036e+02
5.666700312500000045e-03 1.117683490000000006e+02
5.669580312500000288e-03 1.139581519999999983e+02
5.675340312499999908e-03 1.179693290000000019e+02
5.681100312499999527e-03 1.215300129999999967e+02
5.686860312500000014e-03 1.246900150000000025e+02
5.692620312499999634e-03 1.274936340000000001e+02
5.698380312500000121e-03 1.299802660000000003e+02
5.704140311999999526e-03 1.321849449999999990e+02
5.709900312000000012e-03 1.341388269999999920e+02
5.715660311999999632e-03 1.358696190000000001e+02
5.721420312000000119e-03 1.374019629999999950e+02
5.727180311999999739e-03 1.387577709999999911e+02
5.738700311999999845e-03 1.410228730000000041e+02
5.750220311999999952e-03 1.427859840000000133e+02
5.761740312000000058e-03 1.441519999999999868e+02
5.773260312000000165e-03 1.452038119999999992e+02
5.784780312000000271e-03 1.460069249999999954e+02
5.796300311999999511e-03 1.466131000000000029e+02
5.819340311999999724e-03 1.474012309999999957e+02
5.859340311999999829e-03 1.479196320000000071e+02
5.899340311999999933e-03 1.478404160000000047e+02
5.939340312000000038e-03 1.474957520000000102e+02
5.979340312000000143e-03 1.470257290000000125e+02
6.000000000000000125e-03 1.467542740000000094e+02
6.000000000000000125e-03 0.000000000000000000e+00
6.000100000000000398e-03 2.965987339999999750e-01
6.000103125000000488e-03 3.058668529999999941e-01
6.000105937499999875e-03 3.142076790000000175e-01
6.000111562500000384e-03 3.308883739999999851e-01
6.000122812500000534e-03 3.642440080000000080e-01
6.000145312499999967e-03 4.309322640000000093e-01
6.000190312499999699e-03 5.642167820000000278e-01
6.000280312500000032e-03 8.304182570000000485e-01
6.000460312499999831e-03 1.361354320000000007e+00
6.000640312500000496e-03 1.890339900000000073e+00
6.000820312500000295e-03 2.417382130000000018e+00
6.001180312499999892e-03 3.465668410000000144e+00
6.001540312500000356e-03 4.506266100000000385e+00
6.001900312499999952e-03 5.539231280000000091e+00
6.002260312500000417e-03 6.564619640000000089e+00
6.002620312500000013e-03 7.582486450000000211e+00
6.003340312500000074e-03 9.595901449999999500e+00
6.004060312500000135e-03 1.157988270000000064e+01
6.004780312500000196e-03 1.353485820000000039e+01
6.005500312500000257e-03 1.546124949999999920e+01
6.006220312500000318e-03 1.735947219999999902e+01
6.006940312500000378e-03 1.922993579999999980e+01
6.007660312500000439e-03 2.107304369999999949e+01
6.008380312500000500e-03 2.288919369999999986e+01
6.009100312499999694e-03 2.467877770000000126e+01
6.010540312499999815e-03 2.817997289999999921e+01
6.011980312499999937e-03 3.157945490000000177e+01
6.013420312500000059e-03 3.488015959999999893e+01
6.014860312500000181e-03 3.808493800000000107e+01
6.016300312500000302e-03 4.119655879999999826e+01
6.017740312500000424e-03 4.421771079999999898e+01
6.019180312500000546e-03 4.715100520000000017e+01
6.020620312499999800e-03 4.999897769999999753e+01
6.022060312499999922e-03 5.276409100000000052e+01
6.023500312500000044e-03 5.544873650000000254e+01
6.024940312500000165e-03 5.805523649999999947e+01
6.026380312500000287e-03 6.058584650000000238e+01
6.027820312500000409e-03 6.304275669999999820e+01
6.029260312500000531e-03 6.542809400000000153e+01
6.032140312499999907e-03 6.999321329999999364e+01
6.035020312500000150e-03 7.429595419999999706e+01
6.037900312500000394e-03 7.835124519999999393e+01
6.040780312499999770e-03 8.217316490000000329e+01
6.043660312500000013e-03 8.577499059999999531e+01
6.046540312500000257e-03 8.916924400000000617e+01
6.049420312500000500e-03 9.236773359999999400e+01
6.052300312499999876e-03 9.538159609999999589e+01
6.055180312500000120e-03 9.822133420000000115e+01
6.058060312500000363e-03 1.008968529999999930e+02
6.060940312499999739e-03 1.034174919999999958e+02
6.063820312499999983e-03 1.057920629999999989e+02
6.066700312500000226e-03 1.080288720000000069e+02
6.069580312500000470e-03 1.101357540000000057e+02
6.075340312500000090e-03 1.139920699999999982e+02
6.081100312499999709e-03 1.174113150000000019e+02
6.086860312500000196e-03 1.204418189999999953e+02
6.092620312499999816e-03 1.231265590000000003e+02
6.098380312500000303e-03 1.255037580000000048e+02
6.104140311999999707e-03 1.276074059999999974e+02
6.109900312000000194e-03 1.294677320000000122e+02
6.115660311999999814e-03 1.311116179999999929e+02
6.121420312000000301e-03 1.325629690000000096e+02
6.127180311999999920e-03 1.338430470000000128e+02
6.138700312000000027e-03 1.359699990000000014e+02
6.150220312000000134e-03 1.376099289999999939e+02
6.161740312000000240e-03 1.388646060000000091e+02
6.173260312000000347e-03 1.398144540000000120e+02
6.184780312000000453e-03 1.405230259999999873e+02
6.196300312000000560e-03 1.410405419999999879e+02
6.219340311999999905e-03 1.416640439999999899e+02
6.259340312000000010e-03 1.419221249999999941e+02
6.299340312000000115e-03 1.416006449999999859e+02
6.339340312000000220e-03 1.410219140000000095e+02
6.379340312000000325e-03 1.403218880000000013e+02
6.400000000000000307e-03 1.399326330000000098e+02
6.400000000000000307e-03 0.000000000000000000e+00
6.400100000000000580e-03 2.821802130000000131e-01
6.400103125000000670e-03 2.909977799999999837e-01
6.400105937500000057e-03 2.989331330000000175e-01
6.400111562500000566e-03 3.148029250000000112e-01
6.400122812500000716e-03 3.465370199999999734e-01
6.400145312500000148e-03 4.099832689999999835e-01
6.400190312499999881e-03 5.367880459999999632e-01
6.400280312500000214e-03 7.900471249999999612e-01
6.400460312500000012e-03 1.295166580000000067e+00
6.400640312500000678e-03 1.798426209999999914e+00
6.400820312500000477e-03 2.299832809999999839e+00
6.401180312500000073e-03 3.297117329999999846e+00
6.401540312500000537e-03 4.287070609999999782e+00
6.401900312500000134e-03 5.269746149999999574e+00
6.402260312500000598e-03 6.245197029999999927e+00
6.402620312500000195e-03 7.213475960000000242e+00
6.403340312500000256e-03 9.128752560000000571e+00
6.404060312500000317e-03 1.101596349999999980e+01
6.404780312500000378e-03 1.287551679999999976e+01
6.405500312500000439e-03 1.470781449999999957e+01
6.406220312500000499e-03 1.651325290000000123e+01
6.406940312500000560e-03 1.829222229999999882e+01
6.407660312500000621e-03 2.004510769999999908e+01
6.408380312500000682e-03 2.177228810000000081e+01
6.409100312499999876e-03 2.347413720000000126e+01
6.409820312499999936e-03 2.515102339999999970e+01
6.411260312500000058e-03 2.843152770000000018e+01
6.412700312500000180e-03 3.161645629999999940e+01
6.414140312500000302e-03 3.470856789999999847e+01
6.415580312500000423e-03 3.771054139999999677e+01
6.417020312500000545e-03 4.062497849999999744e+01
6.418460312500000667e-03 4.345440570000000235e+01
6.419900312499999921e-03 4.620127670000000109e+01
6.421340312500000043e-03 4.886797409999999786e+01
6.422780312500000165e-03 5.145681199999999933e+01
6.424220312500000286e-03 5.397003740000000249e+01
6.425660312500000408e-03 5.640983270000000260e+01
6.427100312500000530e-03 5.877831710000000243e+01
6.428540312500000652e-03 6.107754870000000125e+01
6.431420312500000028e-03 6.547711950000000058e+01
6.434300312500000271e-03 6.962281699999999773e+01
6.437180312500000515e-03 7.352908580000000427e+01
6.440060312499999891e-03 7.720954840000000274e+01
6.442940312500000134e-03 8.067705170000000692e+01
6.445820312500000378e-03 8.394371150000000625e+01
6.448700312500000621e-03 8.702095389999999497e+01
6.451580312499999997e-03 8.991955450000000383e+01
6.454460312500000241e-03 9.264967570000000308e+01
6.457340312500000484e-03 9.522090120000000013e+01
6.460220312500000728e-03 9.764226940000000354e+01
6.463100312500000104e-03 9.992230419999999924e+01
6.465980312500000347e-03 1.020690440000000052e+02
6.468860312500000591e-03 1.040900699999999972e+02
6.471740312499999967e-03 1.059925319999999971e+02
6.477500312500000454e-03 1.094712650000000025e+02
6.483260312500000073e-03 1.125511460000000028e+02
6.489020312500000560e-03 1.152762780000000049e+02
6.494780312500000180e-03 1.176858780000000024e+02
6.500540312000000452e-03 1.198148249999999990e+02
6.506300312000000072e-03 1.216941350000000028e+02
6.512060312000000559e-03 1.233513939999999991e+02
6.517820312000000178e-03 1.248111300000000057e+02
6.523580313000000228e-03 1.260951600000000070e+02
6.529340313000000715e-03 1.272228829999999959e+02
6.540860312999999954e-03 1.290829760000000022e+02
6.552380312000000498e-03 1.304985869999999863e+02
6.563900312000000604e-03 1.315625850000000128e+02
6.575420312000000711e-03 1.323483600000000138e+02
6.586940311999999950e-03 1.329139040000000023e+02
6.598460312000000057e-03 1.333050450000000069e+02
6.621500312000000270e-03 1.337116220000000055e+02
6.661500312999999937e-03 1.336646729999999934e+02
6.701500313000000042e-03 1.330882070000000112e+02
6.741500313000000147e-03 1.322763840000000073e+02
6.781500313000000252e-03 1.313533099999999934e+02
6.800000000000000488e-03 1.309041119999999978e+02
6.800000000000000488e-03 0.000000000000000000e+00
6.800100000000000762e-03 2.633115420000000095e-01
6.800103125000000852e-03 2.715394990000000175e-01
6.800105937500000239e-03 2.789442329999999859e-01
6.800111562500000748e-03 2.937528449999999847e-01
6.800122812500000898e-03 3.233649359999999917e-01
6.800145312500000330e-03 3.825685919999999851e-01
6.800190312500000063e-03 5.008938419999999780e-01
6.800280312500000396e-03 7.372164789999999801e-01
6.800460312500000194e-03 1.208553290000000002e+00
6.800640312500000860e-03 1.678150260000000005e+00
6.800820312500000658e-03 2.146013739999999892e+00
6.801180312500000255e-03 3.076568729999999974e+00
6.801540312500000719e-03 4.000265459999999607e+00
6.801900312500000316e-03 4.917153980000000146e+00
6.802260312500000780e-03 5.827283940000000051e+00
6.802620312500000377e-03 6.730704649999999845e+00
6.803340312500000438e-03 8.517637790000000209e+00
6.804060312500000499e-03 1.027831600000000023e+01
6.804780312500000559e-03 1.201312079999999938e+01
6.805500312500000620e-03 1.372242849999999947e+01
6.806220312500000681e-03 1.540660970000000063e+01
6.806940312500000742e-03 1.706602970000000141e+01
6.807660312500000803e-03 1.870104830000000007e+01
6.808380312500000864e-03 2.031202040000000153e+01
6.809100312500000057e-03 2.189929559999999853e+01
6.809820312500000118e-03 2.346321820000000002e+01
6.811260312500000240e-03 2.652252239999999972e+01
6.812700312500000362e-03 2.949241710000000083e+01
6.814140312500000483e-03 3.237548290000000151e+01
6.815580312500000605e-03 3.517422590000000326e+01
6.817020312500000727e-03 3.789108000000000231e+01
6.818460312500000849e-03 4.052840880000000112e+01
6.819900312500000103e-03 4.308850749999999863e+01
6.821340312500000225e-03 4.557360510000000176e+01
6.822780312500000346e-03 4.798586629999999786e+01
6.824220312500000468e-03 5.032739339999999828e+01
6.825660312500000590e-03 5.260022769999999781e+01
6.827100312500000712e-03 5.480635190000000279e+01
6.828540312500000833e-03 5.694769120000000129e+01
6.829980312500000088e-03 5.902611530000000073e+01
6.832860312500000331e-03 6.300227259999999774e+01
6.835740312500000575e-03 6.674778940000000205e+01
6.838620312500000818e-03 7.027578850000000443e+01
6.841500312500000194e-03 7.359864530000000116e+01
6.844380312500000438e-03 7.672803120000000376e+01
6.847260312500000681e-03 7.967495300000000213e+01
6.850140312500000925e-03 8.244979109999999878e+01
6.853020312500000301e-03 8.506233469999999386e+01
6.855900312500000544e-03 8.752181629999999757e+01
6.858780312500000788e-03 8.983694239999999809e+01
6.861660312500000164e-03 9.201592410000000655e+01
6.864540312500000407e-03 9.406650530000000288e+01
6.867420312500000651e-03 9.599598860000000400e+01
6.870300312500000894e-03 9.781126150000000052e+01
6.876060312500000514e-03 1.011275949999999995e+02
6.881820312500000134e-03 1.040597259999999977e+02
6.887580312500000621e-03 1.066501379999999983e+02
6.893340312500000240e-03 1.089366090000000042e+02
6.899100312500000727e-03 1.109527400000000057e+02
6.904860312000000132e-03 1.127284080000000017e+02
6.910620312000000619e-03 1.142901870000000031e+02
6.916380312000000238e-03 1.156617049999999978e+02
6.922140312000000725e-03 1.168639780000000030e+02
6.927900312000000345e-03 1.179156949999999995e+02
6.939420312000000451e-03 1.196383270000000039e+02
6.950940312000000558e-03 1.209328480000000070e+02
6.962460312000000665e-03 1.218887200000000064e+02
6.973980312000000771e-03 1.225766390000000001e+02
6.985500312000000878e-03 1.230524730000000062e+02
6.997020312000000117e-03 1.233603690000000057e+02
7.020060312000000330e-03 1.236144400000000019e+02
7.060060312000000435e-03 1.233309950000000015e+02
7.100060312000000540e-03 1.225383190000000013e+02
7.140060312000000645e-03 1.215198160000000058e+02
7.180060312000000750e-03 1.203950750000000056e+02
7.200000000000000670e-03 1.198112509999999986e+02
7.200000000000000670e-03 0.000000000000000000e+00
7.200100000000000944e-03 2.402902899999999897e-01
7.200103125000001034e-03 2.477988780000000002e-01
7.200105937500000421e-03 2.545562160000000018e-01
7.200111562500000929e-03 2.680701079999999736e-01
7.200122812500001079e-03 2.950931940000000031e-01
7.200145312500000512e-03 3.491205800000000137e-01
7.200190312500000245e-03 4.571002430000000172e-01
7.200280312500000578e-03 6.727594879999999611e-01
7.200460312500000376e-03 1.102880389999999933e+00
7.200640312500001042e-03 1.531408869999999922e+00
7.200820312500000840e-03 1.958350760000000079e+00
7.201180312500000437e-03 2.807500810000000069e+00
7.201540312500000901e-03 3.650373740000000033e+00
7.201900312500000498e-03 4.487015350000000069e+00
7.202260312500000962e-03 5.317471099999999673e+00
7.202620312500000559e-03 6.141786109999999965e+00
7.202980312500001023e-03 6.960005179999999569e+00
7.203700312500001084e-03 8.578354909999999833e+00
7.204420312500000277e-03 1.017284970000000044e+01
7.205140312500000338e-03 1.174383629999999989e+01
7.205860312500000399e-03 1.329165659999999960e+01
7.206580312500000460e-03 1.481664720000000024e+01
7.207300312500000521e-03 1.631914009999999848e+01
7.208020312500000581e-03 1.779946220000000068e+01
7.208740312500000642e-03 1.925793600000000083e+01
7.209460312500000703e-03 2.069487889999999908e+01
7.210900312500000825e-03 2.350557080000000099e+01
7.212340312500000947e-03 2.623382790000000142e+01
7.213780312500001068e-03 2.888202959999999919e+01
7.215220312500000323e-03 3.145248649999999913e+01
7.216660312500000445e-03 3.394744279999999748e+01
7.218100312500000566e-03 3.636907740000000189e+01
7.219540312500000688e-03 3.871950669999999661e+01
7.220980312500000810e-03 4.100078580000000272e+01
7.222420312500000932e-03 4.321491050000000200e+01
7.223860312500001053e-03 4.536381899999999945e+01
7.225300312500000308e-03 4.744939360000000050e+01
7.226740312500000429e-03 4.947346209999999900e+01
7.228180312500000551e-03 5.143779969999999935e+01
7.229620312500000673e-03 5.334413020000000216e+01
7.232500312500000916e-03 5.699019609999999858e+01
7.235380312500000292e-03 6.042361429999999700e+01
7.238260312500000536e-03 6.365648350000000022e+01
7.241140312500000779e-03 6.670021420000000489e+01
7.244020312500001023e-03 6.956556709999999555e+01
7.246900312500000399e-03 7.226269039999999677e+01
7.249780312500000642e-03 7.480115480000000616e+01
7.252660312500000886e-03 7.718998600000000465e+01
7.255540312500000262e-03 7.943769609999999659e+01
7.258420312500000506e-03 8.155231259999999338e+01
7.261300312500000749e-03 8.354140599999999495e+01
7.264180312500000992e-03 8.541211619999999982e+01
7.267060312500000369e-03 8.717117620000000500e+01
7.269940312500000612e-03 8.882493610000000217e+01
7.275700312500001099e-03 9.184275809999999751e+01
7.281460312500000719e-03 9.450635280000000193e+01
7.287220312500000338e-03 9.685488920000000235e+01
7.292980312500000825e-03 9.892320039999999892e+01
7.298740312500000445e-03 1.007422640000000058e+02
7.304500312000000717e-03 1.023396290000000022e+02
7.310260312000000336e-03 1.037397930000000059e+02
7.316020312000000823e-03 1.049645450000000011e+02
7.321780312000000443e-03 1.060332590000000010e+02
7.327540312000000930e-03 1.069631679999999960e+02
7.333300312000000550e-03 1.077695939999999979e+02
7.344820312000000656e-03 1.090701040000000006e+02
7.356340312000000763e-03 1.100194489999999945e+02
7.367860312000000869e-03 1.106909820000000053e+02
7.379380312000000976e-03 1.111426710000000071e+02
7.390900312000001082e-03 1.114203239999999937e+02
7.402420312000000321e-03 1.115601429999999965e+02
7.425460312000000535e-03 1.115427839999999975e+02
7.465460312000000639e-03 1.109173150000000021e+02
7.505460312000000744e-03 1.098727619999999945e+02
7.545460312000000849e-03 1.086415609999999958e+02
7.585460312000000954e-03 1.073218310000000031e+02
7.600000000000000852e-03 1.068287640000000067e+02
7.599999999999999985e-03 0.000000000000000000e+00
7.600100000000000258e-03 2.134795160000000080e-01
7.600103125000000348e-03 2.201503200000000104e-01
7.600105937499999735e-03 2.261536949999999879e-01
7.600111562500000244e-03 2.381597450000000060e-01
7.600122812500000394e-03 2.621676560000000267e-01
7.600145312499999826e-03 3.101667269999999754e-01
7.600190312499999559e-03 4.060979009999999834e-01
7.600280312499999892e-03 5.976926780000000328e-01
7.600460312499999690e-03 9.798144020000000287e-01
7.600640312500000356e-03 1.360516250000000094e+00
7.600820312500000155e-03 1.739803420000000100e+00
7.601180312499999751e-03 2.494156920000000000e+00
7.601540312500000215e-03 3.242913440000000147e+00
7.601900312499999812e-03 3.986113809999999980e+00
7.602260312500000276e-03 4.723798559999999647e+00
7.602620312499999873e-03 5.456007930000000172e+00
7.602980312500000337e-03 6.182781860000000407e+00
7.603700312500000398e-03 7.620201200000000341e+00
7.604420312499999592e-03 9.036350320000000380e+00
7.605140312499999652e-03 1.043153840000000088e+01
7.605860312499999713e-03 1.180607020000000063e+01
7.606580312499999774e-03 1.316024600000000078e+01
7.607300312499999835e-03 1.449436170000000068e+01
7.608020312499999896e-03 1.580870889999999918e+01
7.608740312499999957e-03 1.710357510000000048e+01
7.609460312500000018e-03 1.837924329999999884e+01
7.610900312500000139e-03 2.087423280000000148e+01
7.612340312500000261e-03 2.329571939999999941e+01
7.613780312500000383e-03 2.564582479999999975e+01
7.615220312499999637e-03 2.792660920000000147e+01
7.616660312499999759e-03 3.014007339999999857e+01
7.618100312499999881e-03 3.228816059999999766e+01
7.619540312500000002e-03 3.437275759999999991e+01
7.620980312500000124e-03 3.639569689999999724e+01
7.622420312500000246e-03 3.835875810000000286e+01
7.623860312500000368e-03 4.026366949999999889e+01
7.625300312499999622e-03 4.211210919999999902e+01
7.626740312499999744e-03 4.390570710000000076e+01
7.628180312499999866e-03 4.564604609999999951e+01
7.629620312499999987e-03 4.733466310000000021e+01
7.632500312500000231e-03 5.056335299999999933e+01
7.635380312499999607e-03 5.360243599999999731e+01
7.638260312499999850e-03 5.646269989999999694e+01
7.641140312500000094e-03 5.915431889999999981e+01
7.644020312500000337e-03 6.168688780000000094e+01
7.646900312499999713e-03 6.406945519999999306e+01
7.649780312499999957e-03 6.631055480000000557e+01
7.652660312500000200e-03 6.841823449999999696e+01
7.655540312499999576e-03 7.040008400000000677e+01
7.658420312499999820e-03 7.226326120000000230e+01
7.661300312500000063e-03 7.401451620000000275e+01
7.664180312500000307e-03 7.566021519999999612e+01
7.667060312499999683e-03 7.720636190000000454e+01
7.669940312499999926e-03 7.865861830000000054e+01
7.675700312500000413e-03 8.130482379999999409e+01
7.681460312500000033e-03 8.363518469999999638e+01
7.687220312499999653e-03 8.568462630000000502e+01
7.692980312500000140e-03 8.748420760000000485e+01
7.698740312499999759e-03 8.906154990000000282e+01
7.704500312000000031e-03 9.044121699999999464e+01
7.710260311999999651e-03 9.164505350000000305e+01
7.716020312000000138e-03 9.269248620000000471e+01
7.721780311999999757e-03 9.360079149999999970e+01
7.727540312000000244e-03 9.438533339999999328e+01
7.733300311999999864e-03 9.505977540000000658e+01
7.744820311999999971e-03 9.613017170000000533e+01
7.756340312000000077e-03 9.688746539999999641e+01
7.767860312000000184e-03 9.739706449999999904e+01
7.779380312000000290e-03 9.771065719999999999e+01
7.790900312000000397e-03 9.786908959999999524e+01
7.802420311999999636e-03 9.790464029999999696e+01
7.825460311999999849e-03 9.771098999999999535e+01
7.865460311999999954e-03 9.684418859999999540e+01
7.905460312000000059e-03 9.560403420000000096e+01
7.945460312000000164e-03 9.419782809999999529e+01
7.985460312000000269e-03 9.271310610000000452e+01
8.000000000000000167e-03 9.216162629999999467e+01
8.000000000000000167e-03 0.000000000000000000e+00
8.000099999999999573e-03 1.833020439999999973e-01
8.000103124999999663e-03 1.890298609999999935e-01
8.000105937499999917e-03 1.941845949999999876e-01
8.000111562500000426e-03 2.044934599999999880e-01
8.000122812499999708e-03 2.251075780000000026e-01
8.000145312500000008e-03 2.663213600000000070e-01
8.000190312500000608e-03 3.486911509999999770e-01
8.000280312500000074e-03 5.131998979999999877e-01
8.000460312500000740e-03 8.412961610000000423e-01
8.000640312499999671e-03 1.168167479999999925e+00
8.000820312500000336e-03 1.493818340000000022e+00
8.001180312499999933e-03 2.141478690000000018e+00
8.001540312499999530e-03 2.784310459999999932e+00
8.001900312500000861e-03 3.422348869999999987e+00
8.002260312500000458e-03 4.055628890000000375e+00
8.002620312500000055e-03 4.684185239999999695e+00
8.002980312499999652e-03 5.308052370000000408e+00
8.003700312500000580e-03 6.541872380000000042e+00
8.004420312499999773e-03 7.757342310000000296e+00
8.005140312500000702e-03 8.954728920000000869e+00
8.005860312499999895e-03 1.013429509999999922e+01
8.006580312500000823e-03 1.129629989999999928e+01
8.007300312500000017e-03 1.244099869999999974e+01
8.008020312500000945e-03 1.356864290000000040e+01
8.008740312500000139e-03 1.467948059999999977e+01
8.009460312499999332e-03 1.577375600000000055e+01
8.010900312499999454e-03 1.791369570000000166e+01
8.012340312499999576e-03 1.999022360000000020e+01
8.013780312499999697e-03 2.200516999999999967e+01
8.015220312499999819e-03 2.396031250000000057e+01
8.016660312499999941e-03 2.585737710000000078e+01
8.018100312500000063e-03 2.769804020000000122e+01
8.019540312500000184e-03 2.948392949999999857e+01
8.020980312500000306e-03 3.121662609999999916e+01
8.022420312500000428e-03 3.289766529999999989e+01
8.023860312500000549e-03 3.452853780000000228e+01
8.025300312500000671e-03 3.611069169999999673e+01
8.026740312500000793e-03 3.764553289999999919e+01
8.028180312500000915e-03 3.913442700000000229e+01
8.029620312499999302e-03 4.057870009999999894e+01
8.032500312499999545e-03 4.333909570000000144e+01
8.035380312499999789e-03 4.593591519999999662e+01
8.038260312500000032e-03 4.837846580000000074e+01
8.041140312500000276e-03 5.067552469999999687e+01
8.044020312500000519e-03 5.283536939999999760e+01
8.046900312500000763e-03 5.486580639999999676e+01
8.049780312500001006e-03 5.677419780000000316e+01
8.052660312499999515e-03 5.856748660000000228e+01
8.055540312499999758e-03 6.025222060000000113e+01
8.058420312500000002e-03 6.183457500000000095e+01
8.061300312500000245e-03 6.332037319999999880e+01
8.064180312500000489e-03 6.471510750000000201e+01
8.067060312500000732e-03 6.602395719999999812e+01
8.069940312500000976e-03 6.725180720000000179e+01
8.072820312499999484e-03 6.840326399999999296e+01
8.078580312499999971e-03 7.049600680000000352e+01
8.084340312500000458e-03 7.233176290000000108e+01
8.090100312500000945e-03 7.393894790000000228e+01
8.095860312499999697e-03 7.534283179999999902e+01
8.101620312000000837e-03 7.656588739999999405e+01
8.107380311999999589e-03 7.762810009999999750e+01
8.113140312000000076e-03 7.854724310000000287e+01
8.118900312000000563e-03 7.933912239999999372e+01
8.124660311999999315e-03 8.001779410000000325e+01
8.130420311999999802e-03 8.059575879999999870e+01
8.141940312000000776e-03 8.149696930000000350e+01
8.153460312000000015e-03 8.211181430000000603e+01
8.164980312000000989e-03 8.250013509999999428e+01
8.176500312000000228e-03 8.270922090000000537e+01
8.188020311999999468e-03 8.277644170000000656e+01
8.199540312000000442e-03 8.273132970000000341e+01
8.222580312000000655e-03 8.239916080000000420e+01
8.262580312000000760e-03 8.133791929999999581e+01
8.302580312000000864e-03 7.993625190000000202e+01
8.342580312000000969e-03 7.838385630000000504e+01
8.382580311999999340e-03 7.676085910000000467e+01
8.399999999999999481e-03 7.604107620000000622e+01
8.400000000000001216e-03 0.000000000000000000e+00
8.400100000000000622e-03 1.502337880000000070e-01
8.400103125000000712e-03 1.549282869999999979e-01
8.400105937500000966e-03 1.591530879999999981e-01
8.400111562500001475e-03 1.676021920000000109e-01
8.400122812500000757e-03 1.844974179999999964e-01
8.400145312500001057e-03 2.182759469999999979e-01
8.400190312500001658e-03 2.857853340000000020e-01
8.400280312500001123e-03 4.206136489999999784e-01
8.400460312500001789e-03 6.895101759999999746e-01
8.400640312500000720e-03 9.573960120000000185e-01
8.400820312500001386e-03 1.224274850000000026e+00
8.401180312500000982e-03 1.755028059999999890e+00
8.401540312500000579e-03 2.281797239999999949e+00
8.401900312500001911e-03 2.804611449999999895e+00
8.402260312500001507e-03 3.323499539999999808e+00
8.402620312500001104e-03 3.838490160000000095e+00
8.402980312500000701e-03 4.349611730000000342e+00
8.403700312500001629e-03 5.360374310000000087e+00
8.404420312500000823e-03 6.355996369999999729e+00
8.405140312500001751e-03 7.336697990000000225e+00
8.405860312500000944e-03 8.302696089999999529e+00
8.406580312500001873e-03 9.254204420000000653e+00
8.407300312500001066e-03 1.019143359999999987e+01
8.408020312500001994e-03 1.111459130000000073e+01
8.408740312500001188e-03 1.202388189999999923e+01
8.409460312500000381e-03 1.291950710000000058e+01
8.410900312500000503e-03 1.467064889999999977e+01
8.412340312500000625e-03 1.636946999999999974e+01
8.413780312500000746e-03 1.801748059999999896e+01
8.415220312500000868e-03 1.961614739999999912e+01
8.416660312500000990e-03 2.116689450000000150e+01
8.418100312500001112e-03 2.267110509999999834e+01
8.419540312500001233e-03 2.413012230000000002e+01
8.420980312500001355e-03 2.554525059999999925e+01
8.422420312500001477e-03 2.691775649999999942e+01
8.423860312500001599e-03 2.824887049999999888e+01
8.425300312500001720e-03 2.953978689999999929e+01
8.426740312500001842e-03 3.079166610000000048e+01
8.428180312500001964e-03 3.200563470000000166e+01
8.429620312500000351e-03 3.318278680000000236e+01
8.432500312500000594e-03 3.543135490000000232e+01
8.435380312500000838e-03 3.754495769999999766e+01
8.438260312500001081e-03 3.953127440000000092e+01
8.441140312500001325e-03 4.139754709999999704e+01
8.444020312500001568e-03 4.315060559999999867e+01
8.446900312500001812e-03 4.479689110000000341e+01
8.449780312500002055e-03 4.634247779999999750e+01
8.452660312500000564e-03 4.779309450000000226e+01
8.455540312500000807e-03 4.915414369999999877e+01
8.458420312500001051e-03 5.043072060000000079e+01
8.461300312500001294e-03 5.162763009999999753e+01
8.464180312500001538e-03 5.274940380000000317e+01
8.467060312500001781e-03 5.380031530000000117e+01
8.469940312500002025e-03 5.478439490000000234e+01
8.472820312500000534e-03 5.570544350000000122e+01
8.478580312500001021e-03 5.737413200000000302e+01
8.484340312500001507e-03 5.883078499999999877e+01
8.490100312500001994e-03 6.009884809999999788e+01
8.495860312500000747e-03 6.119917180000000201e+01
8.501620312000001886e-03 6.215029830000000288e+01
8.507380312000000638e-03 6.296871769999999913e+01
8.513140312000001125e-03 6.366909480000000343e+01
8.518900312000001612e-03 6.426447100000000034e+01
8.524660312000000364e-03 6.476644430000000341e+01
8.530420312000000851e-03 6.518532899999999586e+01
8.541940312000001825e-03 6.581294450000000040e+01
8.553460312000001065e-03 6.620430039999999394e+01
8.564980312000002038e-03 6.640877290000000244e+01
8.576500312000001278e-03 6.646538130000000422e+01
8.588020312000000517e-03 6.640496120000000246e+01
8.599540312000001491e-03 6.625188070000000096e+01
8.622580312000001704e-03 6.574617360000000588e+01
8.662580312000001809e-03 6.446869089999999858e+01
8.702580312000001914e-03 6.291074030000000050e+01
8.742580312000002019e-03 6.122890480000000224e+01
8.782580312000000389e-03 5.948936009999999897e+01
8.800000000000000530e-03 5.872127650000000187e+01
8.800000000000000530e-03 0.000000000000000000e+00
8.800099999999999936e-03 1.147962559999999993e-01
8.800103125000000026e-03 1.183834019999999987e-01
8.800105937500000280e-03 1.216116420000000059e-01
8.800111562500000789e-03 1.280677369999999871e-01
8.800122812500000072e-03 1.409776239999999958e-01
8.800145312500000372e-03 1.667881910000000023e-01
8.800190312500000972e-03 2.183725119999999909e-01
8.800280312500000438e-03 3.213940710000000034e-01
8.800460312500001103e-03 5.268502040000000441e-01
8.800640312500000034e-03 7.315258340000000414e-01
8.800820312500000700e-03 9.354238150000000473e-01
8.801180312500000297e-03 1.340899590000000030e+00
8.801540312499999894e-03 1.743298709999999918e+00
8.801900312500001225e-03 2.142643629999999799e+00
8.802260312500000822e-03 2.538956610000000058e+00
8.802620312500000418e-03 2.932259789999999811e+00
8.802980312500000015e-03 3.322575120000000215e+00
8.803700312500000943e-03 4.094339950000000172e+00
8.804420312500000137e-03 4.854412570000000038e+00
8.805140312500001065e-03 5.602962950000000220e+00
8.805860312500000259e-03 6.340158599999999645e+00
8.806580312500001187e-03 7.066164579999999695e+00
8.807300312500000380e-03 7.781143570000000231e+00
8.808020312500001309e-03 8.485255860000000538e+00
8.808740312500000502e-03 9.178659420000000679e+00
8.809460312499999696e-03 9.861509930000000423e+00
8.810900312499999817e-03 1.119623720000000056e+01
8.812340312499999939e-03 1.249056000000000033e+01
8.813780312500000061e-03 1.374564480000000088e+01
8.815220312500000183e-03 1.496262390000000053e+01
8.816660312500000304e-03 1.614259739999999965e+01
8.818100312500000426e-03 1.728663320000000070e+01
8.819540312500000548e-03 1.839576870000000142e+01
8.820980312500000670e-03 1.947101109999999835e+01
8.822420312500000791e-03 2.051333869999999848e+01
8.823860312500000913e-03 2.152370159999999899e+01
8.825300312500001035e-03 2.250302209999999903e+01
8.826740312500001157e-03 2.345219639999999828e+01
8.828180312500001278e-03 2.437209440000000171e+01
8.829620312499999665e-03 2.526356110000000044e+01
8.832500312499999909e-03 2.696484039999999993e+01
8.835380312500000152e-03 2.856189369999999883e+01
8.838260312500000396e-03 3.006065119999999879e+01
8.841140312500000639e-03 3.146670549999999977e+01
8.844020312500000883e-03 3.278533110000000050e+01
8.846900312500001126e-03 3.402150199999999813e+01
8.849780312500001370e-03 3.517990919999999733e+01
8.852660312499999878e-03 3.626497669999999829e+01
8.855540312500000122e-03 3.728087659999999914e+01
8.858420312500000365e-03 3.823154360000000196e+01
8.861300312500000609e-03 3.912068839999999881e+01
8.864180312500000852e-03 3.995181050000000056e+01
8.867060312500001096e-03 4.072821019999999947e+01
8.869940312500001339e-03 4.145299990000000179e+01
8.872820312499999848e-03 4.212911489999999759e+01
8.878580312500000335e-03 4.334743290000000115e+01
8.884340312500000822e-03 4.440201050000000293e+01
8.890100312500001309e-03 4.531095359999999772e+01
8.895860312500000061e-03 4.609036429999999740e+01
8.901620312000001201e-03 4.675456189999999879e+01
8.907380311999999953e-03 4.731628099999999648e+01
8.913140312000000440e-03 4.778684669999999812e+01
8.918900312000000927e-03 4.817633039999999767e+01
8.924660311999999679e-03 4.849368890000000221e+01
8.930420312000000166e-03 4.874688749999999970e+01
8.936180312000000653e-03 4.894301000000000101e+01
8.947700311999999892e-03 4.919088860000000096e+01
8.959220312000000866e-03 4.927646049999999889e+01
8.970740312000000105e-03 4.923363789999999796e+01
8.982260312000001079e-03 4.908922030000000092e+01
8.993780312000000318e-03 4.886438679999999835e+01
9.005300312000001292e-03 4.857587490000000230e+01
9.028340311999999770e-03 4.786169269999999898e+01
9.068340311999999875e-03 4.634709550000000178e+01
9.108340311999999980e-03 4.463955330000000288e+01
9.148340312000000085e-03 4.284670390000000140e+01
9.188340312000000190e-03 4.101409550000000337e+01
9.199999999999999845e-03 4.047537369999999868e+01
9.199999999999999845e-03 0.000000000000000000e+00
9.200099999999999251e-03 7.754831830000000203e-02
9.200103124999999341e-03 7.997153989999999935e-02
9.200105937499999595e-03 8.215230710000000214e-02
9.200111562500000104e-03 8.651357680000000550e-02
9.200122812499999386e-03 9.523452890000000393e-02
9.200145312499999686e-03 1.126700860000000026e-01
9.200190312500000286e-03 1.475158239999999898e-01
9.200280312499999752e-03 2.171059170000000094e-01
9.200460312500000418e-03 3.558814889999999953e-01
9.200640312499999349e-03 4.941190579999999999e-01
9.200820312500000014e-03 6.318205879999999608e-01
9.201180312499999611e-03 9.056243330000000036e-01
9.201540312499999208e-03 1.177307330000000096e+00
9.201900312500000539e-03 1.446885039999999956e+00
9.202260312500000136e-03 1.714372819999999908e+00
9.202620312499999733e-03 1.979785930000000027e+00
9.202980312499999330e-03 2.243139509999999781e+00
9.203700312500000258e-03 2.763735389999999903e+00
9.204420312499999451e-03 3.276271780000000078e+00
9.205140312500000380e-03 3.780865840000000144e+00
9.205860312499999573e-03 4.277633019999999675e+00
9.206580312500000501e-03 4.766687110000000338e+00
9.207300312499999695e-03 5.248140239999999679e+00
9.208020312500000623e-03 5.722102910000000264e+00
9.208740312499999817e-03 6.188684010000000235e+00
9.209460312499999010e-03 6.647990830000000351e+00
9.210180312499999938e-03 7.100129139999999950e+00
9.211620312500000060e-03 7.983365759999999867e+00
9.213060312500000182e-03 8.839156349999999662e+00
9.214500312500000304e-03 9.668293110000000468e+00
9.215940312500000425e-03 1.047154540000000011e+01
9.217380312500000547e-03 1.124966019999999922e+01
9.218820312500000669e-03 1.200336330000000018e+01
9.220260312499999056e-03 1.273335909999999949e+01
9.221700312499999178e-03 1.344033190000000033e+01
9.223140312499999299e-03 1.412494629999999951e+01
9.224580312499999421e-03 1.478784749999999981e+01
9.226020312499999543e-03 1.542966219999999922e+01
9.227460312499999665e-03 1.605099909999999852e+01
9.228900312499999786e-03 1.665244909999999834e+01
9.230340312499999908e-03 1.723458619999999897e+01
9.233220312500000151e-03 1.834339419999999876e+01
9.236100312500000395e-03 1.938140329999999878e+01
9.238980312500000638e-03 2.035264189999999829e+01
9.241860312499999147e-03 2.126090900000000161e+01
9.244740312499999391e-03 2.210978730000000070e+01
9.247620312499999634e-03 2.290265589999999918e+01
9.250500312499999878e-03 2.364270110000000003e+01
9.253380312500000121e-03 2.433292820000000134e+01
9.256260312500000365e-03 2.497617119999999957e+01
9.259140312500000608e-03 2.557510299999999859e+01
9.262020312499999117e-03 2.613224419999999881e+01
9.264900312499999360e-03 2.664997200000000177e+01
9.267780312499999604e-03 2.713052820000000054e+01
9.270660312499999847e-03 2.757602719999999863e+01
9.273540312500000091e-03 2.798846269999999947e+01
9.279300312500000578e-03 2.872237140000000011e+01
9.285060312499999330e-03 2.934505659999999949e+01
9.290820312499999817e-03 2.986881759999999986e+01
9.296580312500000304e-03 3.030459249999999827e+01
9.302340311999999709e-03 3.066210849999999866e+01
9.308100312000000195e-03 3.095001639999999909e+01
9.313860312000000682e-03 3.117600919999999931e+01
9.319620311999999435e-03 3.134692880000000059e+01
9.325380311999999922e-03 3.146885950000000065e+01
9.331140312000000409e-03 3.154721230000000176e+01
9.336900311999999161e-03 3.158679950000000147e+01
9.348420312000000135e-03 3.156792510000000007e+01
9.359940311999999374e-03 3.143882299999999930e+01
9.371460312000000348e-03 3.122253129999999999e+01
9.382980311999999587e-03 3.093725710000000007e+01
9.394500312000000561e-03 3.059738929999999968e+01
9.406020311999999800e-03 3.021429990000000032e+01
9.429060312000000013e-03 2.935506469999999979e+01
9.469060313000000548e-03 2.767714709999999911e+01
9.509060312000000223e-03 2.586876360000000119e+01
9.549060312000000328e-03 2.400313440000000043e+01
9.589060312000000433e-03 2.211130289999999832e+01
9.599999999999999159e-03 2.159119219999999828e+01
9.600000000000000894e-03 0.000000000000000000e+00
9.600100000000000300e-03 3.907739729999999689e-02
9.600103125000000390e-03 4.029847889999999683e-02
9.600105937500000644e-03 4.139738159999999806e-02
9.600111562500001153e-03 4.359504609999999974e-02
9.600122812500000435e-03 4.798952809999999791e-02
9.600145312500000735e-03 5.677510589999999746e-02
9.600190312500001336e-03 7.433272400000000280e-02
9.600280312500000801e-03 1.093938720000000031e-01
9.600460312500001467e-03 1.793003109999999900e-01
9.600640312500000398e-03 2.489197280000000068e-01
9.600820312500001064e-03 3.182531730000000003e-01
9.601180312500000660e-03 4.560668390000000016e-01
9.601540312500000257e-03 5.927490970000000026e-01
9.601900312500001589e-03 7.283082029999999873e-01
9.602260312500001185e-03 8.627523499999999457e-01
9.602620312500000782e-03 9.960896729999999533e-01
9.602980312500000379e-03 1.128328240000000093e+00
9.603700312500001307e-03 1.389545079999999988e+00
9.604420312500000501e-03 1.646462230000000027e+00
9.605140312500001429e-03 1.899142209999999942e+00
9.605860312500000622e-03 2.147646609999999789e+00
9.606580312500001551e-03 2.392036140000000088e+00
9.607300312500000744e-03 2.632370610000000166e+00
9.608020312500001672e-03 2.868708980000000075e+00
9.608740312500000866e-03 3.101109350000000209e+00
9.609460312500000059e-03 3.329628950000000032e+00
9.610180312500000988e-03 3.554324199999999934e+00
9.611620312500001109e-03 3.992490060000000174e+00
9.613060312500001231e-03 4.416013699999999709e+00
9.614500312500001353e-03 4.825317769999999840e+00
9.615940312500001474e-03 5.220812709999999690e+00
9.617380312500001596e-03 5.602897099999999853e+00
9.618820312500001718e-03 5.971958019999999756e+00
9.620260312500000105e-03 6.328371390000000041e+00
9.621700312500000227e-03 6.672502249999999968e+00
9.623140312500000348e-03 7.004705129999999613e+00
9.624580312500000470e-03 7.325324290000000182e+00
9.626020312500000592e-03 7.634694080000000049e+00
9.627460312500000714e-03 7.933139180000000401e+00
9.628900312500000835e-03 8.220974910000000691e+00
9.630340312500000957e-03 8.498507480000000669e+00
9.631780312500001079e-03 8.766034250000000583e+00
9.634660312500001322e-03 9.272351430000000505e+00
9.637540312500001566e-03 9.741988590000000059e+00
9.640420312500000075e-03 1.017703279999999921e+01
9.643300312500000318e-03 1.057945250000000037e+01
9.646180312500000562e-03 1.095110380000000028e+01
9.649060312500000805e-03 1.129373739999999948e+01
9.651940312500001048e-03 1.160900419999999933e+01
9.654820312500001292e-03 1.189846119999999985e+01
9.657700312500001535e-03 1.216357690000000069e+01
9.660580312500000044e-03 1.240573599999999921e+01
9.663460312500000288e-03 1.262624450000000031e+01
9.666340312500000531e-03 1.282633399999999924e+01
9.669220312500000775e-03 1.300716609999999918e+01
9.672100312500001018e-03 1.316983630000000005e+01
9.674980312500001262e-03 1.331537750000000031e+01
9.677860312500001505e-03 1.344476419999999983e+01
9.683620312500000257e-03 1.365909399999999962e+01
9.689380312500000744e-03 1.381908130000000057e+01
9.695140312500001231e-03 1.393073599999999956e+01
9.700900312000000636e-03 1.399940299999999915e+01
9.706660312000001123e-03 1.402983539999999962e+01
9.712420312000001610e-03 1.402626039999999996e+01
9.718180312000000362e-03 1.399243740000000003e+01
9.723940312000000849e-03 1.393170970000000075e+01
9.729700312000001336e-03 1.384705059999999932e+01
9.735460312000000088e-03 1.374110439999999933e+01
9.741220312000000575e-03 1.361622279999999918e+01
9.746980312000001062e-03 1.347449729999999946e+01
9.758500312000000301e-03 1.314844599999999986e+01
9.770020312000001275e-03 1.277450649999999932e+01
9.781540312000000514e-03 1.236269360000000006e+01
9.793060312000001488e-03 1.192092249999999964e+01
9.804580312000000727e-03 1.145544970000000085e+01
9.816100312000001701e-03 1.097122049999999938e+01
9.827620312000000941e-03 1.047214460000000003e+01
9.850660312000001154e-03 9.442043529999999407e+00
9.890660312000001259e-03 7.589851219999999898e+00
9.930660312000001363e-03 5.693158229999999875e+00
9.970660312000001468e-03 3.777310449999999875e+00
1.000000000000000021e-02 2.366346440000000051e+00
1.000000000000000021e-02 0.000000000000000000e+00
1.000009999999999961e-02 -9.797545159999999285e-06
1.000015000000000105e-02 -1.714321510000000145e-05
1.000019499999999992e-02 -2.573449200000000047e-05
1.000023549999999942e-02 -3.506926189999999755e-05
1.000027600000000065e-02 -4.600533289999999675e-05
1.000031650000000015e-02 -5.854138690000000112e-05
1.000035699999999965e-02 -7.267610660000000647e-05
1.000039750000000088e-02 -8.840817599999999934e-05
1.000043800000000038e-02 -1.057362799999999979e-04
1.000047849999999988e-02 -1.246591049999999873e-04
1.000051899999999938e-02 -1.451753370000000002e-04
1.000055950000000062e-02 -1.672836659999999993e-04
1.000060000000000011e-02 -1.909827799999999957e-04
1.000064049999999961e-02 -2.162713699999999886e-04
1.000068100000000085e-02 -2.431481280000000005e-04
1.000072150000000035e-02 -2.708186420000000178e-04
1.000080249999999935e-02 -3.309182890000000161e-04
1.000088350000000008e-02 -3.973549259999999768e-04
1.000096450000000081e-02 -4.701181200000000091e-04
1.000104549999999981e-02 -5.491974539999999955e-04
1.000112650000000054e-02 -6.345825290000000176e-04
1.000120749999999954e-02 -7.262629620000000388e-04
1.000128850000000028e-02 -8.242283869999999547e-04
1.000136950000000101e-02 -9.284684580000000147e-04
1.000145050000000001e-02 -1.038972840000000099e-03
1.000153150000000074e-02 -1.155731220000000108e-03
1.000161249999999974e-02 -1.278733310000000059e-03
1.000169350000000047e-02 -1.407968820000000086e-03
1.000177449999999947e-02 -1.543427480000000027e-03
1.000185550000000020e-02 -1.685099059999999992e-03
1.000193650000000094e-02 -1.832973319999999916e-03
1.000201749999999994e-02 -1.987040050000000047e-03
1.000209850000000067e-02 -2.147289049999999942e-03
1.000217949999999967e-02 -2.313710149999999906e-03
1.000226050000000040e-02 -2.486293179999999811e-03
1.000234149999999940e-02 -2.665027999999999841e-03
1.000242250000000013e-02 -2.849904470000000183e-03
1.000250350000000087e-02 -3.040912489999999992e-03
1.000258449999999986e-02 -3.238041960000000163e-03
1.000266550000000060e-02 -3.441282800000000208e-03
1.000274649999999960e-02 -3.650624949999999990e-03
1.000282750000000033e-02 -3.866058360000000204e-03
1.000290850000000106e-02 -4.087572999999999727e-03
1.000298950000000006e-02 -4.315158870000000355e-03
1.000307050000000079e-02 -4.548805950000000056e-03
1.000323250000000053e-02 -5.034238929999999661e-03
1.000339450000000026e-02 -5.543797290000000190e-03
1.000355649999999999e-02 -6.077401649999999642e-03
1.000371849999999972e-02 -6.634972900000000139e-03
1.000388049999999945e-02 -7.216432170000000243e-03
1.000404250000000092e-02 -7.821700859999999172e-03
1.000420450000000065e-02 -8.450700639999999403e-03
1.000436650000000038e-02 -9.103353419999999849e-03
1.000452850000000012e-02 -9.779581379999999213e-03
1.000469049999999985e-02 -1.047930690000000060e-02
1.000485249999999958e-02 -1.120245280000000017e-02
1.000501450000000105e-02 -1.194894189999999926e-02
1.000517650000000078e-02 -1.271869739999999943e-02
1.000533850000000051e-02 -1.351164269999999973e-02
1.000550050000000024e-02 -1.432770170000000065e-02
1.000566249999999997e-02 -1.516679810000000003e-02
1.000582449999999970e-02 -1.602885620000000025e-02
1.000598649999999944e-02 -1.691380049999999940e-02
1.000614850000000090e-02 -1.782155569999999828e-02
1.000631050000000064e-02 -1.875204659999999898e-02
1.000647250000000037e-02 -1.970519860000000123e-02
1.000679649999999983e-02 -2.167915039999999960e-02
1.000712050000000103e-02 -2.374285510000000154e-02
1.000744450000000049e-02 -2.589572299999999896e-02
1.000776849999999996e-02 -2.813716830000000113e-02
1.000809249999999942e-02 -3.046660899999999866e-02
1.000841650000000062e-02 -3.288346699999999956e-02
1.000874050000000008e-02 -3.538716799999999663e-02
1.000906449999999955e-02 -3.797714139999999738e-02
1.000938850000000074e-02 -4.065282030000000324e-02
1.000971250000000021e-02 -4.341364169999999828e-02
1.001003649999999967e-02 -4.625904630000000212e-02
1.001036050000000087e-02 -4.918847820000000343e-02
1.001068450000000033e-02 -5.220138540000000132e-02
1.001100849999999980e-02 -5.529721950000000136e-02
1.001133250000000099e-02 -5.847543560000000029e-02
1.001165650000000046e-02 -6.173549250000000266e-02
1.001198049999999992e-02 -6.507685239999999594e-02
1.001230449999999939e-02 -6.849898120000000312e-02
1.001262850000000058e-02 -7.200134819999999547e-02
1.001295250000000005e-02 -7.558342619999999790e-02
1.001360050000000071e-02 -8.298436620000000652e-02
1.001424849999999964e-02 -9.069791700000000290e-02
1.001489650000000030e-02 -9.871998410000000501e-02
1.001554450000000096e-02 -1.070465270000000024e-01
1.001619249999999989e-02 -1.156735569999999963e-01
1.001684050000000055e-02 -1.245971389999999956e-01
1.001748849999999948e-02 -1.338133880000000053e-01
1.001813650000000014e-02 -1.433184720000000023e-01
1.001878450000000080e-02 -1.531086060000000082e-01
1.001943249999999973e-02 -1.631800589999999884e-01
1.002008050000000039e-02 -1.735291429999999968e-01
1.002072850000000105e-02 -1.841522240000000032e-01
1.002137649999999998e-02 -1.950457130000000094e-01
1.002202450000000064e-02 -2.062060659999999934e-01
1.002267249999999957e-02 -2.176297899999999896e-01
1.002332050000000023e-02 -2.293134330000000110e-01
1.002396850000000089e-02 -2.412535919999999889e-01
1.002526450000000048e-02 -2.658884340000000068e-01
1.002656050000000007e-02 -2.915096699999999985e-01
1.002785649999999966e-02 -3.180916260000000162e-01
1.002915250000000098e-02 -3.456092960000000103e-01
1.003044850000000057e-02 -3.740383239999999776e-01
1.003174450000000016e-02 -4.033549889999999971e-01
1.003304049999999975e-02 -4.335361859999999901e-01
1.003433650000000107e-02 -4.645594109999999777e-01
1.003563250000000066e-02 -4.964027440000000069e-01
1.003692850000000025e-02 -5.290448389999999890e-01
1.003822449999999984e-02 -5.624649000000000454e-01
1.003952049999999943e-02 -5.966426759999999829e-01
1.004081650000000075e-02 -6.315584410000000259e-01
1.004211250000000034e-02 -6.671929829999999617e-01
1.004470449999999952e-02 -7.405352689999999960e-01
1.004729650000000044e-02 -8.165352569999999588e-01
1.004988849999999961e-02 -8.950563270000000404e-01
1.005248050000000053e-02 -9.759688760000000407e-01
1.005507249999999971e-02 -1.059149949999999896e+00
1.005766450000000062e-02 -1.144482919999999959e+00
1.006025649999999980e-02 -1.231857140000000017e+00
1.006284850000000071e-02 -1.321167619999999987e+00
1.006544049999999989e-02 -1.412314800000000092e+00
1.006803250000000080e-02 -1.505204210000000042e+00
1.007062449999999998e-02 -1.599746220000000108e+00
1.007580850000000007e-02 -1.793415049999999900e+00
1.008099250000000016e-02 -1.992736939999999901e+00
1.008617650000000025e-02 -2.197144559999999913e+00
1.009136050000000034e-02 -2.406127360000000159e+00
1.009654450000000044e-02 -2.619225859999999795e+00
1.010172850000000053e-02 -2.836026540000000207e+00
1.010691250000000062e-02 -3.056157259999999987e+00
1.011728050000000080e-02 -3.504973360000000149e+00
1.012764850000000098e-02 -3.963555040000000140e+00
1.013801649999999943e-02 -4.430027070000000400e+00
1.014838449999999961e-02 -4.902870970000000383e+00
1.016912049999999998e-02 -5.862620869999999762e+00
1.020912050000000008e-02 -7.747309819999999903e+00
1.024912050000000019e-02 -9.655953139999999379e+00
1.028912050000000029e-02 -1.157368639999999971e+01
1.032912050000000040e-02 -1.349406699999999937e+01
1.036912050000000050e-02 -1.541420339999999989e+01
1.039999999999999952e-02 -1.689546410000000165e+01
1.040000000000000126e-02 0.000000000000000000e+00
1.040010000000000066e-02 -3.909683790000000048e-02
1.040010312500000075e-02 -4.031854590000000238e-02
1.040010593750000101e-02 -4.141802800000000256e-02
1.040011156250000152e-02 -4.361688159999999731e-02
1.040012281250000080e-02 -4.801392649999999818e-02
1.040014531250000110e-02 -5.680536779999999925e-02
1.040019031250000170e-02 -7.437766199999999717e-02
1.040028031250000116e-02 -1.094799459999999947e-01
1.040046031250000183e-02 -1.795156800000000108e-01
1.040064031250000076e-02 -2.493269200000000074e-01
1.040082031250000143e-02 -3.189144870000000243e-01
1.040118031250000102e-02 -4.574222709999999914e-01
1.040154031250000062e-02 -5.950451249999999526e-01
1.040190031250000195e-02 -7.317895030000000078e-01
1.040226031250000155e-02 -8.676618149999999474e-01
1.040262031250000115e-02 -1.002668420000000005e+00
1.040334031250000207e-02 -1.270112839999999910e+00
1.040406031250000127e-02 -1.534169530000000004e+00
1.040478031250000046e-02 -1.794887740000000065e+00
1.040550031250000139e-02 -2.052316010000000190e+00
1.040622031250000058e-02 -2.306502159999999968e+00
1.040694031250000151e-02 -2.557493309999999909e+00
1.040766031250000070e-02 -2.805335910000000155e+00
1.040838031250000163e-02 -3.050075740000000035e+00
1.040982031250000175e-02 -3.530448540000000079e+00
1.041126031250000188e-02 -3.998941729999999861e+00
1.041270031250000200e-02 -4.455898180000000153e+00
1.041414031250000212e-02 -4.901650860000000165e+00
1.041558031250000051e-02 -5.336523139999999721e+00
1.041702031250000063e-02 -5.760829030000000017e+00
1.041846031250000075e-02 -6.174873490000000409e+00
1.041990031250000087e-02 -6.578952669999999614e+00
1.042134031250000099e-02 -6.973354170000000352e+00
1.042278031250000112e-02 -7.358357279999999889e+00
1.042422031250000124e-02 -7.734233240000000009e+00
1.042566031250000136e-02 -8.101245439999999576e+00
1.042854031250000160e-02 -8.809813280000000191e+00
1.043142031250000185e-02 -9.485887350000000495e+00
1.043430031250000209e-02 -1.013131629999999994e+01
1.043718031250000060e-02 -1.074784359999999950e+01
1.044006031250000084e-02 -1.133711339999999979e+01
1.044294031250000108e-02 -1.190067630000000065e+01
1.044582031250000133e-02 -1.243999449999999918e+01
1.044870031250000157e-02 -1.295644730000000067e+01
1.045158031250000182e-02 -1.345133500000000026e+01
1.045446031250000206e-02 -1.392588429999999988e+01
1.045734031250000057e-02 -1.438125179999999936e+01
1.046022031250000081e-02 -1.481852839999999993e+01
1.046310031250000105e-02 -1.523874290000000009e+01
1.046886031250000154e-02 -1.603223029999999838e+01
1.047462031250000203e-02 -1.676831920000000054e+01
1.048038031250000078e-02 -1.745335499999999840e+01
1.048614031250000127e-02 -1.809298069999999825e+01
1.049190031250000175e-02 -1.869221449999999862e+01
1.049766031250000051e-02 -1.925551899999999961e+01
1.050342031200000165e-02 -1.978686280000000153e+01
1.050918031200000040e-02 -2.028977499999999878e+01
1.051494031200000089e-02 -2.076739410000000063e+01
1.052646031300000055e-02 -2.165865300000000104e+01
1.053798031300000153e-02 -2.247797590000000056e+01
1.054950031200000207e-02 -2.324038300000000135e+01
1.056102031200000131e-02 -2.395774240000000077e+01
1.057254031200000055e-02 -2.463943090000000069e+01
1.059558031200000076e-02 -2.592596470000000153e+01
1.063558031200000087e-02 -2.800550520000000176e+01
1.067558031200000097e-02 -2.997652160000000165e+01
1.071558031200000108e-02 -3.189891610000000099e+01
1.075558031200000118e-02 -3.379777049999999861e+01
1.079558031200000129e-02 -3.568348730000000302e+01
1.080000000000000057e-02 -3.589123490000000061e+01
1.080000000000000057e-02 0.000000000000000000e+00
1.080009999999999998e-02 -7.756729780000000407e-02
1.080010312500000007e-02 -7.999113099999999310e-02
1.080010593750000032e-02 -8.217246370000000355e-02
1.080011156250000083e-02 -8.653489440000000643e-02
1.080012281250000011e-02 -9.525834860000000071e-02
1.080014531250000041e-02 -1.126996299999999951e-01
1.080019031250000101e-02 -1.475596959999999902e-01
1.080028031250000048e-02 -2.171899479999999938e-01
1.080046031250000114e-02 -3.560917499999999847e-01
1.080064031250000008e-02 -4.945165910000000054e-01
1.080082031250000074e-02 -6.324662159999999700e-01
1.080118031250000034e-02 -9.069476170000000392e-01
1.080154031249999994e-02 -1.179548889999999961e+00
1.080190031250000127e-02 -1.450283760000000033e+00
1.080226031250000086e-02 -1.719165840000000056e+00
1.080262031250000046e-02 -1.986208650000000020e+00
1.080334031250000139e-02 -2.514836589999999816e+00
1.080406031250000058e-02 -3.036266980000000171e+00
1.080478031249999978e-02 -3.550604449999999801e+00
1.080550031250000070e-02 -4.057952120000000384e+00
1.080622031249999990e-02 -4.558411590000000402e+00
1.080694031250000083e-02 -5.052082989999999718e+00
1.080766031250000002e-02 -5.539064999999999905e+00
1.080838031250000095e-02 -6.019454869999999680e+00
1.080910031250000014e-02 -6.493348420000000232e+00
1.081054031250000026e-02 -7.422068440000000322e+00
1.081198031250000038e-02 -8.325916039999999185e+00
1.081342031250000051e-02 -9.205609100000000211e+00
1.081486031250000063e-02 -1.006184479999999937e+01
1.081630031250000075e-02 -1.089530010000000004e+01
1.081774031250000087e-02 -1.170663260000000072e+01
1.081918031250000099e-02 -1.249648080000000050e+01
1.082062031250000111e-02 -1.326546459999999961e+01
1.082206031250000124e-02 -1.401418639999999982e+01
1.082350031250000136e-02 -1.474323079999999919e+01
1.082494031249999974e-02 -1.545316569999999956e+01
1.082638031249999987e-02 -1.614454269999999880e+01
1.082782031249999999e-02 -1.681789739999999966e+01
1.083070031250000023e-02 -1.811284669999999863e+01
1.083358031250000048e-02 -1.934172769999999986e+01
1.083646031250000072e-02 -2.050829930000000090e+01
1.083934031250000096e-02 -2.161610639999999961e+01
1.084222031250000121e-02 -2.266849230000000048e+01
1.084510031249999971e-02 -2.366860959999999992e+01
1.084798031249999996e-02 -2.461943189999999859e+01
1.085086031250000020e-02 -2.552376329999999882e+01
1.085374031250000045e-02 -2.638424810000000065e+01
1.085662031250000069e-02 -2.720338040000000035e+01
1.085950031250000093e-02 -2.798351219999999984e+01
1.086238031250000118e-02 -2.872686159999999944e+01
1.086526031250000142e-02 -2.943552040000000147e+01
1.087102031250000017e-02 -3.075739790000000085e+01
1.087678031250000066e-02 -3.196257530000000102e+01
1.088254031250000115e-02 -3.306395570000000106e+01
1.088830031249999990e-02 -3.407301360000000301e+01
1.089406031250000038e-02 -3.499995330000000138e+01
1.089982031250000087e-02 -3.585384940000000142e+01
1.090558031200000028e-02 -3.664277200000000079e+01
1.091134031200000076e-02 -3.737389770000000055e+01
1.091710031200000125e-02 -3.805360859999999690e+01
1.092286031200000000e-02 -3.868758019999999931e+01
1.093438031200000098e-02 -3.983982699999999966e+01
1.094590031200000022e-02 -4.086199100000000328e+01
1.095742031200000119e-02 -4.178123790000000071e+01
1.096894031200000043e-02 -4.261903319999999695e+01
1.098046031200000140e-02 -4.339233790000000113e+01
1.100350031199999988e-02 -4.480005469999999690e+01
1.104350031199999999e-02 -4.696579559999999987e+01
1.108350031300000052e-02 -4.893587759999999776e+01
1.112350031300000062e-02 -5.081887100000000146e+01
1.116350031200000030e-02 -5.266038149999999973e+01
1.119999999999999989e-02 -5.432087179999999904e+01
1.119999999999999989e-02 0.000000000000000000e+00
1.120009999999999929e-02 -1.148144749999999992e-01
1.120010312499999938e-02 -1.184022079999999949e-01
1.120010593749999964e-02 -1.216309909999999939e-01
1.120011156250000015e-02 -1.280882000000000132e-01
1.120012281249999943e-02 -1.410004900000000061e-01
1.120014531249999973e-02 -1.668165510000000074e-01
1.120019031250000033e-02 -2.184146260000000006e-01
1.120028031249999979e-02 -3.214747359999999832e-01
1.120046031250000046e-02 -5.270520400000000549e-01
1.120064031249999939e-02 -7.319074410000000475e-01
1.120082031250000006e-02 -9.360435759999999883e-01
1.120118031249999965e-02 -1.342169860000000048e+00
1.120154031249999925e-02 -1.745450469999999976e+00
1.120190031250000058e-02 -2.145906179999999885e+00
1.120226031250000018e-02 -2.543557600000000196e+00
1.120262031249999977e-02 -2.938425169999999920e+00
1.120334031250000070e-02 -3.719899859999999947e+00
1.120406031249999990e-02 -4.490480690000000052e+00
1.120478031249999909e-02 -5.250326010000000210e+00
1.120550031250000002e-02 -5.999591900000000422e+00
1.120622031249999921e-02 -6.738432139999999571e+00
1.120694031250000014e-02 -7.466998300000000199e+00
1.120766031249999933e-02 -8.185439730000000580e+00
1.120838031250000026e-02 -8.893903599999999798e+00
1.120910031249999946e-02 -9.592534970000000882e+00
1.121054031249999958e-02 -1.096093869999999981e+01
1.121198031249999970e-02 -1.229169680000000042e+01
1.121342031249999982e-02 -1.358589579999999941e+01
1.121486031249999994e-02 -1.484459090000000003e+01
1.121630031250000006e-02 -1.606880680000000083e+01
1.121774031250000019e-02 -1.725953870000000023e+01
1.121918031250000031e-02 -1.841775300000000115e+01
1.122062031250000043e-02 -1.954438820000000021e+01
1.122206031250000055e-02 -2.064035570000000064e+01
1.122350031250000067e-02 -2.170654070000000146e+01
1.122494031249999906e-02 -2.274380269999999982e+01
1.122638031249999918e-02 -2.375297630000000026e+01
1.122782031249999930e-02 -2.473487229999999926e+01
1.123070031249999955e-02 -2.662032320000000141e+01
1.123358031249999979e-02 -2.840577700000000050e+01
1.123646031250000003e-02 -3.009692289999999915e+01
1.123934031250000028e-02 -3.169912649999999843e+01
1.124222031250000052e-02 -3.321744780000000219e+01
1.124510031249999903e-02 -3.465665899999999766e+01
1.124798031249999927e-02 -3.602126040000000273e+01
1.125086031249999952e-02 -3.731549640000000068e+01
1.125374031249999976e-02 -3.854336940000000311e+01
1.125662031250000000e-02 -3.970865440000000035e+01
1.125950031250000025e-02 -4.081491119999999739e+01
1.126238031250000049e-02 -4.186549720000000008e+01
1.126526031250000073e-02 -4.286357840000000152e+01
1.126814031249999924e-02 -4.381214080000000166e+01
1.127390031249999973e-02 -4.557303040000000038e+01
1.127966031250000022e-02 -4.716733719999999863e+01
1.128542031250000070e-02 -4.861347930000000161e+01
1.129118031249999946e-02 -4.992783579999999688e+01
1.129694031249999994e-02 -5.112497280000000188e+01
1.130270031199999935e-02 -5.221784370000000308e+01
1.130846031199999983e-02 -5.321796820000000139e+01
1.131422031200000032e-02 -5.413559049999999928e+01
1.131998031199999907e-02 -5.497982089999999999e+01
1.132574031199999956e-02 -5.575876110000000097e+01
1.133726031200000053e-02 -5.715149170000000112e+01
1.134878031199999977e-02 -5.835853879999999805e+01
1.136030031199999901e-02 -5.941868190000000283e+01
1.137182031199999999e-02 -6.036256399999999900e+01
1.138334031199999923e-02 -6.121439840000000032e+01
1.140638031199999944e-02 -6.271984549999999814e+01
1.144638031199999954e-02 -6.493652249999999526e+01
1.148638031199999965e-02 -6.687424459999999726e+01
1.152638031199999975e-02 -6.868812479999999709e+01
1.156638031199999986e-02 -7.044339990000000284e+01
1.159999999999999920e-02 -7.189378010000000074e+01
1.160000000000000094e-02 0.000000000000000000e+00
1.160010000000000034e-02 -1.502509589999999895e-01
1.160010312500000043e-02 -1.549460119999999941e-01
1.160010593750000069e-02 -1.591713240000000029e-01
1.160011156250000119e-02 -1.676214789999999899e-01
1.160012281250000048e-02 -1.845189690000000049e-01
1.160014531250000078e-02 -2.183026760000000011e-01
1.160019031250000138e-02 -2.858250270000000093e-01
1.160028031250000084e-02 -4.206896749999999852e-01
1.160046031250000151e-02 -6.897004049999999609e-01
1.160064031250000044e-02 -9.577556729999999741e-01
1.160082031250000111e-02 -1.224858970000000102e+00
1.160118031250000070e-02 -1.756225280000000000e+00
1.160154031250000030e-02 -2.283825250000000029e+00
1.160190031250000163e-02 -2.807686379999999815e+00
1.160226031250000123e-02 -3.327835929999999998e+00
1.160262031250000082e-02 -3.844300979999999868e+00
1.160334031250000175e-02 -4.866298089999999910e+00
1.160406031250000095e-02 -5.873876830000000382e+00
1.160478031250000014e-02 -6.867246790000000267e+00
1.160550031250000107e-02 -7.846614530000000087e+00
1.160622031250000026e-02 -8.812183599999999117e+00
1.160694031250000119e-02 -9.764154590000000411e+00
1.160766031250000038e-02 -1.070272519999999972e+01
1.160838031250000131e-02 -1.162809020000000082e+01
1.160910031250000050e-02 -1.254044150000000002e+01
1.161054031250000063e-02 -1.432694839999999914e+01
1.161198031250000075e-02 -1.606363019999999864e+01
1.161342031250000087e-02 -1.775192480000000117e+01
1.161486031250000099e-02 -1.939322890000000044e+01
1.161630031250000111e-02 -2.098889880000000119e+01
1.161774031250000123e-02 -2.254025150000000011e+01
1.161918031250000136e-02 -2.404856630000000095e+01
1.162062031250000148e-02 -2.551508510000000030e+01
1.162206031250000160e-02 -2.694101440000000025e+01
1.162350031250000172e-02 -2.832752550000000014e+01
1.162494031250000011e-02 -2.967575619999999859e+01
1.162638031250000023e-02 -3.098681120000000178e+01
1.162782031250000035e-02 -3.226176339999999954e+01
1.163070031250000060e-02 -3.470798140000000132e+01
1.163358031250000084e-02 -3.702185020000000293e+01
1.163646031250000108e-02 -3.921090010000000348e+01
1.163934031250000133e-02 -4.128223239999999805e+01
1.164222031250000157e-02 -4.324254439999999988e+01
1.164510031250000008e-02 -4.509815210000000008e+01
1.164798031250000032e-02 -4.685501210000000327e+01
1.165086031250000057e-02 -4.851874180000000081e+01
1.165374031250000081e-02 -5.009463879999999847e+01
1.165662031250000105e-02 -5.158769920000000297e+01
1.165950031250000130e-02 -5.300263470000000154e+01
1.166238031250000154e-02 -5.434388880000000199e+01
1.166526031250000178e-02 -5.561565209999999837e+01
1.166814031250000029e-02 -5.682187669999999713e+01
1.167390031250000078e-02 -5.905401690000000059e+01
1.167966031250000127e-02 -6.106568349999999867e+01
1.168542031250000175e-02 -6.288125389999999726e+01
1.169118031250000050e-02 -6.452240659999999650e+01
1.169694031250000099e-02 -6.600842049999999972e+01
1.170270031200000040e-02 -6.735644039999999677e+01
1.170846031200000088e-02 -6.858171310000000176e+01
1.171422031200000137e-02 -6.969779769999999530e+01
1.171998031200000012e-02 -7.071675199999999961e+01
1.172574031200000061e-02 -7.164929940000000386e+01
1.173726031200000158e-02 -7.329583479999999440e+01
1.174878031200000082e-02 -7.469664269999999817e+01
1.176030031200000006e-02 -7.590305159999999773e+01
1.177182031200000104e-02 -7.695562130000000423e+01
1.178334031200000027e-02 -7.788640139999999690e+01
1.179486031200000125e-02 -7.872071710000000166e+01
1.181790031200000146e-02 -8.018145499999999970e+01
1.185790031200000157e-02 -8.230048809999999548e+01
1.189790031200000167e-02 -8.412549429999999973e+01
1.193790031200000004e-02 -8.581873640000000591e+01
1.197790031200000015e-02 -8.744847660000000644e+01
1.200000000000000025e-02 -8.833262200000000064e+01
1.200000000000000025e-02 0.000000000000000000e+00
1.200009999999999966e-02 -1.833178960000000079e-01
1.200010312499999975e-02 -1.890462240000000127e-01
1.200010593750000000e-02 -1.942014310000000077e-01
1.200011156250000051e-02 -2.045112659999999971e-01
1.200012281249999979e-02 -2.251274729999999946e-01
1.200014531250000009e-02 -2.663460369999999799e-01
1.200019031250000069e-02 -3.487277959999999788e-01
1.200028031250000016e-02 -5.132700860000000143e-01
1.200046031250000082e-02 -8.414717819999999460e-01
1.200064031249999975e-02 -1.168499530000000064e+00
1.200082031250000042e-02 -1.494357610000000003e+00
1.200118031250000002e-02 -2.142583970000000004e+00
1.200154031249999961e-02 -2.786182750000000041e+00
1.200190031250000094e-02 -3.425187690000000007e+00
1.200226031250000054e-02 -4.059632299999999638e+00
1.200262031250000014e-02 -4.689549859999999626e+00
1.200334031250000107e-02 -5.935951900000000059e+00
1.200406031250000026e-02 -7.164638430000000113e+00
1.200478031249999945e-02 -8.375866979999999629e+00
1.200550031250000038e-02 -9.569891359999999736e+00
1.200622031249999958e-02 -1.074696169999999995e+01
1.200694031250000050e-02 -1.190732430000000086e+01
1.200766031249999970e-02 -1.305122229999999917e+01
1.200838031250000063e-02 -1.417889480000000013e+01
1.200910031249999982e-02 -1.529057779999999944e+01
1.201054031249999994e-02 -1.746701360000000136e+01
1.201198031250000006e-02 -1.958223050000000143e+01
1.201342031250000018e-02 -2.163799530000000004e+01
1.201486031250000031e-02 -2.363602410000000020e+01
1.201630031250000043e-02 -2.557798329999999964e+01
1.201774031250000055e-02 -2.746549110000000127e+01
1.201918031250000067e-02 -2.930011929999999865e+01
1.202062031250000079e-02 -3.108339390000000080e+01
1.202206031250000091e-02 -3.281679710000000227e+01
1.202350031250000104e-02 -3.450176840000000311e+01
1.202494031249999942e-02 -3.613970539999999687e+01
1.202638031249999954e-02 -3.773196560000000233e+01
1.202782031249999967e-02 -3.927986729999999937e+01
1.203070031249999991e-02 -4.224827400000000210e+01
1.203358031250000015e-02 -4.505406680000000108e+01
1.203646031250000040e-02 -4.770649790000000223e+01
1.203934031250000064e-02 -5.021429280000000261e+01
1.204222031250000088e-02 -5.258568019999999876e+01
1.204510031249999939e-02 -5.482842050000000000e+01
1.204798031249999964e-02 -5.694983229999999708e+01
1.205086031249999988e-02 -5.895681770000000199e+01
1.205374031250000012e-02 -6.085588570000000175e+01
1.205662031250000037e-02 -6.265317509999999857e+01
1.205950031250000061e-02 -6.435447489999999959e+01
1.206238031250000085e-02 -6.596524490000000185e+01
1.206526031250000110e-02 -6.749063379999999768e+01
1.206814031249999961e-02 -6.893549760000000504e+01
1.207390031250000009e-02 -7.160368619999999851e+01
1.207966031250000058e-02 -7.400098760000000198e+01
1.208542031250000107e-02 -7.615735349999999926e+01
1.209118031249999982e-02 -7.809942039999999963e+01
1.209694031250000031e-02 -7.985087599999999952e+01
1.210270031199999971e-02 -8.143278580000000488e+01
1.210846031200000020e-02 -8.286388350000000003e+01
1.211422031200000068e-02 -8.416082889999999850e+01
1.211998031199999944e-02 -8.533843770000000006e+01
1.212574031199999992e-02 -8.640988539999999318e+01
1.213726031200000090e-02 -8.828425869999999520e+01
1.214878031200000014e-02 -8.985673579999999561e+01
1.216030031200000111e-02 -9.119038489999999797e+01
1.217182031200000035e-02 -9.233504250000000013e+01
1.218334031199999959e-02 -9.333008929999999737e+01
1.219486031200000056e-02 -9.420664360000000670e+01
1.221790031200000078e-02 -9.570442029999999534e+01
1.225790031200000088e-02 -9.779276749999999652e+01
1.229790031200000099e-02 -9.952037430000000029e+01
1.233790031200000109e-02 -1.010866910000000018e+02
1.237790031199999946e-02 -1.025756729999999948e+02
1.239999999999999956e-02 -1.033786510000000050e+02
1.240000000000000130e-02 0.000000000000000000e+00
1.240010000000000071e-02 -2.134938010000000108e-01
1.240010312500000079e-02 -2.201650649999999931e-01
1.240010593750000105e-02 -2.261688649999999967e-01
1.240011156250000156e-02 -2.381757889999999989e-01
1.240012281250000084e-02 -2.621855829999999998e-01
1.240014531250000114e-02 -3.101889629999999842e-01
1.240019031250000174e-02 -4.061309189999999791e-01
1.240028031250000121e-02 -5.977559220000000506e-01
1.240046031250000187e-02 -9.799726469999999745e-01
1.240064031250000080e-02 -1.360815440000000098e+00
1.240082031250000147e-02 -1.740289329999999968e+00
1.240118031250000107e-02 -2.495152839999999816e+00
1.240154031250000066e-02 -3.244600479999999898e+00
1.240190031250000199e-02 -3.988671740000000021e+00
1.240226031250000159e-02 -4.727405850000000243e+00
1.240262031250000119e-02 -5.460841740000000222e+00
1.240334031250000212e-02 -6.911992190000000313e+00
1.240406031250000131e-02 -8.342409390000000258e+00
1.240478031250000050e-02 -9.752394750000000556e+00
1.240550031250000143e-02 -1.114224530000000080e+01
1.240622031250000062e-02 -1.251225370000000048e+01
1.240694031250000155e-02 -1.386270850000000010e+01
1.240766031250000075e-02 -1.519389379999999967e+01
1.240838031250000167e-02 -1.650608980000000159e+01
1.240910031250000087e-02 -1.779957250000000002e+01
1.241054031250000099e-02 -2.033161360000000073e+01
1.241198031250000111e-02 -2.279200730000000163e+01
1.241342031250000123e-02 -2.518282170000000164e+01
1.241486031250000135e-02 -2.750606510000000071e+01
1.241630031250000148e-02 -2.976368769999999842e+01
1.241774031250000160e-02 -3.195758349999999837e+01
1.241918031250000172e-02 -3.408959190000000206e+01
1.242062031250000184e-02 -3.616149889999999800e+01
1.242206031250000196e-02 -3.817503940000000284e+01
1.242350031250000209e-02 -4.013189770000000323e+01
1.242494031250000047e-02 -4.203370979999999690e+01
1.242638031250000059e-02 -4.388206439999999731e+01
1.242782031250000072e-02 -4.567850419999999900e+01
1.242926031250000084e-02 -4.742452759999999756e+01
1.243214031250000108e-02 -5.077177929999999861e+01
1.243502031250000132e-02 -5.393420929999999913e+01
1.243790031250000157e-02 -5.692233310000000301e+01
1.244078031250000181e-02 -5.974606779999999873e+01
1.244366031250000205e-02 -6.241476569999999668e+01
1.244654031250000056e-02 -6.493724699999999928e+01
1.244942031250000081e-02 -6.732182969999999500e+01
1.245230031250000105e-02 -6.957635840000000371e+01
1.245518031250000129e-02 -7.170823110000000611e+01
1.245806031250000154e-02 -7.372442470000000014e+01
1.246094031250000178e-02 -7.563151890000000321e+01
1.246382031250000202e-02 -7.743571889999999769e+01
1.246670031250000053e-02 -7.914287670000000219e+01
1.246958031250000078e-02 -8.075851129999999500e+01
1.247534031250000126e-02 -8.373798349999999857e+01
1.248110031250000175e-02 -8.640956979999999987e+01
1.248686031250000050e-02 -8.880731240000000071e+01
1.249262031250000099e-02 -9.096148510000000442e+01
1.249838031250000148e-02 -9.289901039999999455e+01
1.250414031200000088e-02 -9.464383060000000114e+01
1.250990031200000137e-02 -9.621723790000000065e+01
1.251566031200000186e-02 -9.763816710000000398e+01
1.252142031200000061e-02 -9.892345720000000142e+01
1.252718031200000109e-02 -1.000880829999999975e+02
1.253870031200000207e-02 -1.021121270000000010e+02
1.255022031200000131e-02 -1.037930259999999976e+02
1.256174031200000055e-02 -1.052024619999999970e+02
1.257326031200000152e-02 -1.063970779999999934e+02
1.258478031200000076e-02 -1.074216349999999949e+02
1.259630031200000173e-02 -1.083115010000000069e+02
1.261934031200000195e-02 -1.098009870000000063e+02
1.265934031200000205e-02 -1.118049100000000067e+02
1.269934031200000216e-02 -1.133987280000000055e+02
1.273934031200000053e-02 -1.148091840000000019e+02
1.277934031200000063e-02 -1.161317569999999932e+02
1.280000000000000061e-02 -1.167943029999999993e+02
1.280000000000000061e-02 0.000000000000000000e+00
1.280010000000000002e-02 -2.403027799999999936e-01
1.280010312500000011e-02 -2.478117709999999863e-01
1.280010593750000036e-02 -2.545694809999999864e-01
1.280011156250000087e-02 -2.680841370000000001e-01
1.280012281250000016e-02 -2.951088700000000231e-01
1.280014531250000046e-02 -3.491400219999999943e-01
1.280019031250000106e-02 -4.571291160000000020e-01
1.280028031250000052e-02 -6.728147890000000242e-01
1.280046031250000119e-02 -1.103018760000000098e+00
1.280064031250000012e-02 -1.531670489999999996e+00
1.280082031250000078e-02 -1.958775649999999979e+00
1.280118031250000038e-02 -2.808371660000000158e+00
1.280154031249999998e-02 -3.651848919999999943e+00
1.280190031250000131e-02 -4.489252050000000160e+00
1.280226031250000091e-02 -5.320625380000000071e+00
1.280262031250000050e-02 -6.146012889999999729e+00
1.280334031250000143e-02 -7.779026240000000314e+00
1.280406031250000062e-02 -9.388615579999999738e+00
1.280478031249999982e-02 -1.097512140000000080e+01
1.280550031250000075e-02 -1.253887940000000079e+01
1.280622031249999994e-02 -1.408022000000000062e+01
1.280694031250000087e-02 -1.559946940000000026e+01
1.280766031250000006e-02 -1.709694849999999988e+01
1.280838031250000099e-02 -1.857297390000000092e+01
1.280910031250000018e-02 -2.002785739999999848e+01
1.281054031250000030e-02 -2.287557190000000062e+01
1.281198031250000043e-02 -2.564234060000000071e+01
1.281342031250000055e-02 -2.833050000000000068e+01
1.281486031250000067e-02 -3.094231900000000124e+01
1.281630031250000079e-02 -3.348000100000000145e+01
1.281774031250000091e-02 -3.594568569999999852e+01
1.281918031250000103e-02 -3.834145130000000279e+01
1.282062031250000116e-02 -4.066931559999999735e+01
1.282206031250000128e-02 -4.293123849999999919e+01
1.282350031250000140e-02 -4.512912299999999988e+01
1.282494031249999979e-02 -4.726481749999999948e+01
1.282638031249999991e-02 -4.934011679999999700e+01
1.282782031250000003e-02 -5.135676389999999714e+01
1.282926031250000015e-02 -5.331645149999999944e+01
1.283214031250000040e-02 -5.707224020000000309e+01
1.283502031250000064e-02 -6.061922119999999836e+01
1.283790031250000088e-02 -6.396927480000000088e+01
1.284078031250000113e-02 -6.713360500000000286e+01
1.284366031250000137e-02 -7.012277810000000500e+01
1.284654031249999988e-02 -7.294675879999999779e+01
1.284942031250000012e-02 -7.561494469999999524e+01
1.285230031250000036e-02 -7.813619860000000017e+01
1.285518031250000061e-02 -8.051887840000000551e+01
1.285806031250000085e-02 -8.277086669999999913e+01
1.286094031250000110e-02 -8.489959709999999404e+01
1.286382031250000134e-02 -8.691208009999999717e+01
1.286670031249999985e-02 -8.881492719999999963e+01
1.286958031250000009e-02 -9.061437349999999924e+01
1.287534031250000058e-02 -9.392879270000000247e+01
1.288110031250000106e-02 -9.689537070000000085e+01
1.288686031249999982e-02 -9.955256780000000560e+01
1.289262031250000030e-02 -1.019345869999999934e+02
1.289838031250000079e-02 -1.040718449999999962e+02
1.290414031200000020e-02 -1.059913909999999930e+02
1.290990031200000068e-02 -1.077172819999999973e+02
1.291566031200000117e-02 -1.092709080000000057e+02
1.292142031199999992e-02 -1.106712959999999981e+02
1.292718031200000041e-02 -1.119353640000000070e+02
1.293870031200000138e-02 -1.141186919999999958e+02
1.295022031200000062e-02 -1.159143590000000046e+02
1.296174031199999986e-02 -1.174033490000000057e+02
1.297326031200000084e-02 -1.186496599999999972e+02
1.298478031200000007e-02 -1.197038600000000059e+02
1.299630031200000105e-02 -1.206059120000000036e+02
1.301934031200000126e-02 -1.220821719999999999e+02
1.305934031200000137e-02 -1.239878570000000053e+02
1.309934031199999974e-02 -1.254305769999999995e+02
1.313934031199999984e-02 -1.266665629999999965e+02
1.317934031199999995e-02 -1.278037400000000048e+02
1.319999999999999993e-02 -1.283680679999999938e+02
1.319999999999999993e-02 0.000000000000000000e+00
1.320009999999999933e-02 -2.633220410000000067e-01
1.320010312499999942e-02 -2.715503369999999750e-01
1.320010593749999968e-02 -2.789553839999999729e-01
1.320011156250000019e-02 -2.937646380000000224e-01
1.320012281249999947e-02 -3.233781130000000226e-01
1.320014531249999977e-02 -3.825849359999999866e-01
1.320019031250000037e-02 -5.009181129999999982e-01
1.320028031249999984e-02 -7.372629659999999641e-01
1.320046031250000050e-02 -1.208669599999999900e+00
1.320064031249999943e-02 -1.678370169999999995e+00
1.320082031250000010e-02 -2.146370909999999910e+00
1.320118031249999969e-02 -3.077300779999999847e+00
1.320154031249999929e-02 -4.001505520000000260e+00
1.320190031250000062e-02 -4.919034179999999701e+00
1.320226031250000022e-02 -5.829935469999999675e+00
1.320262031249999982e-02 -6.734257740000000325e+00
1.320334031250000074e-02 -8.523380400000000634e+00
1.320406031249999994e-02 -1.028675770000000078e+01
1.320478031249999913e-02 -1.202476389999999995e+01
1.320550031250000006e-02 -1.373776780000000031e+01
1.320622031249999925e-02 -1.542613290000000070e+01
1.320694031250000018e-02 -1.709021740000000023e+01
1.320766031249999937e-02 -1.873037409999999880e+01
1.320838031250000030e-02 -2.034695109999999829e+01
1.320910031249999950e-02 -2.194029099999999843e+01
1.321054031249999962e-02 -2.505876870000000167e+01
1.321198031249999974e-02 -2.808827880000000121e+01
1.321342031249999986e-02 -3.103138939999999835e+01
1.321486031249999998e-02 -3.389059410000000128e+01
1.321630031250000011e-02 -3.666831470000000337e+01
1.321774031250000023e-02 -3.936690300000000065e+01
1.321918031250000035e-02 -4.198864309999999733e+01
1.322062031250000047e-02 -4.453575279999999736e+01
1.322206031250000059e-02 -4.701038619999999923e+01
1.322350031250000071e-02 -4.941463509999999815e+01
1.322494031249999910e-02 -5.175053079999999994e+01
1.322638031249999922e-02 -5.402004610000000184e+01
1.322782031249999934e-02 -5.622509660000000054e+01
1.322926031249999947e-02 -5.836754299999999773e+01
1.323214031249999971e-02 -6.247263769999999994e+01
1.323502031249999995e-02 -6.634823179999999354e+01
1.323790031250000020e-02 -7.000738280000000202e+01
1.324078031250000044e-02 -7.346240520000000629e+01
1.324366031250000068e-02 -7.672491229999999973e+01
1.324654031249999919e-02 -7.980585659999999848e+01
1.324942031249999944e-02 -8.271556689999999890e+01
1.325230031249999968e-02 -8.546378420000000631e+01
1.325518031249999992e-02 -8.805969489999999666e+01
1.325806031250000017e-02 -9.051196269999999799e+01
1.326094031250000041e-02 -9.282875789999999938e+01
1.326382031250000065e-02 -9.501778579999999863e+01
1.326670031249999916e-02 -9.708631309999999814e+01
1.326958031249999941e-02 -9.904119300000000692e+01
1.327534031249999989e-02 -1.026382890000000003e+02
1.328110031250000038e-02 -1.058530740000000065e+02
1.328686031249999913e-02 -1.087278199999999941e+02
1.329262031249999962e-02 -1.113001189999999951e+02
1.329838031250000011e-02 -1.136034039999999976e+02
1.330414031199999951e-02 -1.156674040000000048e+02
1.330990031200000000e-02 -1.175185589999999962e+02
1.331566031200000048e-02 -1.191803819999999945e+02
1.332142031199999924e-02 -1.206737830000000002e+02
1.332718031199999972e-02 -1.220173570000000041e+02
1.333870031200000070e-02 -1.243255379999999946e+02
1.335022031199999994e-02 -1.262076529999999934e+02
1.336174031199999918e-02 -1.277527160000000066e+02
1.337326031200000015e-02 -1.290310650000000123e+02
1.338478031199999939e-02 -1.300982850000000042e+02
1.339630031200000036e-02 -1.309982960000000105e+02
1.341934031200000058e-02 -1.324380490000000066e+02
1.345934031200000068e-02 -1.342154409999999984e+02
1.349934031200000079e-02 -1.354843109999999911e+02
1.353934031199999916e-02 -1.365263339999999914e+02
1.357934031199999926e-02 -1.374601820000000032e+02
1.359999999999999924e-02 -1.379173920000000066e+02
1.360000000000000098e-02 0.000000000000000000e+00
1.360010000000000038e-02 -2.821885559999999793e-01
1.360010312500000047e-02 -2.910063920000000026e-01
1.360010593750000073e-02 -2.989419939999999887e-01
1.360011156250000124e-02 -3.148122959999999915e-01
1.360012281250000052e-02 -3.465474909999999853e-01
1.360014531250000082e-02 -4.099962560000000034e-01
1.360019031250000142e-02 -5.368073319999999704e-01
1.360028031250000088e-02 -7.900840649999999465e-01
1.360046031250000155e-02 -1.295259010000000099e+00
1.360064031250000048e-02 -1.798600959999999915e+00
1.360082031250000115e-02 -2.300116619999999834e+00
1.360118031250000074e-02 -3.297699029999999976e+00
1.360154031250000034e-02 -4.288055980000000211e+00
1.360190031250000167e-02 -5.271240200000000264e+00
1.360226031250000127e-02 -6.247303989999999807e+00
1.360262031250000087e-02 -7.216299320000000073e+00
1.360334031250000179e-02 -9.133315760000000338e+00
1.360406031250000099e-02 -1.102267149999999951e+01
1.360478031250000018e-02 -1.288476859999999924e+01
1.360550031250000111e-02 -1.472000339999999952e+01
1.360622031250000030e-02 -1.652876639999999853e+01
1.360694031250000123e-02 -1.831144240000000067e+01
1.360766031250000042e-02 -2.006841059999999999e+01
1.360838031250000135e-02 -2.180004470000000083e+01
1.360910031250000055e-02 -2.350671309999999892e+01
1.361054031250000067e-02 -2.684677380000000113e+01
1.361198031250000079e-02 -3.009124819999999900e+01
1.361342031250000091e-02 -3.324289519999999953e+01
1.361486031250000103e-02 -3.630439419999999728e+01
1.361630031250000115e-02 -3.927834709999999774e+01
1.361774031250000128e-02 -4.216728069999999917e+01
1.361918031250000140e-02 -4.497364890000000059e+01
1.362062031250000152e-02 -4.769983460000000264e+01
1.362206031250000164e-02 -5.034815220000000124e+01
1.362350031250000176e-02 -5.292084890000000286e+01
1.362494031250000015e-02 -5.542010729999999796e+01
1.362638031250000027e-02 -5.784804689999999994e+01
1.362782031250000039e-02 -6.020672609999999736e+01
1.362926031250000052e-02 -6.249814349999999763e+01
1.363214031250000076e-02 -6.688780439999999317e+01
1.363502031250000100e-02 -7.103089110000000517e+01
1.363790031250000125e-02 -7.494143250000000478e+01
1.364078031250000149e-02 -7.863265930000000026e+01
1.364366031250000173e-02 -8.211704890000000034e+01
1.364654031250000024e-02 -8.540636840000000518e+01
1.364942031250000049e-02 -8.851171519999999759e+01
1.365230031250000073e-02 -9.144355489999999520e+01
1.365518031250000097e-02 -9.421175739999999621e+01
1.365806031250000122e-02 -9.682563100000000134e+01
1.366094031250000146e-02 -9.929395370000000298e+01
1.366382031250000170e-02 -1.016250040000000041e+02
1.366670031250000021e-02 -1.038265899999999959e+02
1.366958031250000045e-02 -1.059060740000000038e+02
1.367534031250000094e-02 -1.097291179999999997e+02
1.368110031250000143e-02 -1.131414099999999934e+02
1.368686031250000018e-02 -1.161883689999999945e+02
1.369262031250000067e-02 -1.189103819999999985e+02
1.369838031250000115e-02 -1.213433699999999931e+02
1.370414031200000056e-02 -1.235192729999999983e+02
1.370990031200000105e-02 -1.254664989999999989e+02
1.371566031200000153e-02 -1.272103100000000069e+02
1.372142031200000029e-02 -1.287731719999999882e+02
1.372718031200000077e-02 -1.301750639999999919e+02
1.373870031200000175e-02 -1.325716950000000054e+02
1.375022031200000099e-02 -1.345105770000000120e+02
1.376174031200000022e-02 -1.360873449999999991e+02
1.377326031200000120e-02 -1.373775740000000098e+02
1.378478031200000044e-02 -1.384409809999999936e+02
1.379630031200000141e-02 -1.393247590000000002e+02
1.381934031200000162e-02 -1.407052979999999991e+02
1.385934031200000173e-02 -1.423263670000000047e+02
1.389934031200000183e-02 -1.434013769999999965e+02
1.393934031200000020e-02 -1.442330039999999940e+02
1.397934031200000031e-02 -1.449487939999999924e+02
1.400000000000000029e-02 -1.452916769999999929e+02
1.400000000000000029e-02 0.000000000000000000e+00
1.400009999999999970e-02 -2.966047900000000070e-01
1.400010312499999979e-02 -3.058731029999999795e-01
1.400010593750000004e-02 -3.142141099999999909e-01
1.400011156250000055e-02 -3.308951749999999858e-01
1.400012281249999983e-02 -3.642516069999999773e-01
1.400014531250000013e-02 -4.309416899999999884e-01
1.400019031250000073e-02 -5.642307789999999601e-01
1.400028031250000020e-02 -8.304450660000000095e-01
1.400046031250000086e-02 -1.361421400000000004e+00
1.400064031249999980e-02 -1.890466729999999984e+00
1.400082031250000046e-02 -2.417588110000000068e+00
1.400118031250000006e-02 -3.466090589999999860e+00
1.400154031249999965e-02 -4.506981249999999939e+00
1.400190031250000099e-02 -5.540315610000000390e+00
1.400226031250000058e-02 -6.566148799999999675e+00
1.400262031250000018e-02 -7.584535550000000015e+00
1.400334031250000111e-02 -9.599213269999999909e+00
1.400406031250000030e-02 -1.158475119999999947e+01
1.400478031249999950e-02 -1.354157290000000025e+01
1.400550031250000042e-02 -1.547009579999999929e+01
1.400622031249999962e-02 -1.737073140000000038e+01
1.400694031250000055e-02 -1.924388499999999880e+01
1.400766031249999974e-02 -2.108995619999999960e+01
1.400838031250000067e-02 -2.290933860000000166e+01
1.400910031249999986e-02 -2.470242019999999883e+01
1.401054031249999998e-02 -2.821138919999999928e+01
1.401198031250000010e-02 -3.161966049999999839e+01
1.401342031250000023e-02 -3.493014070000000260e+01
1.401486031250000035e-02 -3.814565240000000301e+01
1.401630031250000047e-02 -4.126893660000000352e+01
1.401774031250000059e-02 -4.430265519999999668e+01
1.401918031250000071e-02 -4.724939340000000243e+01
1.402062031250000083e-02 -5.011166149999999675e+01
1.402206031250000096e-02 -5.289189770000000124e+01
1.402350031250000108e-02 -5.559246929999999765e+01
1.402494031249999946e-02 -5.821567569999999847e+01
1.402638031249999959e-02 -6.076374959999999703e+01
1.402782031249999971e-02 -6.323885940000000261e+01
1.402926031249999983e-02 -6.564311100000000465e+01
1.403214031250000007e-02 -7.024811049999999568e+01
1.403502031250000032e-02 -7.459335079999999607e+01
1.403790031250000056e-02 -7.869361109999999826e+01
1.404078031250000080e-02 -8.256282950000000653e+01
1.404366031250000105e-02 -8.621415050000000235e+01
1.404654031249999956e-02 -8.965997070000000235e+01
1.404942031249999980e-02 -9.291198079999999493e+01
1.405230031250000004e-02 -9.598120609999999431e+01
1.405518031250000029e-02 -9.887804429999999911e+01
1.405806031250000053e-02 -1.016123010000000022e+02
1.406094031250000077e-02 -1.041932249999999982e+02
1.406382031250000102e-02 -1.066295360000000016e+02
1.406670031249999953e-02 -1.089294589999999943e+02
1.406958031249999977e-02 -1.111007520000000000e+02
1.407534031250000026e-02 -1.150894530000000060e+02
1.408110031250000074e-02 -1.186454399999999936e+02
1.408686031249999950e-02 -1.218165580000000006e+02
1.409262031249999998e-02 -1.246453580000000017e+02
1.409838031250000047e-02 -1.271696780000000047e+02
1.410414031199999987e-02 -1.294231690000000015e+02
1.410990031200000036e-02 -1.314357569999999953e+02
1.411566031200000085e-02 -1.332340560000000096e+02
1.412142031199999960e-02 -1.348417320000000075e+02
1.412718031200000009e-02 -1.362798319999999990e+02
1.413870031200000106e-02 -1.387271179999999902e+02
1.415022031200000030e-02 -1.406921890000000133e+02
1.416174031199999954e-02 -1.422757960000000139e+02
1.417326031200000051e-02 -1.435575560000000053e+02
1.418478031199999975e-02 -1.446003809999999987e+02
1.419630031200000073e-02 -1.454539870000000121e+02
1.421934031200000094e-02 -1.467535410000000127e+02
1.425934031200000104e-02 -1.481927210000000059e+02
1.429934031199999941e-02 -1.490569169999999986e+02
1.433934031199999952e-02 -1.496650329999999940e+02
1.437934031199999962e-02 -1.501514779999999973e+02
1.439999999999999961e-02 -1.503746250000000089e+02
1.440000000000000134e-02 0.000000000000000000e+00
1.440010000000000075e-02 -3.063433879999999943e-01
1.440010312500000084e-02 -3.159160120000000238e-01
1.440010593750000109e-02 -3.245308820000000205e-01
1.440011156250000160e-02 -3.417596399999999757e-01
1.440012281250000088e-02 -3.762112590000000201e-01
1.440014531250000118e-02 -4.450909169999999748e-01
1.440019031250000178e-02 -5.827559690000000403e-01
1.440028031250000125e-02 -8.577094530000000105e-01
1.440046031250000191e-02 -1.406113369999999918e+00
1.440064031250000084e-02 -1.952518720000000041e+00
1.440082031250000151e-02 -2.496932800000000174e+00
1.440118031250000111e-02 -3.579819839999999864e+00
1.440154031250000070e-02 -4.654828730000000192e+00
1.440190031250000204e-02 -5.722016939999999607e+00
1.440226031250000163e-02 -6.781441519999999556e+00
1.440262031250000123e-02 -7.833159130000000303e+00
1.440334031250000216e-02 -9.913725460000000211e+00
1.440406031250000135e-02 -1.196413240000000044e+01
1.440478031250000054e-02 -1.398481839999999998e+01
1.440550031250000147e-02 -1.597621559999999974e+01
1.440622031250000067e-02 -1.793874960000000129e+01
1.440694031250000159e-02 -1.987284010000000123e+01
1.440766031250000079e-02 -2.177890060000000005e+01
1.440838031250000172e-02 -2.365733859999999922e+01
1.440910031250000091e-02 -2.550855549999999994e+01
1.441054031250000103e-02 -2.913109409999999855e+01
1.441198031250000115e-02 -3.264941189999999693e+01
1.441342031250000127e-02 -3.606651699999999749e+01
1.441486031250000140e-02 -3.938533079999999842e+01
1.441630031250000152e-02 -4.260869019999999807e+01
1.441774031250000164e-02 -4.573935039999999930e+01
1.441918031250000176e-02 -4.877998670000000203e+01
1.442062031250000188e-02 -5.173319759999999690e+01
1.442206031250000201e-02 -5.460150629999999694e+01
1.442350031250000213e-02 -5.738736320000000291e+01
1.442494031250000051e-02 -6.009314799999999934e+01
1.442638031250000064e-02 -6.272117159999999814e+01
1.442782031250000076e-02 -6.527367820000000620e+01
1.442926031250000088e-02 -6.775284739999999317e+01
1.443214031250000112e-02 -7.250056189999999390e+01
1.443502031250000137e-02 -7.697942879999999377e+01
1.443790031250000161e-02 -8.120474439999999561e+01
1.444078031250000185e-02 -8.519093449999999734e+01
1.444366031250000210e-02 -8.895160350000000449e+01
1.444654031250000061e-02 -9.249958169999999313e+01
1.444942031250000085e-02 -9.584696900000000142e+01
1.445230031250000109e-02 -9.900517630000000224e+01
1.445518031250000134e-02 -1.019849650000000025e+02
1.445806031250000158e-02 -1.047964850000000041e+02
1.446094031250000182e-02 -1.074493060000000071e+02
1.446382031250000207e-02 -1.099524559999999980e+02
1.446670031250000057e-02 -1.123144460000000038e+02
1.446958031250000082e-02 -1.145433060000000012e+02
1.447534031250000131e-02 -1.186347590000000025e+02
1.448110031250000179e-02 -1.222783589999999947e+02
1.448686031250000054e-02 -1.255236270000000047e+02
1.449262031250000103e-02 -1.284146010000000047e+02
1.449838031250000152e-02 -1.309904439999999965e+02
1.450414031200000092e-02 -1.332859850000000108e+02
1.450990031200000141e-02 -1.353321950000000129e+02
1.451566031200000190e-02 -1.371566210000000012e+02
1.452142031200000065e-02 -1.387837560000000110e+02
1.452718031200000114e-02 -1.402353860000000054e+02
1.453870031200000211e-02 -1.426947309999999902e+02
1.455022031200000135e-02 -1.446550009999999986e+02
1.456174031200000059e-02 -1.462204729999999984e+02
1.457326031200000156e-02 -1.474735499999999888e+02
1.458478031200000080e-02 -1.484793459999999925e+02
1.459630031200000178e-02 -1.492893180000000086e+02
1.461934031200000199e-02 -1.504873929999999973e+02
1.465934031200000209e-02 -1.517219870000000128e+02
1.469934031200000046e-02 -1.523617399999999975e+02
1.473934031200000057e-02 -1.527367549999999881e+02
1.477934031200000067e-02 -1.529861830000000111e+02
1.480000000000000066e-02 -1.530860759999999914e+02
1.480000000000000066e-02 0.000000000000000000e+00
1.480010000000000006e-02 -3.112507680000000110e-01
1.480010312500000015e-02 -3.209767370000000120e-01
1.480010593750000041e-02 -3.297296089999999791e-01
1.480011156250000091e-02 -3.472343509999999966e-01
1.480012281250000020e-02 -3.822378330000000268e-01
1.480014531250000050e-02 -4.522207930000000098e-01
1.480019031250000110e-02 -5.920907499999999990e-01
1.480028031250000056e-02 -8.714472490000000349e-01
1.480046031250000123e-02 -1.428630089999999964e+00
1.480064031250000016e-02 -1.983778320000000095e+00
1.480082031250000082e-02 -2.536899360000000048e+00
1.480118031250000042e-02 -3.637093179999999926e+00
1.480154031250000002e-02 -4.729266769999999731e+00
1.480190031250000135e-02 -5.813478639999999587e+00
1.480226031250000095e-02 -6.889786860000000068e+00
1.480262031250000054e-02 -7.958249099999999743e+00
1.480334031250000147e-02 -1.007189230000000002e+01
1.480406031250000067e-02 -1.215483210000000014e+01
1.480478031249999986e-02 -1.420751510000000017e+01
1.480550031250000079e-02 -1.623038090000000011e+01
1.480622031249999998e-02 -1.822386300000000148e+01
1.480694031250000091e-02 -2.018838870000000085e+01
1.480766031250000010e-02 -2.212437879999999879e+01
1.480838031250000103e-02 -2.403224810000000033e+01
1.480910031250000022e-02 -2.591240559999999959e+01
1.481054031250000035e-02 -2.959138430000000142e+01
1.481198031250000047e-02 -3.316426260000000070e+01
1.481342031250000059e-02 -3.663410280000000085e+01
1.481486031250000071e-02 -4.000387909999999891e+01
1.481630031250000083e-02 -4.327647939999999949e+01
1.481774031250000095e-02 -4.645470859999999647e+01
1.481918031250000108e-02 -4.954129050000000234e+01
1.482062031250000120e-02 -5.253887029999999925e+01
1.482206031250000132e-02 -5.545001659999999788e+01
1.482350031250000144e-02 -5.827722419999999914e+01
1.482494031249999983e-02 -6.102291550000000342e+01
1.482638031249999995e-02 -6.368944319999999948e+01
1.482782031250000007e-02 -6.627909209999999973e+01
1.482926031250000019e-02 -6.879408089999999731e+01
1.483214031250000044e-02 -7.360963619999999707e+01
1.483502031250000068e-02 -7.815149529999999345e+01
1.483790031250000092e-02 -8.243523039999999469e+01
1.484078031250000117e-02 -8.647552749999999833e+01
1.484366031250000141e-02 -9.028623659999999518e+01
1.484654031249999992e-02 -9.388041909999999746e+01
1.484942031250000016e-02 -9.727039320000000089e+01
1.485230031250000041e-02 -1.004677760000000006e+02
1.485518031250000065e-02 -1.034835219999999936e+02
1.485806031250000089e-02 -1.063279650000000061e+02
1.486094031250000114e-02 -1.090108479999999957e+02
1.486382031250000138e-02 -1.115413599999999974e+02
1.486670031249999989e-02 -1.139281670000000020e+02
1.486958031250000013e-02 -1.161794430000000062e+02
1.487534031250000062e-02 -1.203091229999999996e+02
1.488110031250000111e-02 -1.239828760000000045e+02
1.488686031249999986e-02 -1.272511140000000012e+02
1.489262031250000035e-02 -1.301586700000000008e+02
1.489838031250000083e-02 -1.327454130000000134e+02
1.490414031200000024e-02 -1.350467999999999904e+02
1.490990031200000072e-02 -1.370943640000000130e+02
1.491566031200000121e-02 -1.389161440000000027e+02
1.492142031199999996e-02 -1.405370780000000082e+02
1.492718031200000045e-02 -1.419793439999999975e+02
1.493870031200000142e-02 -1.444119629999999859e+02
1.495022031200000066e-02 -1.463365169999999864e+02
1.496174031199999990e-02 -1.478591659999999877e+02
1.497326031200000088e-02 -1.490637979999999914e+02
1.498478031200000012e-02 -1.500167040000000043e+02
1.499630031200000109e-02 -1.507702679999999873e+02
1.501934031200000130e-02 -1.518479690000000062e+02
1.505934031200000141e-02 -1.528585080000000005e+02
1.509934031200000151e-02 -1.532637279999999862e+02
1.513934031199999988e-02 -1.533997270000000128e+02
1.517934031199999999e-02 -1.534082040000000120e+02
1.519999999999999997e-02 -1.533832669999999894e+02
1.519999999999999997e-02 0.000000000000000000e+00
1.520009999999999938e-02 -3.112495379999999923e-01
1.520010312499999947e-02 -3.209754670000000143e-01
1.520010593749999972e-02 -3.297283019999999731e-01
1.520011156250000023e-02 -3.472329690000000024e-01
1.520012281249999951e-02 -3.822362890000000069e-01
1.520014531249999981e-02 -4.522188779999999908e-01
1.520019031250000041e-02 -5.920879060000000527e-01
1.520028031249999988e-02 -8.714418010000000159e-01
1.520046031250000054e-02 -1.428616459999999977e+00
1.520064031249999947e-02 -1.983752549999999948e+00
1.520082031250000014e-02 -2.536857509999999927e+00
1.520118031249999974e-02 -3.637007399999999890e+00
1.520154031249999933e-02 -4.729121459999999999e+00
1.520190031250000066e-02 -5.813258310000000151e+00
1.520226031250000026e-02 -6.889476140000000193e+00
1.520262031249999986e-02 -7.957832739999999738e+00
1.520334031250000079e-02 -1.007121929999999921e+01
1.520406031249999998e-02 -1.215384290000000078e+01
1.520478031249999917e-02 -1.420615070000000024e+01
1.520550031250000010e-02 -1.622858330000000038e+01
1.520622031249999929e-02 -1.822157520000000019e+01
1.520694031250000022e-02 -2.018555429999999973e+01
1.520766031249999942e-02 -2.212094220000000178e+01
1.520838031250000034e-02 -2.402815479999999937e+01
1.520910031249999954e-02 -2.590760159999999956e+01
1.521054031249999966e-02 -2.958500069999999837e+01
1.521198031249999978e-02 -3.315609309999999965e+01
1.521342031249999990e-02 -3.662394700000000114e+01
1.521486031250000003e-02 -3.999154219999999782e+01
1.521630031250000015e-02 -4.326177260000000047e+01
1.521774031250000027e-02 -4.643744840000000096e+01
1.521918031250000039e-02 -4.952129860000000150e+01
1.522062031250000051e-02 -5.251597360000000236e+01
1.522206031250000063e-02 -5.542404700000000162e+01
1.522350031250000076e-02 -5.824801850000000059e+01
1.522494031249999914e-02 -6.099031509999999656e+01
1.522638031249999926e-02 -6.365329429999999888e+01
1.522782031249999939e-02 -6.623924510000000510e+01
1.522926031249999951e-02 -6.875039060000000291e+01
1.523214031249999975e-02 -7.355784250000000668e+01
1.523502031249999999e-02 -7.809106590000000381e+01
1.523790031250000024e-02 -8.236566360000000486e+01
1.524078031250000048e-02 -8.639634990000000414e+01
1.524366031250000073e-02 -9.019700179999999534e+01
1.524654031249999923e-02 -9.378070619999999735e+01
1.524942031249999948e-02 -9.715980519999999387e+01
1.525230031249999972e-02 -1.003459380000000039e+02
1.525518031249999996e-02 -1.033500829999999979e+02
1.525806031250000021e-02 -1.061825900000000047e+02
1.526094031250000045e-02 -1.088532229999999998e+02
1.526382031250000069e-02 -1.113711899999999986e+02
1.526670031249999920e-02 -1.137451729999999941e+02
1.526958031249999945e-02 -1.159833610000000022e+02
1.527534031249999993e-02 -1.200861409999999978e+02
1.528110031250000042e-02 -1.237321089999999941e+02
1.528686031249999917e-02 -1.269717749999999938e+02
1.529262031249999966e-02 -1.298500579999999900e+02
1.529838031250000015e-02 -1.324069079999999872e+02
1.530414031199999955e-02 -1.346778480000000116e+02
1.530990031200000004e-02 -1.366944719999999904e+02
1.531566031200000053e-02 -1.384848760000000141e+02
1.532142031199999928e-02 -1.400740460000000098e+02
1.532718031199999976e-02 -1.414842030000000079e+02
1.533870031200000074e-02 -1.438517319999999984e+02
1.535022031199999998e-02 -1.457102189999999950e+02
1.536174031199999922e-02 -1.471660310000000038e+02
1.537326031200000019e-02 -1.483032200000000103e+02
1.538478031199999943e-02 -1.491882080000000030e+02
1.539630031200000040e-02 -1.498734809999999982e+02
1.541934031200000062e-02 -1.508138120000000129e+02
1.545934031200000072e-02 -1.515843580000000088e+02
1.549934031199999909e-02 -1.517486560000000111e+02
1.553934031199999920e-02 -1.516434940000000040e+02
1.557934031199999930e-02 -1.514108870000000024e+02
1.559999999999999928e-02 -1.512615130000000079e+02
1.560000000000000102e-02 0.000000000000000000e+00
1.560010000000000042e-02 -3.063397159999999841e-01
1.560010312500000051e-02 -3.159122220000000203e-01
1.560010593750000077e-02 -3.245269829999999911e-01
1.560011156250000128e-02 -3.417555159999999814e-01
1.560012281250000056e-02 -3.762066499999999758e-01
1.560014531250000086e-02 -4.450852009999999859e-01
1.560019031250000146e-02 -5.827474820000000388e-01
1.560028031250000093e-02 -8.576931960000000466e-01
1.560046031250000159e-02 -1.406072690000000014e+00
1.560064031250000052e-02 -1.952441810000000055e+00
1.560082031250000119e-02 -2.496807889999999919e+00
1.560118031250000079e-02 -3.579563840000000052e+00
1.560154031250000038e-02 -4.654395069999999635e+00
1.560190031250000171e-02 -5.721359419999999751e+00
1.560226031250000131e-02 -6.780514270000000288e+00
1.560262031250000091e-02 -7.831916589999999623e+00
1.560334031250000184e-02 -9.911717239999999762e+00
1.560406031250000103e-02 -1.196118030000000054e+01
1.560478031250000022e-02 -1.398074680000000036e+01
1.560550031250000115e-02 -1.597085140000000081e+01
1.560622031250000034e-02 -1.793192230000000009e+01
1.560694031250000127e-02 -1.986438160000000153e+01
1.560766031250000047e-02 -2.176864529999999931e+01
1.560838031250000139e-02 -2.364512309999999928e+01
1.560910031250000059e-02 -2.549421919999999986e+01
1.561054031250000071e-02 -2.911204400000000092e+01
1.561198031250000083e-02 -3.262503209999999854e+01
1.561342031250000095e-02 -3.603620959999999940e+01
1.561486031250000107e-02 -3.934851489999999785e+01
1.561630031250000120e-02 -4.256480189999999908e+01
1.561774031250000132e-02 -4.568784190000000223e+01
1.561918031250000144e-02 -4.872032620000000236e+01
1.562062031250000156e-02 -5.166486859999999837e+01
1.562206031250000168e-02 -5.452400709999999862e+01
1.562350031250000180e-02 -5.730020669999999683e+01
1.562494031250000019e-02 -5.999586109999999906e+01
1.562638031250000031e-02 -6.261329489999999964e+01
1.562782031250000217e-02 -6.515476569999999867e+01
1.562926031250000056e-02 -6.762246570000000645e+01
1.563214031250000080e-02 -7.234599769999999808e+01
1.563502031250000104e-02 -7.679909379999999430e+01
1.563790031250000129e-02 -8.099714099999999917e+01
1.564078031250000153e-02 -8.495465020000000322e+01
1.564366031250000177e-02 -8.868530629999999348e+01
1.564654031250000202e-02 -9.220201550000000168e+01
1.564942031250000226e-02 -9.551694910000000505e+01
1.565230031250000250e-02 -9.864158559999999909e+01
1.565518031250000275e-02 -1.015867499999999950e+02
1.565806031249999952e-02 -1.043626519999999971e+02
1.566094031249999977e-02 -1.069789190000000048e+02
1.566382031250000001e-02 -1.094446300000000036e+02
1.566670031250000025e-02 -1.117683490000000006e+02
1.566958031250000050e-02 -1.139581519999999983e+02
1.567534031250000098e-02 -1.179693290000000019e+02
1.568110031250000147e-02 -1.215300129999999967e+02
1.568686031250000196e-02 -1.246900150000000025e+02
1.569262031250000244e-02 -1.274936340000000001e+02
1.569838031249999946e-02 -1.299802660000000003e+02
1.570414031200000060e-02 -1.321849449999999990e+02
1.570990031200000109e-02 -1.341388269999999920e+02
1.571566031200000157e-02 -1.358696190000000001e+02
1.572142031200000206e-02 -1.374019629999999950e+02
1.572718031200000255e-02 -1.387577709999999911e+02
1.573870031200000005e-02 -1.410228730000000041e+02
1.575022031200000103e-02 -1.427859840000000133e+02
1.576174031200000200e-02 -1.441519999999999868e+02
1.577326031199999951e-02 -1.452038119999999992e+02
1.578478031200000048e-02 -1.460069249999999954e+02
1.579630031200000145e-02 -1.466131000000000029e+02
1.581934031199999993e-02 -1.474012309999999957e+02
1.585934031200000177e-02 -1.479196320000000071e+02
1.589934031200000014e-02 -1.478404160000000047e+02
1.593934031200000198e-02 -1.474957520000000102e+02
1.597934031200000035e-02 -1.470257290000000125e+02
1.600000000000000033e-02 -1.467542740000000094e+02
1.600000000000000033e-02 0.000000000000000000e+00
1.600009999999999974e-02 -2.965987339999999750e-01
1.600010312500000156e-02 -3.058668529999999941e-01
1.600010593750000182e-02 -3.142076790000000175e-01
1.600011156249999886e-02 -3.308883739999999851e-01
1.600012281249999987e-02 -3.642440080000000080e-01
1.600014531250000191e-02 -4.309322640000000093e-01
1.600019031249999904e-02 -5.642167820000000278e-01
1.600028031250000024e-02 -8.304182570000000485e-01
1.600046031249999917e-02 -1.361354320000000007e+00
1.600064031250000157e-02 -1.890339900000000073e+00
1.600082031250000050e-02 -2.417382130000000018e+00
1.600118031250000183e-02 -3.465668410000000144e+00
1.600154031249999970e-02 -4.506266100000000385e+00
1.600190031250000103e-02 -5.539231280000000091e+00
1.600226031249999889e-02 -6.564619640000000089e+00
1.600262031250000022e-02 -7.582486450000000211e+00
1.600334031249999941e-02 -9.595901449999999500e+00
1.600406031249999861e-02 -1.157988270000000064e+01
1.600478031250000127e-02 -1.353485820000000039e+01
1.600550031250000046e-02 -1.546124949999999920e+01
1.600622031249999966e-02 -1.735947219999999902e+01
1.600694031249999885e-02 -1.922993579999999980e+01
1.600766031250000151e-02 -2.107304369999999949e+01
1.600838031250000071e-02 -2.288919369999999986e+01
1.600910031249999990e-02 -2.467877770000000126e+01
1.601054031250000176e-02 -2.817997289999999921e+01
1.601198031250000015e-02 -3.157945490000000177e+01
1.601342031250000200e-02 -3.488015959999999893e+01
1.601486031250000039e-02 -3.808493800000000107e+01
1.601630031249999878e-02 -4.119655879999999826e+01
1.601774031250000063e-02 -4.421771079999999898e+01
1.601918031249999902e-02 -4.715100520000000017e+01
1.602062031250000088e-02 -4.999897769999999753e+01
1.602206031249999926e-02 -5.276409100000000052e+01
1.602350031250000112e-02 -5.544873650000000254e+01
1.602494031249999951e-02 -5.805523649999999947e+01
1.602638031250000136e-02 -6.058584650000000238e+01
1.602782031249999975e-02 -6.304275669999999820e+01
1.602926031250000161e-02 -6.542809400000000153e+01
1.603214031250000185e-02 -6.999321329999999364e+01
1.603502031249999862e-02 -7.429595419999999706e+01
1.603790031249999887e-02 -7.835124519999999393e+01
1.604078031249999911e-02 -8.217316490000000329e+01
1.604366031249999935e-02 -8.577499059999999531e+01
1.604654031249999960e-02 -8.916924400000000617e+01
1.604942031249999984e-02 -9.236773359999999400e+01
1.605230031250000008e-02 -9.538159609999999589e+01
1.605518031250000033e-02 -9.822133420000000115e+01
1.605806031250000057e-02 -1.008968529999999930e+02
1.606094031250000082e-02 -1.034174919999999958e+02
1.606382031250000106e-02 -1.057920629999999989e+02
1.606670031250000130e-02 -1.080288720000000069e+02
1.606958031250000155e-02 -1.101357540000000057e+02
1.607534031250000203e-02 -1.139920699999999982e+02
1.608110031249999905e-02 -1.174113150000000019e+02
1.608686031249999954e-02 -1.204418189999999953e+02
1.609262031250000002e-02 -1.231265590000000003e+02
1.609838031250000051e-02 -1.255037580000000048e+02
1.610414031200000165e-02 -1.276074059999999974e+02
1.610990031199999867e-02 -1.294677320000000122e+02
1.611566031199999915e-02 -1.311116179999999929e+02
1.612142031199999964e-02 -1.325629690000000096e+02
1.612718031200000013e-02 -1.338430470000000128e+02
1.613870031200000110e-02 -1.359699990000000014e+02
1.615022031200000208e-02 -1.376099289999999939e+02
1.616174031199999958e-02 -1.388646060000000091e+02
1.617326031200000055e-02 -1.398144540000000120e+02
1.618478031200000153e-02 -1.405230259999999873e+02
1.619630031199999903e-02 -1.410405419999999879e+02
1.621934031200000098e-02 -1.416640439999999899e+02
1.625934031199999935e-02 -1.419221249999999941e+02
1.629934031200000119e-02 -1.416006449999999859e+02
1.633934031199999956e-02 -1.410219140000000095e+02
1.637934031200000140e-02 -1.403218880000000013e+02
1.640000000000000138e-02 -1.399326330000000098e+02
1.640000000000000138e-02 0.000000000000000000e+00
1.640010000000000079e-02 -2.821802130000000131e-01
1.640010312500000261e-02 -2.909977799999999837e-01
1.640010593750000287e-02 -2.989331330000000175e-01
1.640011156249999991e-02 -3.148029250000000112e-01
1.640012281250000092e-02 -3.465370199999999734e-01
1.640014531250000296e-02 -4.099832689999999835e-01
1.640019031250000009e-02 -5.367880459999999632e-01
1.640028031250000129e-02 -7.900471249999999612e-01
1.640046031250000022e-02 -1.295166580000000067e+00
1.640064031250000262e-02 -1.798426209999999914e+00
1.640082031250000155e-02 -2.299832809999999839e+00
1.640118031250000288e-02 -3.297117329999999846e+00
1.640154031250000075e-02 -4.287070609999999782e+00
1.640190031250000208e-02 -5.269746149999999574e+00
1.640226031249999994e-02 -6.245197029999999927e+00
1.640262031250000127e-02 -7.213475960000000242e+00
1.640334031250000046e-02 -9.128752560000000571e+00
1.640406031249999966e-02 -1.101596349999999980e+01
1.640478031250000232e-02 -1.287551679999999976e+01
1.640550031250000151e-02 -1.470781449999999957e+01
1.640622031250000071e-02 -1.651325290000000123e+01
1.640694031249999990e-02 -1.829222229999999882e+01
1.640766031250000256e-02 -2.004510769999999908e+01
1.640838031250000176e-02 -2.177228810000000081e+01
1.640910031250000095e-02 -2.347413720000000126e+01
1.640982031250000014e-02 -2.515102339999999970e+01
1.641126031250000200e-02 -2.843152770000000018e+01
1.641270031250000039e-02 -3.161645629999999940e+01
1.641414031250000224e-02 -3.470856789999999847e+01
1.641558031250000063e-02 -3.771054139999999677e+01
1.641702031250000249e-02 -4.062497849999999744e+01
1.641846031250000087e-02 -4.345440570000000235e+01
1.641990031250000273e-02 -4.620127670000000109e+01
1.642134031250000112e-02 -4.886797409999999786e+01
1.642278031250000297e-02 -5.145681199999999933e+01
1.642422031250000136e-02 -5.397003740000000249e+01
1.642566031249999975e-02 -5.640983270000000260e+01
1.642710031250000161e-02 -5.877831710000000243e+01
1.642854031249999999e-02 -6.107754870000000125e+01
1.643142031250000024e-02 -6.547711950000000058e+01
1.643430031250000048e-02 -6.962281699999999773e+01
1.643718031250000072e-02 -7.352908580000000427e+01
1.644006031250000097e-02 -7.720954840000000274e+01
1.644294031250000121e-02 -8.067705170000000692e+01
1.644582031250000145e-02 -8.394371150000000625e+01
1.644870031250000170e-02 -8.702095389999999497e+01
1.645158031250000194e-02 -8.991955450000000383e+01
1.645446031250000218e-02 -9.264967570000000308e+01
1.645734031250000243e-02 -9.522090120000000013e+01
1.646022031250000267e-02 -9.764226940000000354e+01
1.646310031250000291e-02 -9.992230419999999924e+01
1.646598031249999969e-02 -1.020690440000000052e+02
1.646886031249999993e-02 -1.040900699999999972e+02
1.647174031250000018e-02 -1.059925319999999971e+02
1.647750031250000066e-02 -1.094712650000000025e+02
1.648326031250000115e-02 -1.125511460000000028e+02
1.648902031250000164e-02 -1.152762780000000049e+02
1.649478031250000212e-02 -1.176858780000000024e+02
1.650054031199999979e-02 -1.198148249999999990e+02
1.650630031200000028e-02 -1.216941350000000028e+02
1.651206031200000077e-02 -1.233513939999999991e+02
1.651782031200000125e-02 -1.248111300000000057e+02
1.652358031300000044e-02 -1.260951600000000070e+02
1.652934031300000092e-02 -1.272228829999999959e+02
1.654086031300000190e-02 -1.290829760000000022e+02
1.655238031200000071e-02 -1.304985869999999863e+02
1.656390031200000168e-02 -1.315625850000000128e+02
1.657542031200000265e-02 -1.323483600000000138e+02
1.658694031200000016e-02 -1.329139040000000023e+02
1.659846031200000113e-02 -1.333050450000000069e+02
1.662150031200000308e-02 -1.337116220000000055e+02
1.666150031300000015e-02 -1.336646729999999934e+02
1.670150031300000198e-02 -1.330882070000000112e+02
1.674150031300000036e-02 -1.322763840000000073e+02
1.678150031300000219e-02 -1.313533099999999934e+02
1.680000000000000243e-02 -1.309041119999999978e+02
1.680000000000000243e-02 0.000000000000000000e+00
1.680010000000000184e-02 -2.633115420000000095e-01
1.680010312500000366e-02 -2.715394990000000175e-01
1.680010593750000392e-02 -2.789442329999999859e-01
1.680011156250000096e-02 -2.937528449999999847e-01
1.680012281250000197e-02 -3.233649359999999917e-01
1.680014531250000401e-02 -3.825685919999999851e-01
1.680019031250000114e-02 -5.008938419999999780e-01
1.680028031250000234e-02 -7.372164789999999801e-01
1.680046031250000127e-02 -1.208553290000000002e+00
1.680064031250000367e-02 -1.678150260000000005e+00
1.680082031250000260e-02 -2.146013739999999892e+00
1.680118031250000393e-02 -3.076568729999999974e+00
1.680154031250000179e-02 -4.000265459999999607e+00
1.680190031250000313e-02 -4.917153980000000146e+00
1.680226031250000099e-02 -5.827283940000000051e+00
1.680262031250000232e-02 -6.730704649999999845e+00
1.680334031250000151e-02 -8.517637790000000209e+00
1.680406031250000071e-02 -1.027831600000000023e+01
1.680478031250000337e-02 -1.201312079999999938e+01
1.680550031250000256e-02 -1.372242849999999947e+01
1.680622031250000176e-02 -1.540660970000000063e+01
1.680694031250000095e-02 -1.706602970000000141e+01
1.680766031250000361e-02 -1.870104830000000007e+01
1.680838031250000281e-02 -2.031202040000000153e+01
1.680910031250000200e-02 -2.189929559999999853e+01
1.680982031250000119e-02 -2.346321820000000002e+01
1.681126031250000305e-02 -2.652252239999999972e+01
1.681270031250000144e-02 -2.949241710000000083e+01
1.681414031250000329e-02 -3.237548290000000151e+01
1.681558031250000168e-02 -3.517422590000000326e+01
1.681702031250000354e-02 -3.789108000000000231e+01
1.681846031250000192e-02 -4.052840880000000112e+01
1.681990031250000378e-02 -4.308850749999999863e+01
1.682134031250000217e-02 -4.557360510000000176e+01
1.682278031250000402e-02 -4.798586629999999786e+01
1.682422031250000241e-02 -5.032739339999999828e+01
1.682566031250000080e-02 -5.260022769999999781e+01
1.682710031250000265e-02 -5.480635190000000279e+01
1.682854031250000104e-02 -5.694769120000000129e+01
1.682998031250000290e-02 -5.902611530000000073e+01
1.683286031250000314e-02 -6.300227259999999774e+01
1.683574031250000338e-02 -6.674778940000000205e+01
1.683862031250000363e-02 -7.027578850000000443e+01
1.684150031250000387e-02 -7.359864530000000116e+01
1.684438031250000412e-02 -7.672803120000000376e+01
1.684726031250000089e-02 -7.967495300000000213e+01
1.685014031250000113e-02 -8.244979109999999878e+01
1.685302031250000138e-02 -8.506233469999999386e+01
1.685590031250000162e-02 -8.752181629999999757e+01
1.685878031250000186e-02 -8.983694239999999809e+01
1.686166031250000211e-02 -9.201592410000000655e+01
1.686454031250000235e-02 -9.406650530000000288e+01
1.686742031250000259e-02 -9.599598860000000400e+01
1.687030031250000284e-02 -9.781126150000000052e+01
1.687606031250000332e-02 -1.011275949999999995e+02
1.688182031250000381e-02 -1.040597259999999977e+02
1.688758031250000083e-02 -1.066501379999999983e+02
1.689334031250000132e-02 -1.089366090000000042e+02
1.689910031250000180e-02 -1.109527400000000057e+02
1.690486031200000294e-02 -1.127284080000000017e+02
1.691062031200000343e-02 -1.142901870000000031e+02
1.691638031200000392e-02 -1.156617049999999978e+02
1.692214031200000093e-02 -1.168639780000000030e+02
1.692790031200000142e-02 -1.179156949999999995e+02
1.693942031200000239e-02 -1.196383270000000039e+02
1.695094031200000337e-02 -1.209328480000000070e+02
1.696246031200000087e-02 -1.218887200000000064e+02
1.697398031200000185e-02 -1.225766390000000001e+02
1.698550031200000282e-02 -1.230524730000000062e+02
1.699702031200000379e-02 -1.233603690000000057e+02
1.702006031200000227e-02 -1.236144400000000019e+02
1.706006031200000411e-02 -1.233309950000000015e+02
1.710006031200000248e-02 -1.225383190000000013e+02
1.714006031200000085e-02 -1.215198160000000058e+02
1.718006031200000269e-02 -1.203950750000000056e+02
1.720000000000000348e-02 -1.198112509999999986e+02
1.720000000000000001e-02 0.000000000000000000e+00
1.720009999999999942e-02 -2.402902899999999897e-01
1.720010312500000124e-02 -2.477988780000000002e-01
1.720010593750000150e-02 -2.545562160000000018e-01
1.720011156249999854e-02 -2.680701079999999736e-01
1.720012281249999955e-02 -2.950931940000000031e-01
1.720014531250000159e-02 -3.491205800000000137e-01
1.720019031249999872e-02 -4.571002430000000172e-01
1.720028031249999992e-02 -6.727594879999999611e-01
1.720046031249999885e-02 -1.102880389999999933e+00
1.720064031250000125e-02 -1.531408869999999922e+00
1.720082031250000018e-02 -1.958350760000000079e+00
1.720118031250000151e-02 -2.807500810000000069e+00
1.720154031249999937e-02 -3.650373740000000033e+00
1.720190031250000071e-02 -4.487015350000000069e+00
1.720226031249999857e-02 -5.317471099999999673e+00
1.720262031249999990e-02 -6.141786109999999965e+00
1.720298031250000123e-02 -6.960005179999999569e+00
1.720370031250000042e-02 -8.578354909999999833e+00
1.720442031249999962e-02 -1.017284970000000044e+01
1.720514031249999881e-02 -1.174383629999999989e+01
1.720586031250000147e-02 -1.329165659999999960e+01
1.720658031250000067e-02 -1.481664720000000024e+01
1.720730031249999986e-02 -1.631914009999999848e+01
1.720802031249999905e-02 -1.779946220000000068e+01
1.720874031250000172e-02 -1.925793600000000083e+01
1.720946031250000091e-02 -2.069487889999999908e+01
1.721090031249999930e-02 -2.350557080000000099e+01
1.721234031250000115e-02 -2.623382790000000142e+01
1.721378031249999954e-02 -2.888202959999999919e+01
1.721522031250000140e-02 -3.145248649999999913e+01
1.721666031249999979e-02 -3.394744279999999748e+01
1.721810031250000164e-02 -3.636907740000000189e+01
1.721954031250000003e-02 -3.871950669999999661e+01
1.722098031249999842e-02 -4.100078580000000272e+01
1.722242031250000027e-02 -4.321491050000000200e+01
1.722386031249999866e-02 -4.536381899999999945e+01
1.722530031250000052e-02 -4.744939360000000050e+01
1.722674031249999890e-02 -4.947346209999999900e+01
1.722818031250000076e-02 -5.143779969999999935e+01
1.722962031249999915e-02 -5.334413020000000216e+01
1.723250031249999939e-02 -5.699019609999999858e+01
1.723538031249999963e-02 -6.042361429999999700e+01
1.723826031249999988e-02 -6.365648350000000022e+01
1.724114031250000012e-02 -6.670021420000000489e+01
1.724402031250000036e-02 -6.956556709999999555e+01
1.724690031250000061e-02 -7.226269039999999677e+01
1.724978031250000085e-02 -7.480115480000000616e+01
1.725266031250000109e-02 -7.718998600000000465e+01
1.725554031250000134e-02 -7.943769609999999659e+01
1.725842031250000158e-02 -8.155231259999999338e+01
1.726130031249999836e-02 -8.354140599999999495e+01
1.726418031249999860e-02 -8.541211619999999982e+01
1.726706031249999884e-02 -8.717117620000000500e+01
1.726994031249999909e-02 -8.882493610000000217e+01
1.727570031249999957e-02 -9.184275809999999751e+01
1.728146031250000006e-02 -9.450635280000000193e+01
1.728722031250000055e-02 -9.685488920000000235e+01
1.729298031250000103e-02 -9.892320039999999892e+01
1.729874031250000152e-02 -1.007422640000000058e+02
1.730450031199999919e-02 -1.023396290000000022e+02
1.731026031199999968e-02 -1.037397930000000059e+02
1.731602031200000016e-02 -1.049645450000000011e+02
1.732178031200000065e-02 -1.060332590000000010e+02
1.732754031200000114e-02 -1.069631679999999960e+02
1.733330031200000163e-02 -1.077695939999999979e+02
1.734482031199999913e-02 -1.090701040000000006e+02
1.735634031200000010e-02 -1.100194489999999945e+02
1.736786031200000108e-02 -1.106909820000000053e+02
1.737938031199999858e-02 -1.111426710000000071e+02
1.739090031199999956e-02 -1.114203239999999937e+02
1.740242031200000053e-02 -1.115601429999999965e+02
1.742546031199999901e-02 -1.115427839999999975e+02
1.746546031200000085e-02 -1.109173150000000021e+02
1.750546031199999922e-02 -1.098727619999999945e+02
1.754546031200000106e-02 -1.086415609999999958e+02
1.758546031199999943e-02 -1.073218310000000031e+02
1.760000000000000106e-02 -1.068287640000000067e+02
1.760000000000000106e-02 0.000000000000000000e+00
1.760010000000000047e-02 -2.134795160000000080e-01
1.760010312500000229e-02 -2.201503200000000104e-01
1.760010593750000255e-02 -2.261536949999999879e-01
1.760011156249999958e-02 -2.381597450000000060e-01
1.760012281250000060e-02 -2.621676560000000267e-01
1.760014531250000264e-02 -3.101667269999999754e-01
1.760019031249999977e-02 -4.060979009999999834e-01
1.760028031250000097e-02 -5.976926780000000328e-01
1.760046031249999990e-02 -9.798144020000000287e-01
1.760064031250000230e-02 -1.360516250000000094e+00
1.760082031250000123e-02 -1.739803420000000100e+00
1.760118031250000256e-02 -2.494156920000000000e+00
1.760154031250000042e-02 -3.242913440000000147e+00
1.760190031250000176e-02 -3.986113809999999980e+00
1.760226031249999962e-02 -4.723798559999999647e+00
1.760262031250000095e-02 -5.456007930000000172e+00
1.760298031250000228e-02 -6.182781860000000407e+00
1.760370031250000147e-02 -7.620201200000000341e+00
1.760442031250000067e-02 -9.036350320000000380e+00
1.760514031249999986e-02 -1.043153840000000088e+01
1.760586031250000252e-02 -1.180607020000000063e+01
1.760658031250000172e-02 -1.316024600000000078e+01
1.760730031250000091e-02 -1.449436170000000068e+01
1.760802031250000010e-02 -1.580870889999999918e+01
1.760874031250000277e-02 -1.710357510000000048e+01
1.760946031250000196e-02 -1.837924329999999884e+01
1.761090031250000035e-02 -2.087423280000000148e+01
1.761234031250000220e-02 -2.329571939999999941e+01
1.761378031250000059e-02 -2.564582479999999975e+01
1.761522031250000245e-02 -2.792660920000000147e+01
1.761666031250000083e-02 -3.014007339999999857e+01
1.761810031250000269e-02 -3.228816059999999766e+01
1.761954031250000108e-02 -3.437275759999999991e+01
1.762098031249999947e-02 -3.639569689999999724e+01
1.762242031250000132e-02 -3.835875810000000286e+01
1.762386031249999971e-02 -4.026366949999999889e+01
1.762530031250000156e-02 -4.211210919999999902e+01
1.762674031249999995e-02 -4.390570710000000076e+01
1.762818031250000181e-02 -4.564604609999999951e+01
1.762962031250000020e-02 -4.733466310000000021e+01
1.763250031250000044e-02 -5.056335299999999933e+01
1.763538031250000068e-02 -5.360243599999999731e+01
1.763826031250000093e-02 -5.646269989999999694e+01
1.764114031250000117e-02 -5.915431889999999981e+01
1.764402031250000141e-02 -6.168688780000000094e+01
1.764690031250000166e-02 -6.406945519999999306e+01
1.764978031250000190e-02 -6.631055480000000557e+01
1.765266031250000214e-02 -6.841823449999999696e+01
1.765554031250000239e-02 -7.040008400000000677e+01
1.765842031250000263e-02 -7.226326120000000230e+01
1.766130031249999940e-02 -7.401451620000000275e+01
1.766418031249999965e-02 -7.566021519999999612e+01
1.766706031249999989e-02 -7.720636190000000454e+01
1.766994031250000013e-02 -7.865861830000000054e+01
1.767570031250000062e-02 -8.130482379999999409e+01
1.768146031250000111e-02 -8.363518469999999638e+01
1.768722031250000160e-02 -8.568462630000000502e+01
1.769298031250000208e-02 -8.748420760000000485e+01
1.769874031250000257e-02 -8.906154990000000282e+01
1.770450031200000024e-02 -9.044121699999999464e+01
1.771026031200000073e-02 -9.164505350000000305e+01
1.771602031200000121e-02 -9.269248620000000471e+01
1.772178031200000170e-02 -9.360079149999999970e+01
1.772754031200000219e-02 -9.438533339999999328e+01
1.773330031200000267e-02 -9.505977540000000658e+01
1.774482031200000018e-02 -9.613017170000000533e+01
1.775634031200000115e-02 -9.688746539999999641e+01
1.776786031200000213e-02 -9.739706449999999904e+01
1.777938031199999963e-02 -9.771065719999999999e+01
1.779090031200000060e-02 -9.786908959999999524e+01
1.780242031200000158e-02 -9.790464029999999696e+01
1.782546031200000006e-02 -9.771098999999999535e+01
1.786546031200000190e-02 -9.684418859999999540e+01
1.790546031200000027e-02 -9.560403420000000096e+01
1.794546031200000211e-02 -9.419782809999999529e+01
1.798546031200000048e-02 -9.271310610000000452e+01
1.800000000000000211e-02 -9.216162629999999467e+01
1.800000000000000211e-02 0.000000000000000000e+00
1.800010000000000152e-02 -1.833020439999999973e-01
1.800010312500000334e-02 -1.890298609999999935e-01
1.800010593750000359e-02 -1.941845949999999876e-01
1.800011156250000063e-02 -2.044934599999999880e-01
1.800012281250000165e-02 -2.251075780000000026e-01
1.800014531250000369e-02 -2.663213600000000070e-01
1.800019031250000082e-02 -3.486911509999999770e-01
1.800028031250000202e-02 -5.131998979999999877e-01
1.800046031250000095e-02 -8.412961610000000423e-01
1.800064031250000335e-02 -1.168167479999999925e+00
1.800082031250000228e-02 -1.493818340000000022e+00
1.800118031250000361e-02 -2.141478690000000018e+00
1.800154031250000147e-02 -2.784310459999999932e+00
1.800190031250000280e-02 -3.422348869999999987e+00
1.800226031250000067e-02 -4.055628890000000375e+00
1.800262031250000200e-02 -4.684185239999999695e+00
1.800298031250000333e-02 -5.308052370000000408e+00
1.800370031250000252e-02 -6.541872380000000042e+00
1.800442031250000172e-02 -7.757342310000000296e+00
1.800514031250000091e-02 -8.954728920000000869e+00
1.800586031250000357e-02 -1.013429509999999922e+01
1.800658031250000277e-02 -1.129629989999999928e+01
1.800730031250000196e-02 -1.244099869999999974e+01
1.800802031250000115e-02 -1.356864290000000040e+01
1.800874031250000382e-02 -1.467948059999999977e+01
1.800946031250000301e-02 -1.577375600000000055e+01
1.801090031250000140e-02 -1.791369570000000166e+01
1.801234031250000325e-02 -1.999022360000000020e+01
1.801378031250000164e-02 -2.200516999999999967e+01
1.801522031250000350e-02 -2.396031250000000057e+01
1.801666031250000188e-02 -2.585737710000000078e+01
1.801810031250000374e-02 -2.769804020000000122e+01
1.801954031250000213e-02 -2.948392949999999857e+01
1.802098031250000051e-02 -3.121662609999999916e+01
1.802242031250000237e-02 -3.289766529999999989e+01
1.802386031250000076e-02 -3.452853780000000228e+01
1.802530031250000261e-02 -3.611069169999999673e+01
1.802674031250000100e-02 -3.764553289999999919e+01
1.802818031250000286e-02 -3.913442700000000229e+01
1.802962031250000124e-02 -4.057870009999999894e+01
1.803250031250000149e-02 -4.333909570000000144e+01
1.803538031250000173e-02 -4.593591519999999662e+01
1.803826031250000198e-02 -4.837846580000000074e+01
1.804114031250000222e-02 -5.067552469999999687e+01
1.804402031250000246e-02 -5.283536939999999760e+01
1.804690031250000271e-02 -5.486580639999999676e+01
1.804978031250000295e-02 -5.677419780000000316e+01
1.805266031250000319e-02 -5.856748660000000228e+01
1.805554031250000344e-02 -6.025222060000000113e+01
1.805842031250000368e-02 -6.183457500000000095e+01
1.806130031250000045e-02 -6.332037319999999880e+01
1.806418031250000070e-02 -6.471510750000000201e+01
1.806706031250000094e-02 -6.602395719999999812e+01
1.806994031250000118e-02 -6.725180720000000179e+01
1.807282031250000143e-02 -6.840326399999999296e+01
1.807858031250000191e-02 -7.049600680000000352e+01
1.808434031250000240e-02 -7.233176290000000108e+01
1.809010031250000289e-02 -7.393894790000000228e+01
1.809586031250000338e-02 -7.534283179999999902e+01
1.810162031200000105e-02 -7.656588739999999405e+01
1.810738031200000153e-02 -7.762810009999999750e+01
1.811314031200000202e-02 -7.854724310000000287e+01
1.811890031200000251e-02 -7.933912239999999372e+01
1.812466031200000299e-02 -8.001779410000000325e+01
1.813042031200000348e-02 -8.059575879999999870e+01
1.814194031200000098e-02 -8.149696930000000350e+01
1.815346031200000196e-02 -8.211181430000000603e+01
1.816498031200000293e-02 -8.250013509999999428e+01
1.817650031200000044e-02 -8.270922090000000537e+01
1.818802031200000141e-02 -8.277644170000000656e+01
1.819954031200000238e-02 -8.273132970000000341e+01
1.822258031200000086e-02 -8.239916080000000420e+01
1.826258031200000270e-02 -8.133791929999999581e+01
1.830258031200000107e-02 -7.993625190000000202e+01
1.834258031200000291e-02 -7.838385630000000504e+01
1.838258031200000128e-02 -7.676085910000000467e+01
1.840000000000000316e-02 -7.604107620000000622e+01
1.839999999999999969e-02 0.000000000000000000e+00
1.840009999999999910e-02 -1.502337880000000070e-01
1.840010312500000092e-02 -1.549282869999999979e-01
1.840010593750000117e-02 -1.591530879999999981e-01
1.840011156249999821e-02 -1.676021920000000109e-01
1.840012281249999923e-02 -1.844974179999999964e-01
1.840014531250000127e-02 -2.182759469999999979e-01
1.840019031249999840e-02 -2.857853340000000020e-01
1.840028031249999960e-02 -4.206136489999999784e-01
1.840046031249999853e-02 -6.895101759999999746e-01
1.840064031250000093e-02 -9.573960120000000185e-01
1.840082031249999986e-02 -1.224274850000000026e+00
1.840118031250000119e-02 -1.755028059999999890e+00
1.840154031249999905e-02 -2.281797239999999949e+00
1.840190031250000038e-02 -2.804611449999999895e+00
1.840226031249999825e-02 -3.323499539999999808e+00
1.840262031249999958e-02 -3.838490160000000095e+00
1.840298031250000091e-02 -4.349611730000000342e+00
1.840370031250000010e-02 -5.360374310000000087e+00
1.840442031249999930e-02 -6.355996369999999729e+00
1.840514031249999849e-02 -7.336697990000000225e+00
1.840586031250000115e-02 -8.302696089999999529e+00
1.840658031250000035e-02 -9.254204420000000653e+00
1.840730031249999954e-02 -1.019143359999999987e+01
1.840802031249999873e-02 -1.111459130000000073e+01
1.840874031250000140e-02 -1.202388189999999923e+01
1.840946031250000059e-02 -1.291950710000000058e+01
1.841090031249999898e-02 -1.467064889999999977e+01
1.841234031250000083e-02 -1.636946999999999974e+01
1.841378031249999922e-02 -1.801748059999999896e+01
1.841522031250000108e-02 -1.961614739999999912e+01
1.841666031249999946e-02 -2.116689450000000150e+01
1.841810031250000132e-02 -2.267110509999999834e+01
1.841954031249999971e-02 -2.413012230000000002e+01
1.842098031249999809e-02 -2.554525059999999925e+01
1.842242031249999995e-02 -2.691775649999999942e+01
1.842386031249999834e-02 -2.824887049999999888e+01
1.842530031250000019e-02 -2.953978689999999929e+01
1.842674031249999858e-02 -3.079166610000000048e+01
1.842818031250000044e-02 -3.200563470000000166e+01
1.842962031249999882e-02 -3.318278680000000236e+01
1.843250031249999907e-02 -3.543135490000000232e+01
1.843538031249999931e-02 -3.754495769999999766e+01
1.843826031249999955e-02 -3.953127440000000092e+01
1.844114031249999980e-02 -4.139754709999999704e+01
1.844402031250000004e-02 -4.315060559999999867e+01
1.844690031250000029e-02 -4.479689110000000341e+01
1.844978031250000053e-02 -4.634247779999999750e+01
1.845266031250000077e-02 -4.779309450000000226e+01
1.845554031250000102e-02 -4.915414369999999877e+01
1.845842031250000126e-02 -5.043072060000000079e+01
1.846130031249999803e-02 -5.162763009999999753e+01
1.846418031249999828e-02 -5.274940380000000317e+01
1.846706031249999852e-02 -5.380031530000000117e+01
1.846994031249999876e-02 -5.478439490000000234e+01
1.847282031249999901e-02 -5.570544350000000122e+01
1.847858031249999949e-02 -5.737413200000000302e+01
1.848434031249999998e-02 -5.883078499999999877e+01
1.849010031250000047e-02 -6.009884809999999788e+01
1.849586031250000095e-02 -6.119917180000000201e+01
1.850162031199999862e-02 -6.215029830000000288e+01
1.850738031199999911e-02 -6.296871769999999913e+01
1.851314031199999960e-02 -6.366909480000000343e+01
1.851890031200000009e-02 -6.426447100000000034e+01
1.852466031200000057e-02 -6.476644430000000341e+01
1.853042031200000106e-02 -6.518532899999999586e+01
1.854194031199999856e-02 -6.581294450000000040e+01
1.855346031199999954e-02 -6.620430039999999394e+01
1.856498031200000051e-02 -6.640877290000000244e+01
1.857650031199999802e-02 -6.646538130000000422e+01
1.858802031199999899e-02 -6.640496120000000246e+01
1.859954031199999996e-02 -6.625188070000000096e+01
1.862258031199999844e-02 -6.574617360000000588e+01
1.866258031200000028e-02 -6.446869089999999858e+01
1.870258031199999865e-02 -6.291074030000000050e+01
1.874258031200000049e-02 -6.122890480000000224e+01
1.878258031199999886e-02 -5.948936009999999897e+01
1.880000000000000074e-02 -5.872127650000000187e+01
1.880000000000000074e-02 0.000000000000000000e+00
1.880010000000000014e-02 -1.147962559999999993e-01
1.880010312500000197e-02 -1.183834019999999987e-01
1.880010593750000222e-02 -1.216116420000000059e-01
1.880011156249999926e-02 -1.280677369999999871e-01
1.880012281250000028e-02 -1.409776239999999958e-01
1.880014531250000231e-02 -1.667881910000000023e-01
1.880019031249999945e-02 -2.183725119999999909e-01
1.880028031250000065e-02 -3.213940710000000034e-01
1.880046031249999958e-02 -5.268502040000000441e-01
1.880064031250000198e-02 -7.315258340000000414e-01
1.880082031250000091e-02 -9.354238150000000473e-01
1.880118031250000224e-02 -1.340899590000000030e+00
1.880154031250000010e-02 -1.743298709999999918e+00
1.880190031250000143e-02 -2.142643629999999799e+00
1.880226031249999930e-02 -2.538956610000000058e+00
1.880262031250000063e-02 -2.932259789999999811e+00
1.880298031250000196e-02 -3.322575120000000215e+00
1.880370031250000115e-02 -4.094339950000000172e+00
1.880442031250000035e-02 -4.854412570000000038e+00
1.880514031249999954e-02 -5.602962950000000220e+00
1.880586031250000220e-02 -6.340158599999999645e+00
1.880658031250000140e-02 -7.066164579999999695e+00
1.880730031250000059e-02 -7.781143570000000231e+00
1.880802031249999978e-02 -8.485255860000000538e+00
1.880874031250000245e-02 -9.178659420000000679e+00
1.880946031250000164e-02 -9.861509930000000423e+00
1.881090031250000003e-02 -1.119623720000000056e+01
1.881234031250000188e-02 -1.249056000000000033e+01
1.881378031250000027e-02 -1.374564480000000088e+01
1.881522031250000213e-02 -1.496262390000000053e+01
1.881666031250000051e-02 -1.614259739999999965e+01
1.881810031250000237e-02 -1.728663320000000070e+01
1.881954031250000076e-02 -1.839576870000000142e+01
1.882098031249999914e-02 -1.947101109999999835e+01
1.882242031250000100e-02 -2.051333869999999848e+01
1.882386031249999939e-02 -2.152370159999999899e+01
1.882530031250000124e-02 -2.250302209999999903e+01
1.882674031249999963e-02 -2.345219639999999828e+01
1.882818031250000149e-02 -2.437209440000000171e+01
1.882962031249999987e-02 -2.526356110000000044e+01
1.883250031250000012e-02 -2.696484039999999993e+01
1.883538031250000036e-02 -2.856189369999999883e+01
1.883826031250000060e-02 -3.006065119999999879e+01
1.884114031250000085e-02 -3.146670549999999977e+01
1.884402031250000109e-02 -3.278533110000000050e+01
1.884690031250000133e-02 -3.402150199999999813e+01
1.884978031250000158e-02 -3.517990919999999733e+01
1.885266031250000182e-02 -3.626497669999999829e+01
1.885554031250000206e-02 -3.728087659999999914e+01
1.885842031250000231e-02 -3.823154360000000196e+01
1.886130031249999908e-02 -3.912068839999999881e+01
1.886418031249999933e-02 -3.995181050000000056e+01
1.886706031249999957e-02 -4.072821019999999947e+01
1.886994031249999981e-02 -4.145299990000000179e+01
1.887282031250000006e-02 -4.212911489999999759e+01
1.887858031250000054e-02 -4.334743290000000115e+01
1.888434031250000103e-02 -4.440201050000000293e+01
1.889010031250000152e-02 -4.531095359999999772e+01
1.889586031250000200e-02 -4.609036429999999740e+01
1.890162031199999967e-02 -4.675456189999999879e+01
1.890738031200000016e-02 -4.731628099999999648e+01
1.891314031200000065e-02 -4.778684669999999812e+01
1.891890031200000113e-02 -4.817633039999999767e+01
1.892466031200000162e-02 -4.849368890000000221e+01
1.893042031200000211e-02 -4.874688749999999970e+01
1.893618031199999913e-02 -4.894301000000000101e+01
1.894770031200000010e-02 -4.919088860000000096e+01
1.895922031200000107e-02 -4.927646049999999889e+01
1.897074031200000205e-02 -4.923363789999999796e+01
1.898226031199999955e-02 -4.908922030000000092e+01
1.899378031200000053e-02 -4.886438679999999835e+01
1.900530031200000150e-02 -4.857587490000000230e+01
1.902834031199999998e-02 -4.786169269999999898e+01
1.906834031200000182e-02 -4.634709550000000178e+01
1.910834031200000019e-02 -4.463955330000000288e+01
1.914834031200000203e-02 -4.284670390000000140e+01
1.918834031200000040e-02 -4.101409550000000337e+01
1.920000000000000179e-02 -4.047537369999999868e+01
1.920000000000000179e-02 0.000000000000000000e+00
1.920010000000000119e-02 -7.754831830000000203e-02
1.920010312500000302e-02 -7.997153989999999935e-02
1.920010593750000327e-02 -8.215230710000000214e-02
1.920011156250000031e-02 -8.651357680000000550e-02
1.920012281250000133e-02 -9.523452890000000393e-02
1.920014531250000336e-02 -1.126700860000000026e-01
1.920019031250000049e-02 -1.475158239999999898e-01
1.920028031250000169e-02 -2.171059170000000094e-01
1.920046031250000063e-02 -3.558814889999999953e-01
1.920064031250000303e-02 -4.941190579999999999e-01
1.920082031250000196e-02 -6.318205879999999608e-01
1.920118031250000329e-02 -9.056243330000000036e-01
1.920154031250000115e-02 -1.177307330000000096e+00
1.920190031250000248e-02 -1.446885039999999956e+00
1.920226031250000034e-02 -1.714372819999999908e+00
1.920262031250000168e-02 -1.979785930000000027e+00
1.920298031250000301e-02 -2.243139509999999781e+00
1.920370031250000220e-02 -2.763735389999999903e+00
1.920442031250000139e-02 -3.276271780000000078e+00
1.920514031250000059e-02 -3.780865840000000144e+00
1.920586031250000325e-02 -4.277633019999999675e+00
1.920658031250000244e-02 -4.766687110000000338e+00
1.920730031250000164e-02 -5.248140239999999679e+00
1.920802031250000083e-02 -5.722102910000000264e+00
1.920874031250000349e-02 -6.188684010000000235e+00
1.920946031250000269e-02 -6.647990830000000351e+00
1.921018031250000188e-02 -7.100129139999999950e+00
1.921162031250000027e-02 -7.983365759999999867e+00
1.921306031250000212e-02 -8.839156349999999662e+00
1.921450031250000051e-02 -9.668293110000000468e+00
1.921594031250000237e-02 -1.047154540000000011e+01
1.921738031250000076e-02 -1.124966019999999922e+01
1.921882031250000261e-02 -1.200336330000000018e+01
1.922026031250000100e-02 -1.273335909999999949e+01
1.922170031250000286e-02 -1.344033190000000033e+01
1.922314031250000124e-02 -1.412494629999999951e+01
1.922458031250000310e-02 -1.478784749999999981e+01
1.922602031250000149e-02 -1.542966219999999922e+01
1.922746031250000334e-02 -1.605099909999999852e+01
1.922890031250000173e-02 -1.665244909999999834e+01
1.923034031250000012e-02 -1.723458619999999897e+01
1.923322031250000036e-02 -1.834339419999999876e+01
1.923610031250000060e-02 -1.938140329999999878e+01
1.923898031250000085e-02 -2.035264189999999829e+01
1.924186031250000109e-02 -2.126090900000000161e+01
1.924474031250000133e-02 -2.210978730000000070e+01
1.924762031250000158e-02 -2.290265589999999918e+01
1.925050031250000182e-02 -2.364270110000000003e+01
1.925338031250000206e-02 -2.433292820000000134e+01
1.925626031250000231e-02 -2.497617119999999957e+01
1.925914031250000255e-02 -2.557510299999999859e+01
1.926202031250000279e-02 -2.613224419999999881e+01
1.926490031250000304e-02 -2.664997200000000177e+01
1.926778031250000328e-02 -2.713052820000000054e+01
1.927066031250000006e-02 -2.757602719999999863e+01
1.927354031250000030e-02 -2.798846269999999947e+01
1.927930031250000079e-02 -2.872237140000000011e+01
1.928506031250000127e-02 -2.934505659999999949e+01
1.929082031250000176e-02 -2.986881759999999986e+01
1.929658031250000225e-02 -3.030459249999999827e+01
1.930234031200000339e-02 -3.066210849999999866e+01
1.930810031200000040e-02 -3.095001639999999909e+01
1.931386031200000089e-02 -3.117600919999999931e+01
1.931962031200000138e-02 -3.134692880000000059e+01
1.932538031200000186e-02 -3.146885950000000065e+01
1.933114031200000235e-02 -3.154721230000000176e+01
1.933690031200000284e-02 -3.158679950000000147e+01
1.934842031200000034e-02 -3.156792510000000007e+01
1.935994031200000132e-02 -3.143882299999999930e+01
1.937146031200000229e-02 -3.122253129999999999e+01
1.938298031200000326e-02 -3.093725710000000007e+01
1.939450031200000077e-02 -3.059738929999999968e+01
1.940602031200000174e-02 -3.021429990000000032e+01
1.942906031200000022e-02 -2.935506469999999979e+01
1.946906031300000076e-02 -2.767714709999999911e+01
1.950906031200000043e-02 -2.586876360000000119e+01
1.954906031200000227e-02 -2.400313440000000043e+01
1.958906031200000064e-02 -2.211130289999999832e+01
1.960000000000000284e-02 -2.159119219999999828e+01
1.959999999999999937e-02 0.000000000000000000e+00
1.960009999999999877e-02 -3.907739729999999689e-02
1.960010312500000060e-02 -4.029847889999999683e-02
1.960010593750000085e-02 -4.139738159999999806e-02
1.960011156249999789e-02 -4.359504609999999974e-02
1.960012281249999891e-02 -4.798952809999999791e-02
1.960014531250000094e-02 -5.677510589999999746e-02
1.960019031249999807e-02 -7.433272400000000280e-02
1.960028031249999927e-02 -1.093938720000000031e-01
1.960046031249999821e-02 -1.793003109999999900e-01
1.960064031250000061e-02 -2.489197280000000068e-01
1.960082031249999954e-02 -3.182531730000000003e-01
1.960118031250000087e-02 -4.560668390000000016e-01
1.960154031249999873e-02 -5.927490970000000026e-01
1.960190031250000006e-02 -7.283082029999999873e-01
1.960226031249999792e-02 -8.627523499999999457e-01
1.960262031249999926e-02 -9.960896729999999533e-01
1.960298031250000059e-02 -1.128328240000000093e+00
1.960370031249999978e-02 -1.389545079999999988e+00
1.960442031249999897e-02 -1.646462230000000027e+00
1.960514031249999817e-02 -1.899142209999999942e+00
1.960586031250000083e-02 -2.147646609999999789e+00
1.960658031250000002e-02 -2.392036140000000088e+00
1.960730031249999922e-02 -2.632370610000000166e+00
1.960802031249999841e-02 -2.868708980000000075e+00
1.960874031250000107e-02 -3.101109350000000209e+00
1.960946031250000027e-02 -3.329628950000000032e+00
1.961018031249999946e-02 -3.554324199999999934e+00
1.961162031249999785e-02 -3.992490060000000174e+00
1.961306031249999970e-02 -4.416013699999999709e+00
1.961450031249999809e-02 -4.825317769999999840e+00
1.961594031249999995e-02 -5.220812709999999690e+00
1.961738031249999833e-02 -5.602897099999999853e+00
1.961882031250000019e-02 -5.971958019999999756e+00
1.962026031249999858e-02 -6.328371390000000041e+00
1.962170031250000043e-02 -6.672502249999999968e+00
1.962314031249999882e-02 -7.004705129999999613e+00
1.962458031250000068e-02 -7.325324290000000182e+00
1.962602031249999907e-02 -7.634694080000000049e+00
1.962746031250000092e-02 -7.933139180000000401e+00
1.962890031249999931e-02 -8.220974910000000691e+00
1.963034031249999770e-02 -8.498507480000000669e+00
1.963178031249999955e-02 -8.766034250000000583e+00
1.963466031249999980e-02 -9.272351430000000505e+00
1.963754031250000004e-02 -9.741988590000000059e+00
1.964042031250000028e-02 -1.017703279999999921e+01
1.964330031250000053e-02 -1.057945250000000037e+01
1.964618031250000077e-02 -1.095110380000000028e+01
1.964906031250000101e-02 -1.129373739999999948e+01
1.965194031249999779e-02 -1.160900419999999933e+01
1.965482031249999803e-02 -1.189846119999999985e+01
1.965770031249999827e-02 -1.216357690000000069e+01
1.966058031249999852e-02 -1.240573599999999921e+01
1.966346031249999876e-02 -1.262624450000000031e+01
1.966634031249999900e-02 -1.282633399999999924e+01
1.966922031249999925e-02 -1.300716609999999918e+01
1.967210031249999949e-02 -1.316983630000000005e+01
1.967498031249999974e-02 -1.331537750000000031e+01
1.967786031249999998e-02 -1.344476419999999983e+01
1.968362031250000047e-02 -1.365909399999999962e+01
1.968938031250000095e-02 -1.381908130000000057e+01
1.969514031249999797e-02 -1.393073599999999956e+01
1.970090031199999911e-02 -1.399940299999999915e+01
1.970666031199999960e-02 -1.402983539999999962e+01
1.971242031200000008e-02 -1.402626039999999996e+01
1.971818031200000057e-02 -1.399243740000000003e+01
1.972394031200000106e-02 -1.393170970000000075e+01
1.972970031199999807e-02 -1.384705059999999932e+01
1.973546031199999856e-02 -1.374110439999999933e+01
1.974122031199999905e-02 -1.361622279999999918e+01
1.974698031199999954e-02 -1.347449729999999946e+01
1.975850031200000051e-02 -1.314844599999999986e+01
1.977002031199999801e-02 -1.277450649999999932e+01
1.978154031199999899e-02 -1.236269360000000006e+01
1.979306031199999996e-02 -1.192092249999999964e+01
1.980458031200000094e-02 -1.145544970000000085e+01
1.981610031199999844e-02 -1.097122049999999938e+01
1.982762031199999941e-02 -1.047214460000000003e+01
1.985066031199999789e-02 -9.442043529999999407e+00
1.989066031199999973e-02 -7.589851219999999898e+00
1.993066031199999810e-02 -5.693158229999999875e+00
1.997066031199999994e-02 -3.777310449999999875e+00
2.000000000000000042e-02 -2.366346440000000051e+00
