t,Vp_ref,Vp_n1,Vp_n200,I_ref,I_n1,I_n200
0.000000e+00,0.000000e+00,0.000000e+00,0.000000e+00,0.000000e+00,0.000000e+00,0.000000e+00
5.000000e-06,3.084782e-02,-3.664708e-02,-9.242790e-02,4.641352e-01,2.363313e+00,4.085790e+00
1.000000e-05,5.912101e-02,-8.615426e-03,-5.443491e-02,1.793404e+00,5.299686e+00,8.171059e+00
1.500000e-05,8.493704e-02,1.862335e-02,-1.695821e-02,3.901610e+00,8.723940e+00,1.225745e+01
2.000000e-05,1.084038e-01,4.509877e-02,1.972055e-02,6.706283e+00,1.255323e+01,1.634623e+01
2.500000e-05,1.296187e-01,7.082721e-02,5.535748e-02,1.012920e+01,1.671688e+01,2.043859e+01
3.000000e-05,1.486700e-01,9.580211e-02,8.974686e-02,1.409604e+01,2.115106e+01,2.453527e+01
3.500000e-05,1.656385e-01,1.200530e-01,1.226553e-01,1.853606e+01,2.578612e+01,2.863631e+01
4.000000e-05,1.805982e-01,1.436363e-01,1.538902e-01,2.338185e+01,3.055992e+01,3.274142e+01
4.500000e-05,1.936180e-01,1.455585e-01,1.343712e-01,2.856911e+01,3.592001e+01,3.813514e+01
5.000000e-05,2.047623e-01,1.592507e-01,1.539112e-01,3.403645e+01,4.145844e+01,4.353167e+01
5.500000e-05,2.140919e-01,1.719749e-01,1.711640e-01,3.972524e+01,4.712698e+01,4.892840e+01
6.000000e-05,2.216650e-01,1.839693e-01,1.860342e-01,4.557946e+01,5.282778e+01,5.432231e+01
6.500000e-05,2.275376e-01,1.952309e-01,1.984093e-01,5.154561e+01,5.853298e+01,5.971070e+01
7.000000e-05,2.317645e-01,2.056149e-01,2.080786e-01,5.757262e+01,6.415125e+01,6.509016e+01
7.500000e-05,2.343995e-01,2.155464e-01,2.148480e-01,6.361178e+01,6.971155e+01,7.045603e+01
8.000000e-05,2.354962e-01,2.246124e-01,2.187436e-01,6.961667e+01,7.510030e+01,7.580300e+01
8.500000e-05,2.351080e-01,2.364860e-01,2.573193e-01,7.554313e+01,8.005429e+01,8.011978e+01
9.000000e-05,2.332888e-01,2.352666e-01,2.598690e-01,8.134927e+01,8.502692e+01,8.444194e+01
9.500000e-05,2.300934e-01,2.328426e-01,2.588169e-01,8.699539e+01,8.989063e+01,8.876388e+01
1.000000e-04,2.255773e-01,2.297564e-01,2.544320e-01,9.244402e+01,9.468143e+01,9.308463e+01
1.050000e-04,2.197972e-01,2.261082e-01,2.462147e-01,9.765991e+01,9.933169e+01,9.740080e+01
1.100000e-04,2.128112e-01,2.213076e-01,2.343668e-01,1.026100e+02,1.036938e+02,1.017071e+02
1.150000e-04,2.046789e-01,2.161282e-01,2.189596e-01,1.072635e+02,1.079162e+02,1.060001e+02
1.200000e-04,1.954612e-01,2.100170e-01,1.999272e-01,1.115917e+02,1.117951e+02,1.102766e+02
1.250000e-04,1.852206e-01,2.295770e-01,2.769425e-01,1.155685e+02,1.144497e+02,1.118899e+02
1.300000e-04,1.740214e-01,2.170419e-01,2.652560e-01,1.191696e+02,1.169561e+02,1.135068e+02
1.350000e-04,1.619292e-01,2.038199e-01,2.495812e-01,1.223733e+02,1.193151e+02,1.151249e+02
1.400000e-04,1.490111e-01,1.898284e-01,2.300970e-01,1.251600e+02,1.214623e+02,1.167415e+02
1.450000e-04,1.353359e-01,1.748527e-01,2.068996e-01,1.275126e+02,1.232513e+02,1.183542e+02
1.500000e-04,1.209733e-01,1.592146e-01,1.800625e-01,1.294161e+02,1.247349e+02,1.199605e+02
1.550000e-04,1.059945e-01,1.429491e-01,1.495867e-01,1.308579e+02,1.258922e+02,1.215573e+02
1.600000e-04,9.047184e-02,1.261277e-01,1.156004e-01,1.318277e+02,1.267296e+02,1.231403e+02
1.650000e-04,7.447829e-02,1.459996e-01,2.068984e-01,1.323174e+02,1.260134e+02,1.212892e+02
1.700000e-04,5.808774e-02,1.268764e-01,1.843718e-01,1.323214e+02,1.250816e+02,1.194878e+02
1.750000e-04,4.137461e-02,1.071460e-01,1.589902e-01,1.318361e+02,1.239071e+02,1.177206e+02
1.800000e-04,2.441365e-02,8.684495e-02,1.306919e-01,1.308604e+02,1.224590e+02,1.159656e+02
1.850000e-04,7.279780e-03,6.602944e-02,1.000384e-01,1.293954e+02,1.207139e+02,1.142128e+02
1.900000e-04,-9.952156e-03,4.471302e-02,6.673901e-02,1.274441e+02,1.186213e+02,1.124448e+02
1.950000e-04,-2.720761e-02,2.298467e-02,3.156164e-02,1.250121e+02,1.161890e+02,1.106503e+02
2.000000e-04,-4.441257e-02,9.378232e-04,-5.737292e-03,1.221069e+02,1.134540e+02,1.088175e+02
2.050000e-04,-6.149375e-02,1.569823e-02,7.140088e-02,1.187379e+02,1.093180e+02,1.038549e+02
2.100000e-04,-7.837890e-02,-4.607941e-03,4.701128e-02,1.149169e+02,1.049457e+02,9.889672e+01
2.150000e-04,-9.499697e-02,-2.514955e-02,2.067838e-02,1.106572e+02,1.003358e+02,9.394003e+01
2.200000e-04,-1.112784e-01,-4.588217e-02,-7.287103e-03,1.059744e+02,9.548530e+01,8.898612e+01
2.250000e-04,-1.271553e-01,-6.675565e-02,-3.678375e-02,1.008855e+02,9.039603e+01,8.403506e+01
2.300000e-04,-1.425618e-01,-8.772169e-02,-6.752741e-02,9.540964e+01,8.507446e+01,7.908637e+01
2.350000e-04,-1.574341e-01,-1.087341e-01,-9.926775e-02,8.956726e+01,7.953092e+01,7.414070e+01
2.400000e-04,-1.717108e-01,-1.297486e-01,-1.317946e-01,8.338049e+01,7.377863e+01,6.919903e+01
2.450000e-04,-1.853331e-01,-1.157230e-01,-8.779007e-02,7.687291e+01,6.687016e+01,6.223727e+01
2.500000e-04,-1.982451e-01,-1.329579e-01,-1.087850e-01,7.006940e+01,5.983876e+01,5.527323e+01
2.550000e-04,-2.103939e-01,-1.501193e-01,-1.297977e-01,6.299612e+01,5.274443e+01,4.830907e+01
2.600000e-04,-2.217297e-01,-1.671041e-01,-1.505808e-01,5.568035e+01,4.554071e+01,4.134557e+01
2.650000e-04,-2.322061e-01,-1.838953e-01,-1.709146e-01,4.815037e+01,3.828425e+01,3.438236e+01
2.700000e-04,-2.417802e-01,-2.004784e-01,-1.906336e-01,4.043539e+01,3.099589e+01,2.742363e+01
2.750000e-04,-2.504131e-01,-2.166625e-01,-2.094242e-01,3.256537e+01,2.369011e+01,2.047019e+01
2.800000e-04,-2.580693e-01,-2.328466e-01,-2.270771e-01,2.457095e+01,1.638433e+01,1.352335e+01
2.850000e-04,-2.647176e-01,-2.365423e-01,-2.288228e-01,1.648330e+01,8.873829e+00,6.207179e+00
2.900000e-04,-2.703308e-01,-2.439249e-01,-2.408355e-01,8.333965e+00,1.245100e+00,-1.112484e+00
2.950000e-04,-2.748857e-01,-2.507902e-01,-2.509945e-01,1.548016e-01,-6.429162e+00,-8.432667e+00
3.000000e-04,-2.783636e-01,-2.571117e-01,-2.591373e-01,-8.022202e+00,-1.412081e+01,-1.575117e+01
3.050000e-04,-2.807500e-01,-2.627072e-01,-2.650678e-01,-1.616504e+01,-2.176725e+01,-2.306545e+01
3.100000e-04,-2.820349e-01,-2.677353e-01,-2.686301e-01,-2.424180e+01,-2.933447e+01,-3.037257e+01
3.150000e-04,-2.822126e-01,-2.721414e-01,-2.696719e-01,-3.222084e+01,-3.677683e+01,-3.766906e+01
3.200000e-04,-2.812817e-01,-2.760025e-01,-2.680628e-01,-4.007085e+01,-4.407923e+01,-4.495106e+01
3.250000e-04,-2.792455e-01,-2.911034e-01,-3.152916e-01,-4.776103e+01,-5.074385e+01,-5.084295e+01
3.300000e-04,-2.761117e-01,-2.881064e-01,-3.151795e-01,-5.526119e+01,-5.736339e+01,-5.674010e+01
3.350000e-04,-2.718920e-01,-2.845059e-01,-3.117150e-01,-6.254188e+01,-6.392677e+01,-6.263729e+01
3.400000e-04,-2.666028e-01,-2.798957e-01,-3.050855e-01,-6.957448e+01,-7.029224e+01,-6.853250e+01
3.450000e-04,-2.602648e-01,-2.747457e-01,-2.949477e-01,-7.633138e+01,-7.651444e+01,-7.442285e+01
3.500000e-04,-2.529024e-01,-2.687742e-01,-2.812867e-01,-8.278600e+01,-8.249356e+01,-8.030231e+01
3.550000e-04,-2.445446e-01,-2.619257e-01,-2.641681e-01,-8.891297e+01,-8.812236e+01,-8.616629e+01
3.600000e-04,-2.352241e-01,-2.546784e-01,-2.436498e-01,-9.468819e+01,-9.358043e+01,-9.201039e+01
3.650000e-04,-2.249775e-01,-2.759293e-01,-3.225300e-01,-1.000890e+02,-9.768716e+01,-9.506344e+01
3.700000e-04,-2.138449e-01,-2.631706e-01,-3.079373e-01,-1.050940e+02,-1.016598e+02,-9.819205e+01
3.750000e-04,-2.018701e-01,-2.495812e-01,-2.905853e-01,-1.096837e+02,-1.054384e+02,-1.013557e+02
3.800000e-04,-1.891003e-01,-2.351711e-01,-2.699426e-01,-1.138400e+02,-1.089701e+02,-1.045197e+02
3.850000e-04,-1.755856e-01,-2.199848e-01,-2.467064e-01,-1.175464e+02,-1.122099e+02,-1.076517e+02
3.900000e-04,-1.613793e-01,-2.040670e-01,-2.208575e-01,-1.207885e+02,-1.151197e+02,-1.107270e+02
3.950000e-04,-1.465373e-01,-1.874606e-01,-1.922533e-01,-1.235535e+02,-1.176670e+02,-1.137148e+02
4.000000e-04,-1.311180e-01,-1.702027e-01,-1.615487e-01,-1.258305e+02,-1.198222e+02,-1.165911e+02
4.050000e-04,-1.151823e-01,-1.920863e-01,-2.525309e-01,-1.276105e+02,-1.204084e+02,-1.159844e+02
4.100000e-04,-9.879284e-02,-1.726525e-01,-2.298840e-01,-1.288866e+02,-1.207592e+02,-1.154203e+02
4.150000e-04,-8.201432e-02,-1.525675e-01,-2.041464e-01,-1.296538e+02,-1.208502e+02,-1.148788e+02
4.200000e-04,-6.491286e-02,-1.318499e-01,-1.755626e-01,-1.299090e+02,-1.206432e+02,-1.143415e+02
4.250000e-04,-4.755588e-02,-1.105540e-01,-1.443206e-01,-1.296513e+02,-1.201098e+02,-1.137909e+02
4.300000e-04,-3.001182e-02,-8.873560e-02,-1.105320e-01,-1.288818e+02,-1.192286e+02,-1.132103e+02
4.350000e-04,-1.234985e-02,-6.644825e-02,-7.438732e-02,-1.276033e+02,-1.179847e+02,-1.125838e+02
4.400000e-04,5.360372e-03,-4.377563e-02,-3.620941e-02,-1.258212e+02,-1.164000e+02,-1.118973e+02
4.450000e-04,2.304899e-02,-6.112041e-02,-1.224403e-01,-1.235423e+02,-1.132807e+02,-1.077701e+02
4.500000e-04,4.064625e-02,-3.977692e-02,-9.670624e-02,-1.207757e+02,-1.099096e+02,-1.036686e+02
4.550000e-04,5.808273e-02,-1.811353e-02,-6.864852e-02,-1.175323e+02,-1.062850e+02,-9.958800e+01
4.600000e-04,7.528966e-02,3.826792e-03,-3.875732e-02,-1.138250e+02,-1.023983e+02,-9.551824e+01
4.650000e-04,9.219915e-02,2.599440e-02,-6.818395e-03,-1.096683e+02,-9.824606e+01,-9.145885e+01
4.700000e-04,1.087445e-01,4.835783e-02,2.649986e-02,-1.050788e+02,-9.379678e+01,-8.740274e+01
4.750000e-04,1.248605e-01,7.084713e-02,6.136962e-02,-1.000744e+02,-8.908358e+01,-8.334905e+01
4.800000e-04,1.404834e-01,9.341234e-02,9.724918e-02,-9.467504e+01,-8.414231e+01,-7.929383e+01
4.850000e-04,1.555517e-01,6.234698e-02,4.105888e-02,-8.890196e+01,-7.742968e+01,-7.278994e+01
4.900000e-04,1.700060e-01,8.361678e-02,6.402578e-02,-8.277795e+01,-7.070792e+01,-6.628015e+01
4.950000e-04,1.837892e-01,1.050530e-01,8.753601e-02,-7.632721e+01,-6.395771e+01,-5.977024e+01
5.000000e-04,1.968469e-01,1.265038e-01,1.113213e-01,-6.957518e+01,-5.720491e+01,-5.326166e+01
5.050000e-04,2.091275e-01,1.479804e-01,1.351772e-01,-6.254852e+01,-5.041989e+01,-4.675534e+01
5.100000e-04,2.205828e-01,1.694603e-01,1.588390e-01,-5.527497e+01,-4.363100e+01,-4.025285e+01
5.150000e-04,2.311673e-01,1.908058e-01,1.821613e-01,-4.778324e+01,-3.684142e+01,-3.375620e+01
5.200000e-04,2.408395e-01,2.121315e-01,2.048836e-01,-4.010289e+01,-3.005174e+01,-2.726886e+01
5.250000e-04,2.495611e-01,2.099297e-01,1.936071e-01,-3.226424e+01,-2.277809e+01,-1.992888e+01
5.300000e-04,2.572977e-01,2.198087e-01,2.086402e-01,-2.429823e+01,-1.532786e+01,-1.258517e+01
5.350000e-04,2.640188e-01,2.292087e-01,2.222341e-01,-1.623630e+01,-7.777739e+00,-5.241928e+00
5.400000e-04,2.696979e-01,2.380619e-01,2.342189e-01,-8.110267e+00,-1.591898e-01,2.100842e+00
5.450000e-04,2.743125e-01,2.463479e-01,2.443916e-01,4.779366e-02,7.481531e+00,9.440379e+00
5.500000e-04,2.778445e-01,2.540688e-01,2.525607e-01,8.205685e+00,1.510107e+01,1.677459e+01
5.550000e-04,2.802799e-01,2.611565e-01,2.585417e-01,1.633121e+01,2.264898e+01,2.410068e+01
5.600000e-04,2.816091e-01,2.677249e-01,2.621817e-01,2.439230e+01,3.010379e+01,3.141581e+01
5.650000e-04,2.818269e-01,2.808473e-01,2.981278e-01,3.235714e+01,3.712902e+01,3.779051e+01
5.700000e-04,2.809325e-01,2.809055e-01,3.013614e-01,4.019429e+01,4.415952e+01,4.416979e+01
5.750000e-04,2.789292e-01,2.797673e-01,3.015902e-01,4.787283e+01,5.107547e+01,5.055006e+01
5.800000e-04,2.758252e-01,2.785913e-01,2.987400e-01,5.536244e+01,5.798774e+01,5.692797e+01
5.850000e-04,2.716325e-01,2.761027e-01,2.927286e-01,6.263358e+01,6.461136e+01,6.329982e+01
5.900000e-04,2.663679e-01,2.733331e-01,2.834719e-01,6.965753e+01,7.114309e+01,6.966133e+01
5.950000e-04,2.600519e-01,2.696072e-01,2.708992e-01,7.640659e+01,7.736151e+01,7.600781e+01
6.000000e-04,2.527097e-01,2.653960e-01,2.550161e-01,8.285412e+01,8.337606e+01,8.233385e+01
6.050000e-04,2.443701e-01,2.852957e-01,3.291812e-01,8.897466e+01,8.821252e+01,8.615611e+01
6.100000e-04,2.350661e-01,2.747728e-01,3.198983e-01,9.474407e+01,9.292620e+01,8.998404e+01
6.150000e-04,2.248343e-01,2.635376e-01,3.066769e-01,1.001396e+02,9.749149e+01,9.381203e+01
6.200000e-04,2.137152e-01,2.515436e-01,2.898242e-01,1.051399e+02,1.018568e+02,9.763837e+01
6.250000e-04,2.017527e-01,2.386643e-01,2.691213e-01,1.097252e+02,1.059291e+02,1.014607e+02
6.300000e-04,1.889939e-01,2.249432e-01,2.445671e-01,1.138776e+02,1.096447e+02,1.052731e+02
6.350000e-04,1.754893e-01,2.105504e-01,2.163435e-01,1.175805e+02,1.130247e+02,1.090714e+02
6.400000e-04,1.612920e-01,1.956235e-01,1.845997e-01,1.208194e+02,1.161140e+02,1.128514e+02
6.450000e-04,1.464582e-01,2.177460e-01,2.790037e-01,1.235814e+02,1.176075e+02,1.131541e+02
6.500000e-04,1.310464e-01,1.995225e-01,2.580103e-01,1.258558e+02,1.188543e+02,1.135096e+02
6.550000e-04,1.151175e-01,1.807842e-01,2.337645e-01,1.276334e+02,1.199308e+02,1.138942e+02
6.600000e-04,9.873415e-02,1.612371e-01,2.065099e-01,1.289074e+02,1.206635e+02,1.142904e+02
6.650000e-04,8.196117e-02,1.410372e-01,1.761354e-01,1.296726e+02,1.210521e+02,1.146794e+02
6.700000e-04,6.486473e-02,1.203444e-01,1.430164e-01,1.299261e+02,1.211474e+02,1.150420e+02
6.750000e-04,4.751229e-02,9.912284e-02,1.073915e-01,1.296668e+02,1.208952e+02,1.153622e+02
6.800000e-04,2.997233e-02,7.737592e-02,6.946321e-02,1.288957e+02,1.202302e+02,1.156256e+02
6.850000e-04,1.231409e-02,9.630702e-02,1.602624e-01,1.276160e+02,1.179926e+02,1.123234e+02
6.900000e-04,-5.392759e-03,7.497955e-02,1.347072e-01,1.258326e+02,1.155075e+02,1.090470e+02
6.950000e-04,-2.307833e-02,5.322100e-02,1.066886e-01,1.235526e+02,1.127500e+02,1.057914e+02
7.000000e-04,-4.067282e-02,3.108370e-02,7.621520e-02,1.207851e+02,1.097097e+02,1.025448e+02
7.050000e-04,-5.810679e-02,8.622418e-03,4.371643e-02,1.175408e+02,1.063770e+02,9.930512e+01
7.100000e-04,-7.531145e-02,-1.410952e-02,9.144287e-03,1.138327e+02,1.027478e+02,9.606281e+01
7.150000e-04,-9.221889e-02,-3.706091e-02,-2.696381e-02,1.096753e+02,9.882316e+01,9.281498e+01
7.200000e-04,-1.087624e-01,-6.017092e-02,-6.469330e-02,1.050851e+02,9.463753e+01,8.955532e+01
7.250000e-04,-1.248766e-01,-4.914712e-02,7.942516e-04,1.000801e+02,8.921141e+01,8.352737e+01
7.300000e-04,-1.404981e-01,-6.842153e-02,-2.327898e-02,9.468022e+01,8.355175e+01,7.749654e+01
7.350000e-04,-1.555650e-01,-8.770938e-02,-4.844296e-02,8.890665e+01,7.768279e+01,7.146599e+01
7.400000e-04,-1.700180e-01,-1.069672e-01,-7.438345e-02,8.278220e+01,7.160962e+01,6.543643e+01
7.450000e-04,-1.838001e-01,-1.261520e-01,-1.009448e-01,7.633106e+01,6.534838e+01,5.941121e+01
7.500000e-04,-1.968567e-01,-1.452235e-01,-1.277954e-01,6.957867e+01,5.891817e+01,5.339096e+01
7.550000e-04,-2.091365e-01,-1.641432e-01,-1.547817e-01,6.255168e+01,5.234062e+01,4.737783e+01
7.600000e-04,-2.205908e-01,-1.829106e-01,-1.816756e-01,5.527783e+01,4.565245e+01,4.137475e+01
7.650000e-04,-2.311747e-01,-1.825137e-01,-1.583826e-01,4.778583e+01,3.838634e+01,3.408204e+01
7.700000e-04,-2.408461e-01,-1.949486e-01,-1.759324e-01,4.010523e+01,3.096537e+01,2.678569e+01
7.750000e-04,-2.495671e-01,-2.069986e-01,-1.924695e-01,3.226636e+01,2.343194e+01,1.948956e+01
7.800000e-04,-2.573031e-01,-2.186151e-01,-2.078600e-01,2.430015e+01,1.582347e+01,1.219443e+01
7.850000e-04,-2.640237e-01,-2.297767e-01,-2.218770e-01,1.623804e+01,8.178317e+00,4.901003e+00
7.900000e-04,-2.697023e-01,-2.404642e-01,-2.342406e-01,8.111845e+00,5.375822e-01,-2.388591e+00
7.950000e-04,-2.743165e-01,-2.507108e-01,-2.448401e-01,-4.636472e-02,-7.076797e+00,-9.671660e+00
8.000000e-04,-2.778481e-01,-2.604343e-01,-2.534287e-01,-8.204391e+00,-1.461560e+01,-1.694743e+01
8.050000e-04,-2.802832e-01,-2.707423e-01,-2.779580e-01,-1.633004e+01,-2.193009e+01,-2.372866e+01
8.100000e-04,-2.816121e-01,-2.731736e-01,-2.843156e-01,-2.439124e+01,-2.927826e+01,-3.051402e+01
8.150000e-04,-2.818296e-01,-2.749904e-01,-2.880227e-01,-3.235618e+01,-3.660277e+01,-3.730023e+01
8.200000e-04,-2.809349e-01,-2.761472e-01,-2.890110e-01,-4.019342e+01,-4.386648e+01,-4.408399e+01
8.250000e-04,-2.789315e-01,-2.766057e-01,-2.870838e-01,-4.787204e+01,-5.102283e+01,-5.086194e+01
8.300000e-04,-2.758272e-01,-2.761915e-01,-2.821982e-01,-5.536173e+01,-5.796997e+01,-5.762964e+01
8.350000e-04,-2.716344e-01,-2.751185e-01,-2.741953e-01,-6.263293e+01,-6.470679e+01,-6.438274e+01
8.400000e-04,-2.663695e-01,-2.735306e-01,-2.630575e-01,-6.965695e+01,-7.125866e+01,-7.111590e+01
8.450000e-04,-2.600534e-01,-2.921279e-01,-3.289964e-01,-7.640606e+01,-7.680829e+01,-7.569312e+01
8.500000e-04,-2.527111e-01,-2.841190e-01,-3.227592e-01,-8.285364e+01,-8.227677e+01,-8.027603e+01
8.550000e-04,-2.443713e-01,-2.752795e-01,-3.127283e-01,-8.897422e+01,-8.760405e+01,-8.485961e+01
8.600000e-04,-2.350672e-01,-2.655899e-01,-2.990440e-01,-9.474367e+01,-9.273005e+01,-8.944089e+01
8.650000e-04,-2.248353e-01,-2.550746e-01,-2.817232e-01,-1.001392e+02,-9.759960e+01,-9.401691e+01
8.700000e-04,-2.137161e-01,-2.437777e-01,-2.606623e-01,-1.051395e+02,-1.021693e+02,-9.858376e+01
8.750000e-04,-2.017535e-01,-2.317368e-01,-2.358015e-01,-1.097249e+02,-1.064007e+02,-1.031361e+02
8.800000e-04,-1.889947e-01,-2.190039e-01,-2.073526e-01,-1.138773e+02,-1.102709e+02,-1.076681e+02
8.850000e-04,-1.754900e-01,-2.415055e-01,-2.988739e-01,-1.175802e+02,-1.126720e+02,-1.089087e+02
8.900000e-04,-1.612927e-01,-2.248826e-01,-2.815087e-01,-1.208191e+02,-1.148889e+02,-1.101520e+02
8.950000e-04,-1.464588e-01,-2.074872e-01,-2.604724e-01,-1.235812e+02,-1.168738e+02,-1.113956e+02
9.000000e-04,-1.310470e-01,-1.893388e-01,-2.353694e-01,-1.258556e+02,-1.185804e+02,-1.126391e+02
9.050000e-04,-1.151179e-01,-1.704897e-01,-2.069877e-01,-1.276333e+02,-1.199709e+02,-1.138793e+02
9.100000e-04,-9.873456e-02,-1.509915e-01,-1.746708e-01,-1.289072e+02,-1.210143e+02,-1.151153e+02
9.150000e-04,-8.196154e-02,-1.308939e-01,-1.391968e-01,-1.296725e+02,-1.216860e+02,-1.163409e+02
9.200000e-04,-6.486507e-02,-1.102664e-01,-1.003152e-01,-1.299259e+02,-1.219838e+02,-1.175572e+02
9.250000e-04,-4.751259e-02,-1.304917e-01,-1.973962e-01,-1.296666e+02,-1.206810e+02,-1.150665e+02
9.300000e-04,-2.997261e-02,-1.094711e-01,-1.720406e-01,-1.288956e+02,-1.191164e+02,-1.126292e+02
9.350000e-04,-1.231434e-02,-8.794365e-02,-1.438750e-01,-1.276159e+02,-1.172925e+02,-1.102292e+02
9.400000e-04,5.392531e-03,-6.595637e-02,-1.131679e-01,-1.258325e+02,-1.151880e+02,-1.078540e+02
9.450000e-04,2.307812e-02,-4.352647e-02,-8.009365e-02,-1.235526e+02,-1.127573e+02,-1.054912e+02
9.500000e-04,4.067263e-02,-2.072570e-02,-4.475226e-02,-1.207850e+02,-1.099981e+02,-1.031282e+02
9.550000e-04,5.810662e-02,2.370425e-03,-7.500773e-03,-1.175408e+02,-1.069274e+02,-1.007544e+02
9.600000e-04,7.531129e-02,2.571064e-02,3.141331e-02,-1.138326e+02,-1.035538e+02,-9.836090e+01
9.650000e-04,9.221875e-02,-1.389232e-02,-4.272497e-02,-1.096752e+02,-9.803526e+01,-9.291351e+01
9.700000e-04,1.087623e-01,1.029633e-02,-1.776474e-02,-1.050850e+02,-9.251011e+01,-8.746211e+01
9.750000e-04,1.248765e-01,3.474504e-02,8.642643e-03,-1.000801e+02,-8.697058e+01,-8.201171e+01
9.800000e-04,1.404980e-01,5.982467e-02,3.642552e-02,-9.468018e+01,-8.130884e+01,-7.656317e+01
9.850000e-04,1.555649e-01,8.490676e-02,6.515162e-02,-8.890662e+01,-7.564661e+01,-7.111876e+01
9.900000e-04,1.700179e-01,1.100184e-01,9.477343e-02,-8.278217e+01,-6.997024e+01,-6.567893e+01
9.950000e-04,1.838000e-01,1.354558e-01,1.249260e-01,-7.633103e+01,-6.413812e+01,-6.024553e+01
1.000000e-03,1.968566e-01,1.608933e-01,1.554758e-01,-6.957864e+01,-5.830601e+01,-5.482039e+01
1.005000e-03,2.091364e-01,1.523095e-01,1.208996e-01,-6.255166e+01,-5.154595e+01,-4.769323e+01
1.010000e-03,2.205908e-01,1.665002e-01,1.406083e-01,-5.527781e+01,-4.456022e+01,-4.056534e+01
1.015000e-03,2.311746e-01,1.803781e-01,1.598856e-01,-4.778581e+01,-3.741085e+01,-3.343642e+01
1.020000e-03,2.408461e-01,1.938817e-01,1.784276e-01,-4.010522e+01,-3.011746e+01,-2.630797e+01
1.025000e-03,2.495671e-01,2.069789e-01,1.959418e-01,-3.226635e+01,-2.271807e+01,-1.917923e+01
1.030000e-03,2.573031e-01,2.196491e-01,2.123981e-01,-2.430014e+01,-1.525022e+01,-1.205140e+01
1.035000e-03,2.640237e-01,2.318148e-01,2.273380e-01,-1.623803e+01,-7.754599e+00,-4.926146e+00
1.040000e-03,2.697023e-01,2.436772e-01,2.405888e-01,-8.111834e+00,-2.560317e-01,2.199501e+00
1.045000e-03,2.743165e-01,2.521975e-01,2.536480e-01,4.637480e-02,7.210774e+00,9.276076e+00
1.050000e-03,2.778481e-01,2.575743e-01,2.630786e-01,8.204400e+00,1.474554e+01,1.635542e+01
1.055000e-03,2.802832e-01,2.620730e-01,2.702584e-01,1.633005e+01,2.227228e+01,2.343537e+01
1.060000e-03,2.816121e-01,2.663067e-01,2.750172e-01,2.439125e+01,2.978428e+01,3.051364e+01
1.065000e-03,2.818296e-01,2.696168e-01,2.772017e-01,3.235618e+01,3.718251e+01,3.758746e+01
1.070000e-03,2.809349e-01,2.724020e-01,2.766484e-01,4.019343e+01,4.446225e+01,4.465361e+01
1.075000e-03,2.789315e-01,2.746161e-01,2.732160e-01,4.787204e+01,5.160203e+01,5.170864e+01
1.080000e-03,2.758272e-01,2.761221e-01,2.668706e-01,5.536173e+01,5.852009e+01,5.874832e+01
1.085000e-03,2.716344e-01,2.927392e-01,3.237096e-01,6.263293e+01,6.464295e+01,6.401065e+01
1.090000e-03,2.663695e-01,2.872505e-01,3.205747e-01,6.965695e+01,7.070276e+01,6.927843e+01
1.095000e-03,2.600534e-01,2.810084e-01,3.139004e-01,7.640607e+01,7.665277e+01,7.454546e+01
1.100000e-03,2.527110e-01,2.739686e-01,3.037906e-01,8.285364e+01,8.243697e+01,7.981250e+01
1.105000e-03,2.443713e-01,2.661341e-01,2.899060e-01,8.897423e+01,8.800538e+01,8.507305e+01
1.110000e-03,2.350672e-01,2.575312e-01,2.725053e-01,9.474368e+01,9.331367e+01,9.032264e+01
1.115000e-03,2.248353e-01,2.481462e-01,2.515915e-01,1.001392e+02,9.830214e+01,9.555878e+01
1.120000e-03,2.137161e-01,2.380426e-01,2.268899e-01,1.051395e+02,1.029430e+02,1.007737e+02
1.125000e-03,2.017535e-01,2.600891e-01,3.138466e-01,1.097249e+02,1.062123e+02,1.029142e+02
1.130000e-03,1.889947e-01,2.453579e-01,2.989354e-01,1.138773e+02,1.093274e+02,1.050596e+02
1.135000e-03,1.754899e-01,2.298038e-01,2.802585e-01,1.175802e+02,1.122257e+02,1.072067e+02
1.140000e-03,1.612926e-01,2.134359e-01,2.575243e-01,1.208191e+02,1.148527e+02,1.093493e+02
1.145000e-03,1.464588e-01,1.963179e-01,2.312522e-01,1.235812e+02,1.171694e+02,1.114925e+02
1.150000e-03,1.310469e-01,1.784992e-01,2.011679e-01,1.258556e+02,1.191404e+02,1.136232e+02
1.155000e-03,1.151179e-01,1.600274e-01,1.676819e-01,1.276333e+02,1.207366e+02,1.157461e+02
1.160000e-03,9.873456e-02,1.410026e-01,1.306488e-01,1.289072e+02,1.219745e+02,1.178503e+02
1.165000e-03,8.196154e-02,1.621916e-01,2.282630e-01,1.296725e+02,1.216024e+02,1.162703e+02
1.170000e-03,6.486506e-02,1.417804e-01,2.039719e-01,1.299259e+02,1.209652e+02,1.147449e+02
1.175000e-03,4.751259e-02,1.208246e-01,1.767472e-01,1.296666e+02,1.200770e+02,1.132545e+02
1.180000e-03,2.997261e-02,9.932920e-02,1.467363e-01,1.288956e+02,1.188963e+02,1.117854e+02
1.185000e-03,1.231434e-02,7.733729e-02,1.139587e-01,1.276159e+02,1.174008e+02,1.103208e+02
1.190000e-03,-5.392532e-03,5.490186e-02,7.886721e-02,1.258325e+02,1.155749e+02,1.088467e+02
1.195000e-03,-2.307812e-02,3.207475e-02,4.166617e-02,1.235526e+02,1.134084e+02,1.073514e+02
1.200000e-03,-4.067263e-02,8.916463e-03,2.420526e-03,1.207850e+02,1.109098e+02,1.058232e+02
1.205000e-03,-5.810662e-02,2.436885e-02,8.314902e-02,1.175408e+02,1.069480e+02,1.010259e+02
1.210000e-03,-7.531129e-02,3.381384e-03,5.776712e-02,1.138326e+02,1.027225e+02,9.623067e+01
1.215000e-03,-9.221875e-02,-1.780384e-02,3.048562e-02,1.096752e+02,9.827018e+01,9.143864e+01
1.220000e-03,-1.087623e-01,-3.916140e-02,1.475379e-03,1.050850e+02,9.357545e+01,8.664734e+01
1.225000e-03,-1.248765e-01,-6.065056e-02,-2.902877e-02,1.000801e+02,8.864040e+01,8.186126e+01
1.230000e-03,-1.404980e-01,-8.222803e-02,-6.076315e-02,9.468018e+01,8.347074e+01,7.707704e+01
1.235000e-03,-1.555649e-01,-1.038488e-01,-9.354115e-02,8.890662e+01,7.803548e+01,7.229808e+01
1.240000e-03,-1.700179e-01,-1.254646e-01,-1.271040e-01,8.278217e+01,7.241581e+01,6.752310e+01
1.245000e-03,-1.838000e-01,-1.195792e-01,-8.122627e-02,7.633103e+01,6.586419e+01,6.065505e+01
1.250000e-03,-1.968566e-01,-1.359512e-01,-1.028183e-01,6.957864e+01,5.911238e+01,5.378334e+01
1.255000e-03,-2.091364e-01,-1.521303e-01,-1.243952e-01,6.255166e+01,5.219384e+01,4.691221e+01
1.260000e-03,-2.205908e-01,-1.680743e-01,-1.457110e-01,5.527781e+01,4.513371e+01,4.004141e+01
1.265000e-03,-2.311746e-01,-1.837533e-01,-1.666620e-01,4.778581e+01,3.795834e+01,3.317219e+01
1.270000e-03,-2.408461e-01,-1.991396e-01,-1.869162e-01,4.010522e+01,3.069521e+01,2.630700e+01
1.275000e-03,-2.495671e-01,-2.140349e-01,-2.062636e-01,3.226635e+01,2.336417e+01,1.944669e+01
1.280000e-03,-2.573031e-01,-2.288308e-01,-2.244187e-01,2.430014e+01,1.602462e+01,1.259157e+01
1.285000e-03,-2.640237e-01,-2.339614e-01,-2.251801e-01,1.623803e+01,8.494011e+00,5.326675e+00
1.290000e-03,-2.697023e-01,-2.417512e-01,-2.374940e-01,8.111834e+00,8.704980e-01,-1.941846e+00
1.295000e-03,-2.743165e-01,-2.489184e-01,-2.479730e-01,-4.637473e-02,-6.807244e+00,-9.210714e+00
1.300000e-03,-2.778481e-01,-2.553807e-01,-2.564259e-01,-8.204400e+00,-1.447752e+01,-1.647793e+01
1.305000e-03,-2.802832e-01,-2.613404e-01,-2.626645e-01,-1.633005e+01,-2.210409e+01,-2.374088e+01
1.310000e-03,-2.816121e-01,-2.666956e-01,-2.665356e-01,-2.439125e+01,-2.964460e+01,-3.099656e+01
1.315000e-03,-2.818296e-01,-2.714481e-01,-2.678910e-01,-3.235618e+01,-3.705927e+01,-3.824147e+01
1.320000e-03,-2.809349e-01,-2.756498e-01,-2.665964e-01,-4.019343e+01,-4.432890e+01,-4.547175e+01
1.325000e-03,-2.789315e-01,-2.904080e-01,-3.132706e-01,-4.787204e+01,-5.097133e+01,-5.133468e+01
1.330000e-03,-2.758272e-01,-2.874502e-01,-3.133398e-01,-5.536173e+01,-5.757327e+01,-5.720275e+01
1.335000e-03,-2.716344e-01,-2.838950e-01,-3.100662e-01,-6.263293e+01,-6.411053e+01,-6.307150e+01
1.340000e-03,-2.663695e-01,-2.794963e-01,-3.034954e-01,-6.965695e+01,-7.050759e+01,-6.893772e+01
1.345000e-03,-2.600534e-01,-2.741974e-01,-2.935884e-01,-7.640607e+01,-7.667265e+01,-7.479819e+01
1.350000e-03,-2.527110e-01,-2.682458e-01,-2.802294e-01,-8.285364e+01,-8.262582e+01,-8.064890e+01
1.355000e-03,-2.443713e-01,-2.616584e-01,-2.632538e-01,-8.897423e+01,-8.835075e+01,-8.648452e+01
1.360000e-03,-2.350672e-01,-2.542422e-01,-2.428185e-01,-9.474368e+01,-9.371163e+01,-9.229884e+01
1.365000e-03,-2.248353e-01,-2.755009e-01,-3.211670e-01,-1.001392e+02,-9.780960e+01,-9.534320e+01
1.370000e-03,-2.137161e-01,-2.627309e-01,-3.067235e-01,-1.051395e+02,-1.017678e+02,-9.846101e+01
1.375000e-03,-2.017535e-01,-2.491676e-01,-2.892514e-01,-1.097249e+02,-1.055369e+02,-1.016157e+02
1.380000e-03,-1.889947e-01,-2.347892e-01,-2.689273e-01,-1.138773e+02,-1.090577e+02,-1.047645e+02
1.385000e-03,-1.754899e-01,-2.196282e-01,-2.458418e-01,-1.175802e+02,-1.122838e+02,-1.078854e+02
1.390000e-03,-1.612926e-01,-2.037291e-01,-2.200191e-01,-1.208191e+02,-1.151758e+02,-1.109409e+02
1.395000e-03,-1.464588e-01,-1.871358e-01,-1.918778e-01,-1.235812e+02,-1.177009e+02,-1.139109e+02
1.400000e-03,-1.310469e-01,-1.699786e-01,-1.611545e-01,-1.258556e+02,-1.198904e+02,-1.167660e+02
1.405000e-03,-1.151179e-01,-1.918535e-01,-2.517028e-01,-1.276333e+02,-1.204734e+02,-1.161529e+02
1.410000e-03,-9.873456e-02,-1.724493e-01,-2.291050e-01,-1.289072e+02,-1.208233e+02,-1.155826e+02
1.415000e-03,-8.196154e-02,-1.523784e-01,-2.034498e-01,-1.296725e+02,-1.209087e+02,-1.150340e+02
1.420000e-03,-6.486506e-02,-1.316740e-01,-1.749834e-01,-1.299259e+02,-1.206961e+02,-1.144889e+02
1.425000e-03,-4.751259e-02,-1.103922e-01,-1.438038e-01,-1.296666e+02,-1.201573e+02,-1.139299e+02
1.430000e-03,-2.997261e-02,-8.858872e-02,-1.100422e-01,-1.288956e+02,-1.192712e+02,-1.133392e+02
1.435000e-03,-1.231434e-02,-6.631689e-02,-7.402027e-02,-1.276159e+02,-1.180228e+02,-1.127015e+02
1.440000e-03,5.392532e-03,-4.366182e-02,-3.597589e-02,-1.258325e+02,-1.164375e+02,-1.120035e+02
1.445000e-03,2.307812e-02,-6.099694e-02,-1.220192e-01,-1.235526e+02,-1.133171e+02,-1.078700e+02
1.450000e-03,4.067263e-02,-3.965345e-02,-9.627318e-02,-1.207850e+02,-1.099414e+02,-1.037627e+02
1.455000e-03,5.810662e-02,-1.799662e-02,-6.841520e-02,-1.175408e+02,-1.063115e+02,-9.967391e+01
1.460000e-03,7.531129e-02,3.939815e-03,-3.839114e-02,-1.138326e+02,-1.024123e+02,-9.559949e+01
1.465000e-03,9.221875e-02,2.610542e-02,-6.574751e-03,-1.096752e+02,-9.824033e+01,-9.153298e+01
1.470000e-03,1.087623e-01,4.844894e-02,2.675788e-02,-1.050850e+02,-9.379755e+01,-8.747151e+01
1.475000e-03,1.248765e-01,7.092111e-02,6.153112e-02,-1.000801e+02,-8.909030e+01,-8.341186e+01
1.480000e-03,1.404980e-01,9.347228e-02,9.742745e-02,-9.468018e+01,-8.416262e+01,-7.935060e+01
1.485000e-03,1.555649e-01,8.493445e-02,4.119674e-02,-8.890662e+01,-7.813106e+01,-7.284080e+01
1.490000e-03,1.700179e-01,1.029058e-01,6.409104e-02,-8.278217e+01,-7.188244e+01,-6.632475e+01
1.495000e-03,1.838000e-01,1.207894e-01,8.755958e-02,-7.633103e+01,-6.543968e+01,-5.980874e+01
1.500000e-03,1.968566e-01,1.385367e-01,1.113409e-01,-6.957864e+01,-5.882071e+01,-5.329405e+01
1.505000e-03,2.091364e-01,1.561093e-01,1.352077e-01,-6.255166e+01,-5.204796e+01,-4.678293e+01
1.510000e-03,2.205908e-01,1.734721e-01,1.589043e-01,-5.527781e+01,-4.514596e+01,-4.027718e+01
1.515000e-03,2.311746e-01,1.905913e-01,1.822467e-01,-4.778581e+01,-3.814111e+01,-3.377833e+01
1.520000e-03,2.408461e-01,2.074725e-01,2.050187e-01,-4.010522e+01,-3.106606e+01,-2.729055e+01
1.525000e-03,2.495671e-01,2.098255e-01,1.936835e-01,-3.226635e+01,-2.360748e+01,-1.994963e+01
1.530000e-03,2.573031e-01,2.200142e-01,2.086995e-01,-2.430014e+01,-1.602596e+01,-1.260481e+01
1.535000e-03,2.640237e-01,2.297393e-01,2.222979e-01,-1.623803e+01,-8.365136e+00,-5.259870e+00
1.540000e-03,2.697023e-01,2.389016e-01,2.342899e-01,-8.111834e+00,-6.614598e-01,2.083785e+00
1.545000e-03,2.743165e-01,2.475571e-01,2.444449e-01,4.637473e-02,7.040231e+00,9.424562e+00
1.550000e-03,2.778481e-01,2.556401e-01,2.526049e-01,8.204400e+00,1.469590e+01,1.676001e+01
1.555000e-03,2.802832e-01,2.631711e-01,2.585787e-01,1.633005e+01,2.226616e+01,2.408751e+01
1.560000e-03,2.816121e-01,2.701680e-01,2.622178e-01,2.439125e+01,2.972128e+01,3.140382e+01
1.565000e-03,2.818296e-01,2.826214e-01,2.981696e-01,3.235618e+01,3.675761e+01,3.777931e+01
1.570000e-03,2.809349e-01,2.823656e-01,3.013977e-01,4.019343e+01,4.378594e+01,4.415942e+01
1.575000e-03,2.789315e-01,2.814677e-01,3.016116e-01,4.787204e+01,5.077550e+01,5.054047e+01
1.580000e-03,2.758272e-01,2.796940e-01,2.987510e-01,5.536173e+01,5.762091e+01,5.691909e+01
1.585000e-03,2.716344e-01,2.774704e-01,2.927372e-01,6.263293e+01,6.437659e+01,6.329164e+01
1.590000e-03,2.663695e-01,2.741827e-01,2.834868e-01,6.965695e+01,7.084453e+01,6.965388e+01
1.595000e-03,2.600534e-01,2.703407e-01,2.709288e-01,7.640607e+01,7.710492e+01,7.600116e+01
1.600000e-03,2.527110e-01,2.659254e-01,2.550410e-01,8.285364e+01,8.314909e+01,8.232841e+01
1.605000e-03,2.443713e-01,2.859953e-01,3.292092e-01,8.897423e+01,8.800083e+01,8.615084e+01
1.610000e-03,2.350672e-01,2.754105e-01,3.199273e-01,9.474368e+01,9.272715e+01,8.997889e+01
1.615000e-03,2.248353e-01,2.641476e-01,3.067057e-01,1.001392e+02,9.731207e+01,9.380711e+01
1.620000e-03,2.137161e-01,2.521612e-01,2.898229e-01,1.051395e+02,1.017114e+02,9.763354e+01
1.625000e-03,2.017535e-01,2.391118e-01,2.691563e-01,1.097249e+02,1.057468e+02,1.014559e+02
1.630000e-03,1.889947e-01,2.253833e-01,2.446005e-01,1.138773e+02,1.094835e+02,1.052686e+02
1.635000e-03,1.754899e-01,2.110059e-01,2.163626e-01,1.175802e+02,1.129029e+02,1.090673e+02
1.640000e-03,1.612926e-01,1.960152e-01,1.846033e-01,1.208191e+02,1.159922e+02,1.128474e+02
1.645000e-03,1.464588e-01,2.181661e-01,2.790072e-01,1.235812e+02,1.174973e+02,1.131508e+02
1.650000e-03,1.310469e-01,2.000355e-01,2.580194e-01,1.258556e+02,1.187916e+02,1.135068e+02
1.655000e-03,1.151179e-01,1.811880e-01,2.337587e-01,1.276333e+02,1.198385e+02,1.138920e+02
1.660000e-03,9.873456e-02,1.616504e-01,2.064662e-01,1.289072e+02,1.205979e+02,1.142883e+02
1.665000e-03,8.196154e-02,1.414758e-01,1.761699e-01,1.296725e+02,1.210375e+02,1.146775e+02
1.670000e-03,6.486506e-02,1.207165e-01,1.430401e-01,1.299259e+02,1.211315e+02,1.150405e+02
1.675000e-03,4.751259e-02,9.939850e-02,1.073934e-01,1.296666e+02,1.208409e+02,1.153609e+02
1.680000e-03,2.997261e-02,7.759716e-02,6.947051e-02,1.288956e+02,1.201692e+02,1.156236e+02
1.685000e-03,1.231434e-02,9.650105e-02,1.602666e-01,1.276159e+02,1.179227e+02,1.123219e+02
1.690000e-03,-5.392532e-03,7.508276e-02,1.347307e-01,1.258325e+02,1.153934e+02,1.090464e+02
1.695000e-03,-2.307812e-02,5.337040e-02,1.066591e-01,1.235526e+02,1.126943e+02,1.057890e+02
1.700000e-03,-4.067263e-02,3.115776e-02,7.630503e-02,1.207850e+02,1.095996e+02,1.025437e+02
1.705000e-03,-5.810662e-02,8.725729e-03,4.368862e-02,1.175408e+02,1.062944e+02,9.930384e+01
1.710000e-03,-7.531129e-02,-1.398766e-02,9.163134e-03,1.138326e+02,1.027050e+02,9.606227e+01
1.715000e-03,-9.221875e-02,-3.697796e-02,-2.703052e-02,1.096752e+02,9.873232e+01,9.281411e+01
1.720000e-03,-1.087623e-01,-6.006824e-02,-6.468502e-02,1.050850e+02,9.460486e+01,8.955529e+01
1.725000e-03,-1.248765e-01,-4.903899e-02,7.868848e-04,1.000801e+02,8.917622e+01,8.352739e+01
1.730000e-03,-1.404980e-01,-6.832065e-02,-2.330035e-02,9.468018e+01,8.350096e+01,7.749667e+01
1.735000e-03,-1.555649e-01,-8.760755e-02,-4.842459e-02,8.890662e+01,7.764054e+01,7.146555e+01
1.740000e-03,-1.700179e-01,-1.068733e-01,-7.441523e-02,8.278217e+01,7.158533e+01,6.543670e+01
1.745000e-03,-1.838000e-01,-1.260800e-01,-1.009368e-01,7.633103e+01,6.534748e+01,5.941110e+01
1.750000e-03,-1.968566e-01,-1.451496e-01,-1.278068e-01,6.957864e+01,5.890163e+01,5.339105e+01
1.755000e-03,-2.091364e-01,-1.640651e-01,-1.547827e-01,6.255166e+01,5.231798e+01,4.737807e+01
1.760000e-03,-2.205908e-01,-1.828486e-01,-1.816746e-01,5.527781e+01,4.563650e+01,4.137496e+01
1.765000e-03,-2.311746e-01,-1.824467e-01,-1.583794e-01,4.778581e+01,3.836976e+01,3.408216e+01
1.770000e-03,-2.408461e-01,-1.948748e-01,-1.759220e-01,4.010522e+01,3.094668e+01,2.678579e+01
1.775000e-03,-2.495671e-01,-2.069216e-01,-1.924988e-01,3.226635e+01,2.341500e+01,1.948944e+01
1.780000e-03,-2.573031e-01,-2.185399e-01,-2.078756e-01,2.430014e+01,1.580931e+01,1.219472e+01
1.785000e-03,-2.640237e-01,-2.297057e-01,-2.218372e-01,1.623803e+01,8.167379e+00,4.900921e+00
1.790000e-03,-2.697023e-01,-2.404024e-01,-2.342291e-01,8.111834e+00,5.263865e-01,-2.388789e+00
1.795000e-03,-2.743165e-01,-2.506886e-01,-2.448319e-01,-4.637473e-02,-7.088311e+00,-9.672635e+00
1.800000e-03,-2.778481e-01,-2.604150e-01,-2.534331e-01,-8.204400e+00,-1.462582e+01,-1.694819e+01
1.805000e-03,-2.802832e-01,-2.707156e-01,-2.779546e-01,-1.633005e+01,-2.193938e+01,-2.372949e+01
1.810000e-03,-2.816121e-01,-2.731589e-01,-2.843247e-01,-2.439125e+01,-2.928747e+01,-3.051489e+01
1.815000e-03,-2.818296e-01,-2.749734e-01,-2.880523e-01,-3.235618e+01,-3.661196e+01,-3.730122e+01
1.820000e-03,-2.809349e-01,-2.761120e-01,-2.890130e-01,-4.019343e+01,-4.387181e+01,-4.408524e+01
1.825000e-03,-2.789315e-01,-2.765564e-01,-2.870939e-01,-4.787204e+01,-5.102162e+01,-5.086329e+01
1.830000e-03,-2.758272e-01,-2.762249e-01,-2.821845e-01,-5.536173e+01,-5.799166e+01,-5.763117e+01
1.835000e-03,-2.716344e-01,-2.751360e-01,-2.741870e-01,-6.263293e+01,-6.472598e+01,-6.438426e+01
1.840000e-03,-2.663695e-01,-2.735167e-01,-2.630594e-01,-6.965695e+01,-7.126480e+01,-7.111703e+01
1.845000e-03,-2.600534e-01,-2.920813e-01,-3.289835e-01,-7.640607e+01,-7.680979e+01,-7.569423e+01
1.850000e-03,-2.527110e-01,-2.839221e-01,-3.227376e-01,-8.285364e+01,-8.224842e+01,-8.027687e+01
1.855000e-03,-2.443713e-01,-2.751379e-01,-3.127765e-01,-8.897423e+01,-8.758349e+01,-8.486057e+01
1.860000e-03,-2.350672e-01,-2.654220e-01,-2.991035e-01,-9.474368e+01,-9.269817e+01,-8.944236e+01
1.865000e-03,-2.248353e-01,-2.548371e-01,-2.817140e-01,-1.001392e+02,-9.752937e+01,-9.401851e+01
1.870000e-03,-2.137161e-01,-2.435868e-01,-2.606074e-01,-1.051395e+02,-1.021020e+02,-9.858486e+01
1.875000e-03,-2.017535e-01,-2.316908e-01,-2.357989e-01,-1.097249e+02,-1.063986e+02,-1.031369e+02
1.880000e-03,-1.889947e-01,-2.189671e-01,-2.073549e-01,-1.138773e+02,-1.102685e+02,-1.076696e+02
1.885000e-03,-1.754899e-01,-2.415147e-01,-2.989074e-01,-1.175802e+02,-1.126728e+02,-1.089094e+02
1.890000e-03,-1.612926e-01,-2.248702e-01,-2.816146e-01,-1.208191e+02,-1.148862e+02,-1.101523e+02
1.895000e-03,-1.464588e-01,-2.074759e-01,-2.603558e-01,-1.235812e+02,-1.168731e+02,-1.113960e+02
1.900000e-03,-1.310469e-01,-1.893310e-01,-2.354400e-01,-1.258556e+02,-1.185800e+02,-1.126386e+02
1.905000e-03,-1.151179e-01,-1.704802e-01,-2.069641e-01,-1.276333e+02,-1.199678e+02,-1.138791e+02
1.910000e-03,-9.873456e-02,-1.509754e-01,-1.747611e-01,-1.289072e+02,-1.210049e+02,-1.151144e+02
1.915000e-03,-8.196154e-02,-1.308674e-01,-1.391352e-01,-1.296725e+02,-1.216661e+02,-1.163411e+02
1.920000e-03,-6.486506e-02,-1.102690e-01,-1.003067e-01,-1.299259e+02,-1.219820e+02,-1.175563e+02
1.925000e-03,-4.751259e-02,-1.304868e-01,-1.974430e-01,-1.296666e+02,-1.206755e+02,-1.150638e+02
1.930000e-03,-2.997261e-02,-1.093882e-01,-1.720494e-01,-1.288956e+02,-1.190747e+02,-1.126248e+02
1.935000e-03,-1.231434e-02,-8.789015e-02,-1.439596e-01,-1.276159e+02,-1.172700e+02,-1.102265e+02
1.940000e-03,5.392532e-03,-6.592253e-02,-1.131367e-01,-1.258325e+02,-1.151760e+02,-1.078502e+02
1.945000e-03,2.307812e-02,-4.345323e-02,-8.013806e-02,-1.235526e+02,-1.127047e+02,-1.054875e+02
1.950000e-03,4.067263e-02,-2.067302e-02,-4.471336e-02,-1.207850e+02,-1.099488e+02,-1.031242e+02
1.955000e-03,5.810662e-02,2.384594e-03,-7.577101e-03,-1.175408e+02,-1.069098e+02,-1.007507e+02
1.960000e-03,7.531129e-02,2.570972e-02,3.142189e-02,-1.138326e+02,-1.035523e+02,-9.835806e+01
1.965000e-03,9.221875e-02,1.236385e-02,-4.272317e-02,-1.096752e+02,-9.882112e+01,-9.291053e+01
1.970000e-03,1.087623e-01,3.266314e-02,-1.780708e-02,-1.050850e+02,-9.382813e+01,-8.745981e+01
1.975000e-03,1.248765e-01,5.306004e-02,8.698474e-03,-1.000801e+02,-8.864170e+01,-8.201000e+01
1.980000e-03,1.404980e-01,7.353657e-02,3.636420e-02,-9.468018e+01,-8.323665e+01,-7.656199e+01
1.985000e-03,1.555649e-01,9.405210e-02,6.517017e-02,-8.890662e+01,-7.759224e+01,-7.111633e+01
1.990000e-03,1.700179e-01,1.145457e-01,9.476639e-02,-8.278217e+01,-7.171953e+01,-6.567735e+01
1.995000e-03,1.838000e-01,1.349775e-01,1.249003e-01,-7.633103e+01,-6.566999e+01,-6.024378e+01
2.000000e-03,1.968566e-01,1.553448e-01,1.554726e-01,-6.957864e+01,-5.948399e+01,-5.481860e+01
2.005000e-03,2.091364e-01,1.521751e-01,1.208754e-01,-6.255166e+01,-5.251765e+01,-4.769109e+01
2.010000e-03,2.205908e-01,1.667042e-01,1.405822e-01,-5.527781e+01,-4.537705e+01,-4.056286e+01
2.015000e-03,2.311746e-01,1.809393e-01,1.598593e-01,-4.778581e+01,-3.809630e+01,-3.343371e+01
2.020000e-03,2.408461e-01,1.948416e-01,1.783948e-01,-4.010522e+01,-3.070644e+01,-2.630480e+01
2.025000e-03,2.495671e-01,2.083876e-01,1.959581e-01,-3.226635e+01,-2.323875e+01,-1.917548e+01
2.030000e-03,2.573031e-01,2.213722e-01,2.123683e-01,-2.430014e+01,-1.572424e+01,-1.204824e+01
2.035000e-03,2.640237e-01,2.341727e-01,2.272292e-01,-1.623803e+01,-8.209460e+00,-4.921039e+00
2.040000e-03,2.697023e-01,2.465270e-01,2.406022e-01,-8.111834e+00,-7.033412e-01,2.203954e+00
2.045000e-03,2.743165e-01,2.543652e-01,2.536318e-01,4.637473e-02,6.775674e+00,9.280259e+00
2.050000e-03,2.778481e-01,2.595870e-01,2.630645e-01,8.204400e+00,1.432563e+01,1.635934e+01
2.055000e-03,2.802832e-01,2.640810e-01,2.702465e-01,1.633005e+01,2.188931e+01,2.343901e+01
2.060000e-03,2.816121e-01,2.679315e-01,2.750077e-01,2.439125e+01,2.941633e+01,3.051701e+01
2.065000e-03,2.818296e-01,2.711293e-01,2.771948e-01,3.235618e+01,3.686042e+01,3.759056e+01
2.070000e-03,2.809349e-01,2.736756e-01,2.766308e-01,4.019343e+01,4.417836e+01,4.465646e+01
2.075000e-03,2.789315e-01,2.755737e-01,2.732044e-01,4.787204e+01,5.132956e+01,5.171127e+01
2.080000e-03,2.758272e-01,2.767879e-01,2.668631e-01,5.536173e+01,5.826133e+01,5.875069e+01
2.085000e-03,2.716344e-01,2.935865e-01,3.237055e-01,6.263293e+01,6.440642e+01,6.401279e+01
2.090000e-03,2.663695e-01,2.881166e-01,3.205898e-01,6.965695e+01,7.049665e+01,6.927980e+01
2.095000e-03,2.600534e-01,2.818345e-01,3.139505e-01,7.640607e+01,7.647247e+01,7.454787e+01
2.100000e-03,2.527110e-01,2.747157e-01,3.037552e-01,8.285364e+01,8.227402e+01,7.981391e+01
2.105000e-03,2.443713e-01,2.667861e-01,2.899689e-01,8.897423e+01,8.784883e+01,8.507411e+01
2.110000e-03,2.350672e-01,2.580760e-01,2.725639e-01,9.474368e+01,9.315045e+01,9.032422e+01
2.115000e-03,2.248353e-01,2.486151e-01,2.515253e-01,1.001392e+02,9.813778e+01,9.555958e+01
2.120000e-03,2.137161e-01,2.384989e-01,2.268865e-01,1.051395e+02,1.028091e+02,1.007752e+02
2.125000e-03,2.017535e-01,2.605309e-01,3.138660e-01,1.097249e+02,1.060838e+02,1.029161e+02
2.130000e-03,1.889947e-01,2.456246e-01,2.990264e-01,1.138773e+02,1.091671e+02,1.050615e+02
2.135000e-03,1.754899e-01,2.299684e-01,2.801854e-01,1.175802e+02,1.120650e+02,1.072077e+02
2.140000e-03,1.612926e-01,2.134947e-01,2.575428e-01,1.208191e+02,1.146563e+02,1.093524e+02
2.145000e-03,1.464588e-01,1.965572e-01,2.311957e-01,1.235812e+02,1.170635e+02,1.114927e+02
2.150000e-03,1.310469e-01,1.785784e-01,2.012241e-01,1.258556e+02,1.189667e+02,1.136254e+02
2.155000e-03,1.151179e-01,1.601357e-01,1.677039e-01,1.276333e+02,1.205865e+02,1.157469e+02
2.160000e-03,9.873456e-02,1.411827e-01,1.306517e-01,1.289072e+02,1.218944e+02,1.178527e+02
2.165000e-03,8.196154e-02,1.624210e-01,2.281994e-01,1.296725e+02,1.215298e+02,1.162750e+02
2.170000e-03,6.486506e-02,1.419760e-01,2.039598e-01,1.299259e+02,1.208779e+02,1.147504e+02
2.175000e-03,4.751259e-02,1.210451e-01,1.765782e-01,1.296666e+02,1.200303e+02,1.132651e+02
2.180000e-03,2.997261e-02,9.944567e-02,1.466618e-01,1.288956e+02,1.188011e+02,1.117951e+02
2.185000e-03,1.231434e-02,7.747319e-02,1.138476e-01,1.276159e+02,1.173227e+02,1.103326e+02
2.190000e-03,-5.392532e-03,5.507776e-02,7.890123e-02,1.258325e+02,1.155453e+02,1.088574e+02
2.195000e-03,-2.307812e-02,3.215946e-02,4.154233e-02,1.235526e+02,1.133017e+02,1.073630e+02
2.200000e-03,-4.067263e-02,9.052298e-03,2.450334e-03,1.207850e+02,1.108663e+02,1.058324e+02
2.205000e-03,-5.810662e-02,2.451670e-02,8.313876e-02,1.175408e+02,1.069057e+02,1.010340e+02
2.210000e-03,-7.531129e-02,3.540784e-03,5.777869e-02,1.138326e+02,1.027045e+02,9.623802e+01
2.215000e-03,-9.221875e-02,-1.765892e-02,3.045230e-02,1.096752e+02,9.825686e+01,9.144401e+01
2.220000e-03,-1.087623e-01,-3.903801e-02,1.448939e-03,1.050850e+02,9.356064e+01,8.665298e+01
2.225000e-03,-1.248765e-01,-6.054770e-02,-2.901385e-02,1.000801e+02,8.861884e+01,8.186543e+01
2.230000e-03,-1.404980e-01,-8.214104e-02,-6.076254e-02,9.468018e+01,8.343861e+01,7.708157e+01
2.235000e-03,-1.555649e-01,-1.037727e-01,-9.354949e-02,8.890662e+01,7.802330e+01,7.230167e+01
2.240000e-03,-1.700179e-01,-1.253983e-01,-1.271246e-01,8.278217e+01,7.239147e+01,6.752671e+01
2.245000e-03,-1.838000e-01,-1.194904e-01,-8.129043e-02,7.633103e+01,6.583445e+01,6.065954e+01
2.250000e-03,-1.968566e-01,-1.358936e-01,-1.029065e-01,6.957864e+01,5.909881e+01,5.378944e+01
2.255000e-03,-2.091364e-01,-1.520495e-01,-1.244857e-01,6.255166e+01,5.216779e+01,4.691982e+01
2.260000e-03,-2.205908e-01,-1.679946e-01,-1.458075e-01,5.527781e+01,4.511926e+01,4.005059e+01
2.265000e-03,-2.311746e-01,-1.836203e-01,-1.667200e-01,4.778581e+01,3.793121e+01,3.318156e+01
2.270000e-03,-2.408461e-01,-1.989815e-01,-1.869640e-01,4.010522e+01,3.067293e+01,2.631635e+01
2.275000e-03,-2.495671e-01,-2.140691e-01,-2.062682e-01,3.226635e+01,2.336004e+01,1.945524e+01
2.280000e-03,-2.573031e-01,-2.287921e-01,-2.243988e-01,2.430014e+01,1.601107e+01,1.259925e+01
2.285000e-03,-2.640237e-01,-2.339234e-01,-2.252089e-01,1.623803e+01,8.481870e+00,5.333767e+00
2.290000e-03,-2.697023e-01,-2.417080e-01,-2.375362e-01,8.111834e+00,8.581749e-01,-1.935051e+00
2.295000e-03,-2.743165e-01,-2.488957e-01,-2.479959e-01,-4.637473e-02,-6.818489e+00,-9.204342e+00
2.300000e-03,-2.778481e-01,-2.553895e-01,-2.564476e-01,-8.204400e+00,-1.449148e+01,-1.647196e+01
2.305000e-03,-2.802832e-01,-2.613474e-01,-2.626652e-01,-1.633005e+01,-2.212016e+01,-2.373543e+01
2.310000e-03,-2.816121e-01,-2.666942e-01,-2.665562e-01,-2.439125e+01,-2.966021e+01,-3.099161e+01
2.315000e-03,-2.818296e-01,-2.714289e-01,-2.679147e-01,-3.235618e+01,-3.706997e+01,-3.823686e+01
2.320000e-03,-2.809349e-01,-2.756370e-01,-2.666085e-01,-4.019343e+01,-4.433833e+01,-4.546762e+01
2.325000e-03,-2.789315e-01,-2.903906e-01,-3.132915e-01,-4.787204e+01,-5.098040e+01,-5.133062e+01
2.330000e-03,-2.758272e-01,-2.874615e-01,-3.133659e-01,-5.536173e+01,-5.758626e+01,-5.719864e+01
2.335000e-03,-2.716344e-01,-2.838519e-01,-3.101394e-01,-6.263293e+01,-6.411327e+01,-6.306773e+01
2.340000e-03,-2.663695e-01,-2.795124e-01,-3.035670e-01,-6.965695e+01,-7.051741e+01,-6.893457e+01
2.345000e-03,-2.600534e-01,-2.743287e-01,-2.935928e-01,-7.640607e+01,-7.672343e+01,-7.479539e+01
2.350000e-03,-2.527110e-01,-2.682776e-01,-2.801602e-01,-8.285364e+01,-8.265048e+01,-8.064587e+01
2.355000e-03,-2.443713e-01,-2.615324e-01,-2.632258e-01,-8.897423e+01,-8.830429e+01,-8.648131e+01
2.360000e-03,-2.350672e-01,-2.542358e-01,-2.428232e-01,-9.474368e+01,-9.371865e+01,-9.229610e+01
2.365000e-03,-2.248353e-01,-2.754374e-01,-3.212407e-01,-1.001392e+02,-9.781289e+01,-9.533899e+01
2.370000e-03,-2.137161e-01,-2.625759e-01,-3.068013e-01,-1.051395e+02,-1.017434e+02,-9.845644e+01
2.375000e-03,-2.017535e-01,-2.490689e-01,-2.893665e-01,-1.097249e+02,-1.055394e+02,-1.016055e+02
2.380000e-03,-1.889947e-01,-2.345507e-01,-2.690962e-01,-1.138773e+02,-1.090041e+02,-1.047544e+02
2.385000e-03,-1.754899e-01,-2.195071e-01,-2.459766e-01,-1.175802e+02,-1.122628e+02,-1.078729e+02
2.390000e-03,-1.612926e-01,-2.036246e-01,-2.200946e-01,-1.208191e+02,-1.151607e+02,-1.109306e+02
2.395000e-03,-1.464588e-01,-1.869663e-01,-1.917412e-01,-1.235812e+02,-1.176333e+02,-1.139007e+02
2.400000e-03,-1.310469e-01,-1.699262e-01,-1.611327e-01,-1.258556e+02,-1.198872e+02,-1.167586e+02
2.405000e-03,-1.151179e-01,-1.917996e-01,-2.518450e-01,-1.276333e+02,-1.204577e+02,-1.161436e+02
2.410000e-03,-9.873456e-02,-1.722822e-01,-2.293070e-01,-1.289072e+02,-1.207609e+02,-1.155710e+02
2.415000e-03,-8.196154e-02,-1.522685e-01,-2.036475e-01,-1.296725e+02,-1.208706e+02,-1.150214e+02
2.420000e-03,-6.486506e-02,-1.316127e-01,-1.750953e-01,-1.299259e+02,-1.206788e+02,-1.144758e+02
2.425000e-03,-4.751259e-02,-1.102800e-01,-1.438571e-01,-1.296666e+02,-1.200970e+02,-1.139162e+02
2.430000e-03,-2.997261e-02,-8.850503e-02,-1.101256e-01,-1.288956e+02,-1.192135e+02,-1.133259e+02
2.435000e-03,-1.231434e-02,-6.631969e-02,-7.408966e-02,-1.276159e+02,-1.180265e+02,-1.126895e+02
2.440000e-03,5.392532e-03,-4.366526e-02,-3.595897e-02,-1.258325e+02,-1.164338e+02,-1.119934e+02
2.445000e-03,2.307812e-02,-6.099650e-02,-1.220592e-01,-1.235526e+02,-1.133090e+02,-1.078610e+02
2.450000e-03,4.067263e-02,-3.964004e-02,-9.635915e-02,-1.207850e+02,-1.099202e+02,-1.037545e+02
2.455000e-03,5.810662e-02,-1.798658e-02,-6.839568e-02,-1.175408e+02,-1.062919e+02,-9.966691e+01
2.460000e-03,7.531129e-02,3.941610e-03,-3.840163e-02,-1.138326e+02,-1.023978e+02,-9.559280e+01
2.465000e-03,9.221875e-02,2.609902e-02,-6.605340e-03,-1.096752e+02,-9.823427e+01,-9.152743e+01
2.470000e-03,1.087623e-01,4.843627e-02,2.677334e-02,-1.050850e+02,-9.380258e+01,-8.746659e+01
2.475000e-03,1.248765e-01,7.090554e-02,6.151898e-02,-1.000801e+02,-8.910824e+01,-8.340698e+01
2.480000e-03,1.404980e-01,9.346095e-02,9.740635e-02,-9.468018e+01,-8.416145e+01,-7.934619e+01
2.485000e-03,1.555649e-01,8.492250e-02,4.116783e-02,-8.890662e+01,-7.812268e+01,-7.283635e+01
2.490000e-03,1.700179e-01,1.028977e-01,6.406060e-02,-8.278217e+01,-7.187375e+01,-6.632041e+01
2.495000e-03,1.838000e-01,1.207823e-01,8.754556e-02,-7.633103e+01,-6.543108e+01,-5.980422e+01
2.500000e-03,1.968566e-01,1.385313e-01,1.113174e-01,-6.957864e+01,-5.881401e+01,-5.328985e+01
2.505000e-03,2.091364e-01,1.561084e-01,1.351777e-01,-6.255166e+01,-5.204424e+01,-4.677862e+01
2.510000e-03,2.205908e-01,1.734793e-01,1.588628e-01,-5.527781e+01,-4.514546e+01,-4.027229e+01
2.515000e-03,2.311746e-01,1.906114e-01,1.822349e-01,-4.778581e+01,-3.814317e+01,-3.377369e+01
2.520000e-03,2.408461e-01,2.074748e-01,2.050189e-01,-4.010522e+01,-3.106450e+01,-2.728646e+01
2.525000e-03,2.495671e-01,2.098489e-01,1.936787e-01,-3.226635e+01,-2.361140e+01,-1.994582e+01
2.530000e-03,2.573031e-01,2.200121e-01,2.087116e-01,-2.430014e+01,-1.602748e+01,-1.260130e+01
2.535000e-03,2.640237e-01,2.296952e-01,2.223141e-01,-1.623803e+01,-8.363346e+00,-5.256549e+00
2.540000e-03,2.697023e-01,2.388801e-01,2.342850e-01,-8.111834e+00,-6.614283e-01,2.086980e+00
2.545000e-03,2.743165e-01,2.475492e-01,2.444389e-01,4.637473e-02,7.040198e+00,9.427081e+00
2.550000e-03,2.778481e-01,2.556153e-01,2.525929e-01,8.204400e+00,1.469297e+01,1.676243e+01
2.555000e-03,2.802832e-01,2.631636e-01,2.585719e-01,1.633005e+01,2.226634e+01,2.408967e+01
2.560000e-03,2.816121e-01,2.701590e-01,2.622100e-01,2.439125e+01,2.972083e+01,3.140582e+01
2.565000e-03,2.818296e-01,2.826358e-01,2.981648e-01,3.235618e+01,3.675755e+01,3.778109e+01
2.570000e-03,2.809349e-01,2.823995e-01,3.013896e-01,4.019343e+01,4.379186e+01,4.416109e+01
2.575000e-03,2.789315e-01,2.815135e-01,3.015756e-01,4.787204e+01,5.077299e+01,5.054172e+01
2.580000e-03,2.758272e-01,2.799335e-01,2.987303e-01,5.536173e+01,5.766173e+01,5.691978e+01
2.585000e-03,2.716344e-01,2.775680e-01,2.927856e-01,6.263293e+01,6.439556e+01,6.329208e+01
2.590000e-03,2.663695e-01,2.743302e-01,2.835792e-01,6.965695e+01,7.088154e+01,6.965463e+01
2.595000e-03,2.600534e-01,2.704165e-01,2.709572e-01,7.640607e+01,7.712515e+01,7.600202e+01
2.600000e-03,2.527110e-01,2.659672e-01,2.550314e-01,8.285364e+01,8.315620e+01,8.232818e+01
2.605000e-03,2.443713e-01,2.860188e-01,3.291864e-01,8.897423e+01,8.800751e+01,8.615045e+01
2.610000e-03,2.350672e-01,2.754266e-01,3.198796e-01,9.474368e+01,9.272844e+01,8.997805e+01
2.615000e-03,2.248353e-01,2.641278e-01,3.067403e-01,1.001392e+02,9.732012e+01,9.380669e+01
2.620000e-03,2.137161e-01,2.518672e-01,2.898008e-01,1.051395e+02,1.016236e+02,9.763361e+01
2.625000e-03,2.017535e-01,2.390986e-01,2.690784e-01,1.097249e+02,1.057525e+02,1.014552e+02
2.630000e-03,1.889947e-01,2.253187e-01,2.446014e-01,1.138773e+02,1.094743e+02,1.052676e+02
2.635000e-03,1.754899e-01,2.108769e-01,2.164125e-01,1.175802e+02,1.128530e+02,1.090663e+02
2.640000e-03,1.612926e-01,1.959677e-01,1.845999e-01,1.208191e+02,1.159895e+02,1.128464e+02
2.645000e-03,1.464588e-01,2.181896e-01,2.789063e-01,1.235812e+02,1.175035e+02,1.131522e+02
2.650000e-03,1.310469e-01,1.999791e-01,2.578835e-01,1.258556e+02,1.187693e+02,1.135098e+02
2.655000e-03,1.151179e-01,1.810341e-01,2.337065e-01,1.276333e+02,1.197957e+02,1.139001e+02
2.660000e-03,9.873456e-02,1.614465e-01,2.062708e-01,1.289072e+02,1.205193e+02,1.142968e+02
2.665000e-03,8.196154e-02,1.414399e-01,1.761372e-01,1.296725e+02,1.210406e+02,1.146874e+02
2.670000e-03,6.486506e-02,1.205327e-01,1.429393e-01,1.299259e+02,1.210292e+02,1.150497e+02
2.675000e-03,4.751259e-02,9.926761e-02,1.075286e-01,1.296666e+02,1.207529e+02,1.153694e+02
2.680000e-03,2.997261e-02,7.757795e-02,6.950277e-02,1.288956e+02,1.201624e+02,1.156298e+02
2.685000e-03,1.231434e-02,9.652043e-02,1.601992e-01,1.276159e+02,1.179240e+02,1.123290e+02
2.690000e-03,-5.392532e-03,7.511375e-02,1.346866e-01,1.258325e+02,1.154003e+02,1.090543e+02
2.695000e-03,-2.307812e-02,5.338500e-02,1.065953e-01,1.235526e+02,1.126901e+02,1.057978e+02
2.700000e-03,-4.067263e-02,3.118258e-02,7.617004e-02,1.207850e+02,1.096059e+02,1.025528e+02
2.705000e-03,-5.810662e-02,8.736357e-03,4.362658e-02,1.175408e+02,1.062887e+02,9.931244e+01
2.710000e-03,-7.531129e-02,-1.394979e-02,9.175230e-03,1.138326e+02,1.027317e+02,9.607066e+01
2.715000e-03,-9.221875e-02,-3.695482e-02,-2.700966e-02,1.096752e+02,9.874640e+01,9.282197e+01
2.720000e-03,-1.087623e-01,-6.005421e-02,-6.468175e-02,1.050850e+02,9.460156e+01,8.956150e+01
2.725000e-03,-1.248765e-01,-4.902300e-02,7.679864e-04,1.000801e+02,8.917784e+01,8.353319e+01
2.730000e-03,-1.404980e-01,-6.830697e-02,-2.330582e-02,9.468018e+01,8.352007e+01,7.750217e+01
2.735000e-03,-1.555649e-01,-8.760403e-02,-4.849396e-02,8.890662e+01,7.765322e+01,7.147099e+01
2.740000e-03,-1.700179e-01,-1.068710e-01,-7.441445e-02,8.278217e+01,7.158216e+01,6.544189e+01
2.745000e-03,-1.838000e-01,-1.260648e-01,-1.009211e-01,7.633103e+01,6.532302e+01,5.941537e+01
2.750000e-03,-1.968566e-01,-1.451452e-01,-1.278188e-01,6.957864e+01,5.889489e+01,5.339460e+01
2.755000e-03,-2.091364e-01,-1.640738e-01,-1.548015e-01,6.255166e+01,5.231938e+01,4.738148e+01
2.760000e-03,-2.205908e-01,-1.828504e-01,-1.816850e-01,5.527781e+01,4.563317e+01,4.137820e+01
2.765000e-03,-2.311746e-01,-1.824502e-01,-1.583927e-01,4.778581e+01,3.836955e+01,3.408518e+01
2.770000e-03,-2.408461e-01,-1.949024e-01,-1.759404e-01,4.010522e+01,3.095287e+01,2.678864e+01
2.775000e-03,-2.495671e-01,-2.069669e-01,-1.925072e-01,3.226635e+01,2.342042e+01,1.949205e+01
2.780000e-03,-2.573031e-01,-2.185950e-01,-2.079012e-01,2.430014e+01,1.581171e+01,1.219718e+01
2.785000e-03,-2.640237e-01,-2.297664e-01,-2.218393e-01,1.623803e+01,8.165476e+00,4.903336e+00
2.790000e-03,-2.697023e-01,-2.404289e-01,-2.342372e-01,8.111834e+00,5.253429e-01,-2.386643e+00
2.795000e-03,-2.743165e-01,-2.506695e-01,-2.448368e-01,-4.637473e-02,-7.087482e+00,-9.670699e+00
2.800000e-03,-2.778481e-01,-2.604017e-01,-2.534383e-01,-8.204400e+00,-1.462594e+01,-1.694644e+01
2.805000e-03,-2.802832e-01,-2.707105e-01,-2.779536e-01,-1.633005e+01,-2.193921e+01,-2.372775e+01
2.810000e-03,-2.816121e-01,-2.731146e-01,-2.843091e-01,-2.439125e+01,-2.928214e+01,-3.051327e+01
2.815000e-03,-2.818296e-01,-2.750139e-01,-2.880563e-01,-3.235618e+01,-3.661833e+01,-3.729939e+01
2.820000e-03,-2.809349e-01,-2.759627e-01,-2.889882e-01,-4.019343e+01,-4.385201e+01,-4.408332e+01
2.825000e-03,-2.789315e-01,-2.763931e-01,-2.870893e-01,-4.787204e+01,-5.098560e+01,-5.086137e+01
2.830000e-03,-2.758272e-01,-2.761601e-01,-2.822161e-01,-5.536173e+01,-5.797884e+01,-5.762912e+01
2.835000e-03,-2.716344e-01,-2.750491e-01,-2.741903e-01,-6.263293e+01,-6.470020e+01,-6.438220e+01
2.840000e-03,-2.663695e-01,-2.734932e-01,-2.630592e-01,-6.965695e+01,-7.125991e+01,-7.111538e+01
2.845000e-03,-2.600534e-01,-2.921048e-01,-3.289924e-01,-7.640607e+01,-7.680955e+01,-7.569273e+01
2.850000e-03,-2.527110e-01,-2.840856e-01,-3.227564e-01,-8.285364e+01,-8.227618e+01,-8.027581e+01
2.855000e-03,-2.443713e-01,-2.752398e-01,-3.127396e-01,-8.897423e+01,-8.760072e+01,-8.485976e+01
2.860000e-03,-2.350672e-01,-2.655466e-01,-2.990381e-01,-9.474368e+01,-9.272310e+01,-8.944143e+01
2.865000e-03,-2.248353e-01,-2.550377e-01,-2.816653e-01,-1.001392e+02,-9.759180e+01,-9.401750e+01
2.870000e-03,-2.137161e-01,-2.437491e-01,-2.606199e-01,-1.051395e+02,-1.021618e+02,-9.858400e+01
2.875000e-03,-2.017535e-01,-2.317159e-01,-2.358498e-01,-1.097249e+02,-1.063939e+02,-1.031365e+02
2.880000e-03,-1.889947e-01,-2.190049e-01,-2.073598e-01,-1.138773e+02,-1.102721e+02,-1.076691e+02
2.885000e-03,-1.754899e-01,-2.415349e-01,-2.988610e-01,-1.175802e+02,-1.126805e+02,-1.089100e+02
2.890000e-03,-1.612926e-01,-2.249115e-01,-2.815060e-01,-1.208191e+02,-1.148994e+02,-1.101537e+02
2.895000e-03,-1.464588e-01,-2.075049e-01,-2.604534e-01,-1.235812e+02,-1.168825e+02,-1.113973e+02
2.900000e-03,-1.310469e-01,-1.893465e-01,-2.353832e-01,-1.258556e+02,-1.185861e+02,-1.126418e+02
2.905000e-03,-1.151179e-01,-1.704880e-01,-2.068945e-01,-1.276333e+02,-1.199724e+02,-1.138813e+02
2.910000e-03,-9.873456e-02,-1.509809e-01,-1.747037e-01,-1.289072e+02,-1.210105e+02,-1.151182e+02
2.915000e-03,-8.196154e-02,-1.308749e-01,-1.390758e-01,-1.296725e+02,-1.216760e+02,-1.163443e+02
2.920000e-03,-6.486506e-02,-1.102627e-01,-1.003283e-01,-1.299259e+02,-1.219847e+02,-1.175609e+02
2.925000e-03,-4.751259e-02,-1.305126e-01,-1.973552e-01,-1.296666e+02,-1.206839e+02,-1.150708e+02
2.930000e-03,-2.997261e-02,-1.094046e-01,-1.719868e-01,-1.288956e+02,-1.190849e+02,-1.126338e+02
2.935000e-03,-1.231434e-02,-8.790209e-02,-1.438525e-01,-1.276159e+02,-1.172813e+02,-1.102339e+02
2.940000e-03,5.392532e-03,-6.592070e-02,-1.132176e-01,-1.258325e+02,-1.151793e+02,-1.078593e+02
2.945000e-03,2.307812e-02,-4.345811e-02,-8.001166e-02,-1.235526e+02,-1.127147e+02,-1.054964e+02
2.950000e-03,4.067263e-02,-2.067198e-02,-4.470158e-02,-1.207850e+02,-1.099551e+02,-1.031328e+02
2.955000e-03,5.810662e-02,2.400106e-03,-7.497887e-03,-1.175408e+02,-1.068979e+02,-1.007586e+02
2.960000e-03,7.531129e-02,2.571444e-02,3.140928e-02,-1.138326e+02,-1.035540e+02,-9.836536e+01
2.965000e-03,9.221875e-02,1.235722e-02,-4.269042e-02,-1.096752e+02,-9.882912e+01,-9.291745e+01
2.970000e-03,1.087623e-01,3.264669e-02,-1.777455e-02,-1.050850e+02,-9.386590e+01,-8.746646e+01
2.975000e-03,1.248765e-01,5.305802e-02,8.704157e-03,-1.000801e+02,-8.866694e+01,-8.201586e+01
2.980000e-03,1.404980e-01,7.354485e-02,3.643505e-02,-9.468018e+01,-8.323767e+01,-7.656754e+01
2.985000e-03,1.555649e-01,9.406034e-02,6.519268e-02,-8.890662e+01,-7.758789e+01,-7.112283e+01
2.990000e-03,1.700179e-01,1.145595e-01,9.476764e-02,-8.278217e+01,-7.173122e+01,-6.568296e+01
2.995000e-03,1.838000e-01,1.349995e-01,1.249455e-01,-7.633103e+01,-6.568454e+01,-6.024927e+01
3.000000e-03,1.968566e-01,1.553574e-01,1.554789e-01,-6.957864e+01,-5.948308e+01,-5.482369e+01
3.005000e-03,2.091364e-01,1.522339e-01,1.209354e-01,-6.255166e+01,-5.251598e+01,-4.769711e+01
3.010000e-03,2.205908e-01,1.667678e-01,1.406384e-01,-5.527781e+01,-4.538038e+01,-4.056935e+01
3.015000e-03,2.311746e-01,1.810152e-01,1.599208e-01,-4.778581e+01,-3.810724e+01,-3.344069e+01
3.020000e-03,2.408461e-01,1.948570e-01,1.784677e-01,-4.010522e+01,-3.070837e+01,-2.631265e+01
3.025000e-03,2.495671e-01,2.083290e-01,1.959843e-01,-3.226635e+01,-2.323852e+01,-1.918450e+01
3.030000e-03,2.573031e-01,2.211902e-01,2.124234e-01,-2.430014e+01,-1.574450e+01,-1.205633e+01
3.035000e-03,2.640237e-01,2.337818e-01,2.273763e-01,-1.623803e+01,-8.239807e+00,-4.931071e+00
3.040000e-03,2.697023e-01,2.463735e-01,2.405789e-01,-8.111834e+00,-7.351132e-01,2.194411e+00
3.045000e-03,2.743165e-01,2.543433e-01,2.536680e-01,4.637473e-02,6.749545e+00,9.271275e+00
3.050000e-03,2.778481e-01,2.595566e-01,2.630964e-01,8.204400e+00,1.430507e+01,1.635088e+01
3.055000e-03,2.802832e-01,2.640701e-01,2.702738e-01,1.633005e+01,2.187209e+01,2.343109e+01
3.060000e-03,2.816121e-01,2.679411e-01,2.750298e-01,2.439125e+01,2.940223e+01,3.050964e+01
3.065000e-03,2.818296e-01,2.711606e-01,2.772110e-01,3.235618e+01,3.684936e+01,3.758376e+01
3.070000e-03,2.809349e-01,2.737301e-01,2.766710e-01,4.019343e+01,4.417038e+01,4.465021e+01
3.075000e-03,2.789315e-01,2.756299e-01,2.732311e-01,4.787204e+01,5.131741e+01,5.170550e+01
3.080000e-03,2.758272e-01,2.768671e-01,2.668786e-01,5.536173e+01,5.825069e+01,5.874550e+01
3.085000e-03,2.716344e-01,2.936228e-01,3.237316e-01,6.263293e+01,6.439134e+01,6.400793e+01
3.090000e-03,2.663695e-01,2.880084e-01,3.206274e-01,6.965695e+01,7.045589e+01,6.927529e+01
3.095000e-03,2.600534e-01,2.817549e-01,3.139927e-01,7.640607e+01,7.644322e+01,7.454374e+01
3.100000e-03,2.527110e-01,2.744763e-01,3.037980e-01,8.285364e+01,8.219614e+01,7.981014e+01
3.105000e-03,2.443713e-01,2.666682e-01,2.900120e-01,8.897423e+01,8.779530e+01,8.507071e+01
3.110000e-03,2.350672e-01,2.579454e-01,2.726061e-01,9.474368e+01,9.309303e+01,9.032118e+01
3.115000e-03,2.248353e-01,2.484165e-01,2.515661e-01,1.001392e+02,9.803851e+01,9.555691e+01
3.120000e-03,2.137161e-01,2.384577e-01,2.268974e-01,1.051395e+02,1.027900e+02,1.007728e+02
3.125000e-03,2.017535e-01,2.605759e-01,3.138732e-01,1.097249e+02,1.060700e+02,1.029133e+02
3.130000e-03,1.889947e-01,2.457888e-01,2.990347e-01,1.138773e+02,1.091897e+02,1.050589e+02
3.135000e-03,1.754899e-01,2.301933e-01,2.802187e-01,1.175802e+02,1.120933e+02,1.072056e+02
3.140000e-03,1.612926e-01,2.137981e-01,2.575781e-01,1.208191e+02,1.147293e+02,1.093507e+02
3.145000e-03,1.464588e-01,1.966529e-01,2.312067e-01,1.235812e+02,1.170552e+02,1.114914e+02
3.150000e-03,1.310469e-01,1.788071e-01,2.011878e-01,1.258556e+02,1.190353e+02,1.136242e+02
3.155000e-03,1.151179e-01,1.603085e-01,1.676174e-01,1.276333e+02,1.206406e+02,1.157454e+02
3.160000e-03,9.873456e-02,1.412663e-01,1.306564e-01,1.289072e+02,1.218938e+02,1.178510e+02
3.165000e-03,8.196154e-02,1.624827e-01,2.283186e-01,1.296725e+02,1.215297e+02,1.162699e+02
3.170000e-03,6.486506e-02,1.420120e-01,2.040618e-01,1.299259e+02,1.208776e+02,1.147433e+02
3.175000e-03,4.751259e-02,1.210281e-01,1.767643e-01,1.296666e+02,1.200083e+02,1.132522e+02
3.180000e-03,2.997261e-02,9.944120e-02,1.466863e-01,1.288956e+02,1.187865e+02,1.117814e+02
3.185000e-03,1.231434e-02,7.751291e-02,1.140343e-01,1.276159e+02,1.173448e+02,1.103164e+02
3.190000e-03,-5.392532e-03,5.501890e-02,7.896691e-02,1.258325e+02,1.154919e+02,1.088431e+02
3.195000e-03,-2.307812e-02,3.214480e-02,4.163854e-02,1.235526e+02,1.132869e+02,1.073483e+02
3.200000e-03,-4.067263e-02,9.041049e-03,2.402099e-03,1.207850e+02,1.108648e+02,1.058200e+02
3.205000e-03,-5.810662e-02,2.451424e-02,8.316857e-02,1.175408e+02,1.069023e+02,1.010229e+02
3.210000e-03,-7.531129e-02,3.540684e-03,5.778449e-02,1.138326e+02,1.027026e+02,9.622792e+01
3.215000e-03,-9.221875e-02,-1.765486e-02,3.051463e-02,1.096752e+02,9.826056e+01,9.143440e+01
3.220000e-03,-1.087623e-01,-3.902919e-02,1.499927e-03,1.050850e+02,9.357405e+01,8.664480e+01
3.225000e-03,-1.248765e-01,-6.054193e-02,-2.902489e-02,1.000801e+02,8.862742e+01,8.185777e+01
3.230000e-03,-1.404980e-01,-8.213941e-02,-6.074825e-02,9.468018e+01,8.342882e+01,7.707429e+01
3.235000e-03,-1.555649e-01,-1.037694e-01,-9.351904e-02,8.890662e+01,7.800821e+01,7.229522e+01
3.240000e-03,-1.700179e-01,-1.253947e-01,-1.271027e-01,8.278217e+01,7.239045e+01,6.752068e+01
3.245000e-03,-1.838000e-01,-1.194881e-01,-8.127196e-02,7.633103e+01,6.583468e+01,6.065390e+01
3.250000e-03,-1.968566e-01,-1.358342e-01,-1.028907e-01,6.957864e+01,5.906687e+01,5.378427e+01
3.255000e-03,-2.091364e-01,-1.520115e-01,-1.244725e-01,6.255166e+01,5.216546e+01,4.691513e+01
3.260000e-03,-2.205908e-01,-1.679904e-01,-1.457889e-01,5.527781e+01,4.512395e+01,4.004630e+01
3.265000e-03,-2.311746e-01,-1.836438e-01,-1.667176e-01,4.778581e+01,3.793827e+01,3.317787e+01
3.270000e-03,-2.408461e-01,-1.989899e-01,-1.869595e-01,4.010522e+01,3.067178e+01,2.631318e+01
3.275000e-03,-2.495671e-01,-2.140305e-01,-2.062655e-01,3.226635e+01,2.335578e+01,1.945250e+01
3.280000e-03,-2.573031e-01,-2.287933e-01,-2.243849e-01,2.430014e+01,1.600989e+01,1.259676e+01
3.285000e-03,-2.640237e-01,-2.339279e-01,-2.252025e-01,1.623803e+01,8.482968e+00,5.331469e+00
3.290000e-03,-2.697023e-01,-2.417223e-01,-2.375183e-01,8.111834e+00,8.571907e-01,-1.937162e+00
3.295000e-03,-2.743165e-01,-2.488763e-01,-2.479854e-01,-4.637473e-02,-6.819751e+00,-9.206308e+00
3.300000e-03,-2.778481e-01,-2.554208e-01,-2.564358e-01,-8.204400e+00,-1.449473e+01,-1.647371e+01
3.305000e-03,-2.802832e-01,-2.613877e-01,-2.626754e-01,-1.633005e+01,-2.212679e+01,-2.373687e+01
3.310000e-03,-2.816121e-01,-2.667687e-01,-2.665479e-01,-2.439125e+01,-2.967602e+01,-3.099279e+01
3.315000e-03,-2.818296e-01,-2.714977e-01,-2.679004e-01,-3.235618e+01,-3.708775e+01,-3.823802e+01
3.320000e-03,-2.809349e-01,-2.756499e-01,-2.666028e-01,-4.019343e+01,-4.434205e+01,-4.546864e+01
3.325000e-03,-2.789315e-01,-2.903859e-01,-3.132796e-01,-4.787204e+01,-5.098351e+01,-5.133177e+01
3.330000e-03,-2.758272e-01,-2.874509e-01,-3.133513e-01,-5.536173e+01,-5.758825e+01,-5.720002e+01
3.335000e-03,-2.716344e-01,-2.838421e-01,-3.101058e-01,-6.263293e+01,-6.411457e+01,-6.306925e+01
3.340000e-03,-2.663695e-01,-2.795130e-01,-3.035220e-01,-6.965695e+01,-7.052098e+01,-6.893610e+01
3.345000e-03,-2.600534e-01,-2.743026e-01,-2.935489e-01,-7.640607e+01,-7.671933e+01,-7.479691e+01
3.350000e-03,-2.527110e-01,-2.682541e-01,-2.801296e-01,-8.285364e+01,-8.264590e+01,-8.064740e+01
3.355000e-03,-2.443713e-01,-2.615192e-01,-2.632205e-01,-8.897423e+01,-8.830341e+01,-8.648291e+01
3.360000e-03,-2.350672e-01,-2.542237e-01,-2.428297e-01,-9.474368e+01,-9.371949e+01,-9.229837e+01
3.365000e-03,-2.248353e-01,-2.754207e-01,-3.213746e-01,-1.001392e+02,-9.781583e+01,-9.533770e+01
3.370000e-03,-2.137161e-01,-2.625992e-01,-3.070002e-01,-1.051395e+02,-1.017602e+02,-9.845188e+01
3.375000e-03,-2.017535e-01,-2.490404e-01,-2.895385e-01,-1.097249e+02,-1.055248e+02,-1.015989e+02
3.380000e-03,-1.889947e-01,-2.347156e-01,-2.691455e-01,-1.138773e+02,-1.090568e+02,-1.047464e+02
3.385000e-03,-1.754899e-01,-2.196353e-01,-2.459656e-01,-1.175802e+02,-1.123146e+02,-1.078635e+02
3.390000e-03,-1.612926e-01,-2.037355e-01,-2.201312e-01,-1.208191e+02,-1.152076e+02,-1.109211e+02
3.395000e-03,-1.464588e-01,-1.870960e-01,-1.917701e-01,-1.235812e+02,-1.177025e+02,-1.138922e+02
3.400000e-03,-1.310469e-01,-1.699575e-01,-1.610920e-01,-1.258556e+02,-1.198947e+02,-1.167516e+02
3.405000e-03,-1.151179e-01,-1.918109e-01,-2.518005e-01,-1.276333e+02,-1.204668e+02,-1.161379e+02
3.410000e-03,-9.873456e-02,-1.723061e-01,-2.291556e-01,-1.289072e+02,-1.207723e+02,-1.155667e+02
3.415000e-03,-8.196154e-02,-1.522913e-01,-2.036040e-01,-1.296725e+02,-1.208845e+02,-1.150201e+02
3.420000e-03,-6.486506e-02,-1.316114e-01,-1.749679e-01,-1.299259e+02,-1.206822e+02,-1.144749e+02
3.425000e-03,-4.751259e-02,-1.102850e-01,-1.439405e-01,-1.296666e+02,-1.201068e+02,-1.139161e+02
3.430000e-03,-2.997261e-02,-8.849939e-02,-1.100462e-01,-1.288956e+02,-1.192191e+02,-1.133267e+02
3.435000e-03,-1.231434e-02,-6.629184e-02,-7.408582e-02,-1.276159e+02,-1.180146e+02,-1.126896e+02
3.440000e-03,5.392532e-03,-4.364960e-02,-3.598944e-02,-1.258325e+02,-1.164367e+02,-1.119938e+02
3.445000e-03,2.307812e-02,-6.098208e-02,-1.220320e-01,-1.235526e+02,-1.133107e+02,-1.078617e+02
3.450000e-03,4.067263e-02,-3.961695e-02,-9.632149e-02,-1.207850e+02,-1.099128e+02,-1.037559e+02
3.455000e-03,5.810662e-02,-1.797229e-02,-6.835251e-02,-1.175408e+02,-1.062907e+02,-9.966865e+01
3.460000e-03,7.531129e-02,3.941750e-03,-3.836486e-02,-1.138326e+02,-1.024106e+02,-9.559476e+01
3.465000e-03,9.221875e-02,2.608691e-02,-6.582020e-03,-1.096752e+02,-9.826797e+01,-9.152951e+01
3.470000e-03,1.087623e-01,4.844170e-02,2.677985e-02,-1.050850e+02,-9.381098e+01,-8.746870e+01
3.475000e-03,1.248765e-01,7.091940e-02,6.150887e-02,-1.000801e+02,-8.908708e+01,-8.340901e+01
3.480000e-03,1.404980e-01,9.346761e-02,9.739767e-02,-9.468018e+01,-8.416271e+01,-7.934809e+01
3.485000e-03,1.555649e-01,8.493686e-02,4.118039e-02,-8.890662e+01,-7.812248e+01,-7.283828e+01
3.490000e-03,1.700179e-01,1.028922e-01,6.407254e-02,-8.278217e+01,-7.185015e+01,-6.632235e+01
3.495000e-03,1.838000e-01,1.207639e-01,8.755821e-02,-7.633103e+01,-6.542109e+01,-5.980621e+01
3.500000e-03,1.968566e-01,1.385262e-01,1.113291e-01,-6.957864e+01,-5.882429e+01,-5.329184e+01
3.505000e-03,2.091364e-01,1.560947e-01,1.351895e-01,-6.255166e+01,-5.204767e+01,-4.678060e+01
3.510000e-03,2.205908e-01,1.734367e-01,1.588780e-01,-5.527781e+01,-4.513854e+01,-4.027423e+01
3.515000e-03,2.311746e-01,1.905495e-01,1.822502e-01,-4.778581e+01,-3.813730e+01,-3.377575e+01
3.520000e-03,2.408461e-01,2.074588e-01,2.050175e-01,-4.010522e+01,-3.106906e+01,-2.728847e+01
3.525000e-03,2.495671e-01,2.098310e-01,1.936788e-01,-3.226635e+01,-2.361156e+01,-1.994769e+01
3.530000e-03,2.573031e-01,2.200406e-01,2.086987e-01,-2.430014e+01,-1.602982e+01,-1.260299e+01
3.535000e-03,2.640237e-01,2.296643e-01,2.223034e-01,-1.623803e+01,-8.362336e+00,-5.258212e+00
3.540000e-03,2.697023e-01,2.389209e-01,2.342902e-01,-8.111834e+00,-6.627551e-01,2.085361e+00
3.545000e-03,2.743165e-01,2.475660e-01,2.444451e-01,4.637473e-02,7.039781e+00,9.425720e+00
3.550000e-03,2.778481e-01,2.556629e-01,2.526000e-01,8.204400e+00,1.469727e+01,1.676108e+01
3.555000e-03,2.802832e-01,2.631696e-01,2.585821e-01,1.633005e+01,2.226277e+01,2.408834e+01
3.560000e-03,2.816121e-01,2.701750e-01,2.622127e-01,2.439125e+01,2.972009e+01,3.140460e+01
3.565000e-03,2.818296e-01,2.826449e-01,2.981498e-01,3.235618e+01,3.675669e+01,3.777988e+01
3.570000e-03,2.809349e-01,2.824070e-01,3.013493e-01,4.019343e+01,4.379072e+01,4.415967e+01
3.575000e-03,2.789315e-01,2.815233e-01,3.015862e-01,4.787204e+01,5.077236e+01,5.054036e+01
3.580000e-03,2.758272e-01,2.799478e-01,2.987558e-01,5.536173e+01,5.766280e+01,5.691884e+01
3.585000e-03,2.716344e-01,2.775595e-01,2.927610e-01,6.263293e+01,6.439146e+01,6.329131e+01
3.590000e-03,2.663695e-01,2.743258e-01,2.835171e-01,6.965695e+01,7.087822e+01,6.965350e+01
3.595000e-03,2.600534e-01,2.704167e-01,2.709524e-01,7.640607e+01,7.712382e+01,7.600066e+01
3.600000e-03,2.527110e-01,2.659663e-01,2.550329e-01,8.285364e+01,8.315540e+01,8.232740e+01
3.605000e-03,2.443713e-01,2.860010e-01,3.292144e-01,8.897423e+01,8.800655e+01,8.614982e+01
3.610000e-03,2.350672e-01,2.753998e-01,3.199368e-01,9.474368e+01,9.272699e+01,8.997787e+01
3.615000e-03,2.248353e-01,2.642359e-01,3.067273e-01,1.001392e+02,9.734575e+01,9.380649e+01
3.620000e-03,2.137161e-01,2.519664e-01,2.897797e-01,1.051395e+02,1.016573e+02,9.763301e+01
3.625000e-03,2.017535e-01,2.390159e-01,2.691401e-01,1.097249e+02,1.057152e+02,1.014547e+02
3.630000e-03,1.889947e-01,2.254502e-01,2.446643e-01,1.138773e+02,1.095282e+02,1.052677e+02
3.635000e-03,1.754899e-01,2.109688e-01,2.164131e-01,1.175802e+02,1.129029e+02,1.090666e+02
3.640000e-03,1.612926e-01,1.959947e-01,1.846023e-01,1.208191e+02,1.159946e+02,1.128462e+02
3.645000e-03,1.464588e-01,2.181665e-01,2.789632e-01,1.235812e+02,1.175006e+02,1.131514e+02
3.650000e-03,1.310469e-01,1.999257e-01,2.580013e-01,1.258556e+02,1.187584e+02,1.135087e+02
3.655000e-03,1.151179e-01,1.811600e-01,2.337221e-01,1.276333e+02,1.198469e+02,1.138952e+02
3.660000e-03,9.873456e-02,1.615538e-01,2.063593e-01,1.289072e+02,1.205739e+02,1.142920e+02
3.665000e-03,8.196154e-02,1.413336e-01,1.760963e-01,1.296725e+02,1.209749e+02,1.146808e+02
3.670000e-03,6.486506e-02,1.206046e-01,1.431099e-01,1.299259e+02,1.210730e+02,1.150439e+02
3.675000e-03,4.751259e-02,9.936898e-02,1.074604e-01,1.296666e+02,1.208379e+02,1.153643e+02
3.680000e-03,2.997261e-02,7.757769e-02,6.948433e-02,1.288956e+02,1.201668e+02,1.156258e+02
3.685000e-03,1.231434e-02,9.652044e-02,1.601944e-01,1.276159e+02,1.179306e+02,1.123252e+02
3.690000e-03,-5.392532e-03,7.517788e-02,1.346299e-01,1.258325e+02,1.154513e+02,1.090505e+02
3.695000e-03,-2.307812e-02,5.341978e-02,1.066619e-01,1.235526e+02,1.127105e+02,1.057955e+02
3.700000e-03,-4.067263e-02,3.127285e-02,7.615283e-02,1.207850e+02,1.096815e+02,1.025505e+02
3.705000e-03,-5.810662e-02,8.793430e-03,4.371059e-02,1.175408e+02,1.063531e+02,9.931020e+01
3.710000e-03,-7.531129e-02,-1.395756e-02,9.133734e-03,1.138326e+02,1.027262e+02,9.606908e+01
3.715000e-03,-9.221875e-02,-3.692825e-02,-2.703060e-02,1.096752e+02,9.880203e+01,9.281991e+01
3.720000e-03,-1.087623e-01,-6.006253e-02,-6.467128e-02,1.050850e+02,9.460339e+01,8.956015e+01
3.725000e-03,-1.248765e-01,-4.903292e-02,7.720371e-04,1.000801e+02,8.917543e+01,8.353193e+01
3.730000e-03,-1.404980e-01,-6.831515e-02,-2.330039e-02,9.468018e+01,8.350190e+01,7.750102e+01
3.735000e-03,-1.555649e-01,-8.760336e-02,-4.848651e-02,8.890662e+01,7.763892e+01,7.147014e+01
3.740000e-03,-1.700179e-01,-1.068681e-01,-7.440681e-02,8.278217e+01,7.158020e+01,6.544091e+01
3.745000e-03,-1.838000e-01,-1.260709e-01,-1.009425e-01,7.633103e+01,6.533862e+01,5.941451e+01
3.750000e-03,-1.968566e-01,-1.451537e-01,-1.278214e-01,6.957864e+01,5.890753e+01,5.339423e+01
3.755000e-03,-2.091364e-01,-1.640687e-01,-1.548000e-01,6.255166e+01,5.232023e+01,4.738116e+01
3.760000e-03,-2.205908e-01,-1.828472e-01,-1.816811e-01,5.527781e+01,4.563545e+01,4.137780e+01
3.765000e-03,-2.311746e-01,-1.824267e-01,-1.583930e-01,4.778581e+01,3.836377e+01,3.408484e+01
3.770000e-03,-2.408461e-01,-1.949180e-01,-1.759416e-01,4.010522e+01,3.095127e+01,2.678831e+01
3.775000e-03,-2.495671e-01,-2.069193e-01,-1.924905e-01,3.226635e+01,2.341097e+01,1.949189e+01
3.780000e-03,-2.573031e-01,-2.185745e-01,-2.078539e-01,2.430014e+01,1.581308e+01,1.219643e+01
3.785000e-03,-2.640237e-01,-2.293062e-01,-2.218462e-01,1.623803e+01,8.186047e+00,4.903131e+00
3.790000e-03,-2.697023e-01,-2.400075e-01,-2.342785e-01,8.111834e+00,5.580573e-01,-2.386511e+00
3.795000e-03,-2.743165e-01,-2.505106e-01,-2.448335e-01,-4.637473e-02,-7.059319e+00,-9.670220e+00
3.800000e-03,-2.778481e-01,-2.603094e-01,-2.534354e-01,-8.204400e+00,-1.460655e+01,-1.694617e+01
3.805000e-03,-2.802832e-01,-2.707128e-01,-2.779469e-01,-1.633005e+01,-2.192128e+01,-2.372756e+01
3.810000e-03,-2.816121e-01,-2.731199e-01,-2.842926e-01,-2.439125e+01,-2.926734e+01,-3.051309e+01
3.815000e-03,-2.818296e-01,-2.750705e-01,-2.880292e-01,-3.235618e+01,-3.660854e+01,-3.729937e+01
3.820000e-03,-2.809349e-01,-2.760141e-01,-2.890183e-01,-4.019343e+01,-4.384636e+01,-4.408328e+01
3.825000e-03,-2.789315e-01,-2.764073e-01,-2.871067e-01,-4.787204e+01,-5.097263e+01,-5.086116e+01
3.830000e-03,-2.758272e-01,-2.762500e-01,-2.821778e-01,-5.536173e+01,-5.798357e+01,-5.762905e+01
3.835000e-03,-2.716344e-01,-2.750804e-01,-2.741855e-01,-6.263293e+01,-6.468801e+01,-6.438227e+01
3.840000e-03,-2.663695e-01,-2.735429e-01,-2.630603e-01,-6.965695e+01,-7.125109e+01,-7.111542e+01
3.845000e-03,-2.600534e-01,-2.921304e-01,-3.289730e-01,-7.640607e+01,-7.679972e+01,-7.569263e+01
3.850000e-03,-2.527110e-01,-2.840555e-01,-3.227066e-01,-8.285364e+01,-8.225777e+01,-8.027528e+01
3.855000e-03,-2.443713e-01,-2.751803e-01,-3.127389e-01,-8.897423e+01,-8.757323e+01,-8.485897e+01
3.860000e-03,-2.350672e-01,-2.654774e-01,-2.990680e-01,-9.474368e+01,-9.268745e+01,-8.944077e+01
3.865000e-03,-2.248353e-01,-2.549670e-01,-2.816829e-01,-1.001392e+02,-9.755026e+01,-9.401694e+01
3.870000e-03,-2.137161e-01,-2.436835e-01,-2.605834e-01,-1.051395e+02,-1.021178e+02,-9.858331e+01
3.875000e-03,-2.017535e-01,-2.316610e-01,-2.357834e-01,-1.097249e+02,-1.063519e+02,-1.031353e+02
3.880000e-03,-1.889947e-01,-2.190123e-01,-2.073530e-01,-1.138773e+02,-1.102659e+02,-1.076678e+02
3.885000e-03,-1.754899e-01,-2.415432e-01,-2.989127e-01,-1.175802e+02,-1.126691e+02,-1.089076e+02
3.890000e-03,-1.612926e-01,-2.248623e-01,-2.816201e-01,-1.208191e+02,-1.148750e+02,-1.101506e+02
3.895000e-03,-1.464588e-01,-2.074496e-01,-2.603651e-01,-1.235812e+02,-1.168547e+02,-1.113945e+02
3.900000e-03,-1.310469e-01,-1.893011e-01,-2.354348e-01,-1.258556e+02,-1.185573e+02,-1.126374e+02
3.905000e-03,-1.151179e-01,-1.704549e-01,-2.069504e-01,-1.276333e+02,-1.199451e+02,-1.138778e+02
3.910000e-03,-9.873456e-02,-1.509607e-01,-1.747780e-01,-1.289072e+02,-1.209876e+02,-1.151133e+02
3.915000e-03,-8.196154e-02,-1.308675e-01,-1.391509e-01,-1.296725e+02,-1.216601e+02,-1.163402e+02
3.920000e-03,-6.486506e-02,-1.102655e-01,-1.003104e-01,-1.299259e+02,-1.219785e+02,-1.175553e+02
3.925000e-03,-4.751259e-02,-1.497087e-01,-1.974407e-01,-1.296666e+02,-1.200980e+02,-1.150619e+02
3.930000e-03,-2.997261e-02,-1.257495e-01,-1.720342e-01,-1.288956e+02,-1.181096e+02,-1.126235e+02
3.935000e-03,-1.231434e-02,-1.013212e-01,-1.439436e-01,-1.276159e+02,-1.160530e+02,-1.102259e+02
3.940000e-03,5.392532e-03,-7.601847e-02,-1.131272e-01,-1.258325e+02,-1.137751e+02,-1.078500e+02
3.945000e-03,2.307812e-02,-5.024682e-02,-8.012620e-02,-1.235526e+02,-1.113242e+02,-1.054877e+02
3.950000e-03,4.067263e-02,-2.404905e-02,-4.470896e-02,-1.207850e+02,-1.087038e+02,-1.031245e+02
3.955000e-03,5.810662e-02,2.729254e-03,-7.583036e-03,-1.175408e+02,-1.057857e+02,-1.007510e+02
3.960000e-03,7.531129e-02,2.978119e-02,3.141738e-02,-1.138326e+02,-1.026884e+02,-9.835819e+01
3.965000e-03,9.221875e-02,1.243190e-02,-4.272214e-02,-1.096752e+02,-9.810203e+01,-9.291070e+01
3.970000e-03,1.087623e-01,3.251402e-02,-1.781062e-02,-1.050850e+02,-9.322087e+01,-8.745993e+01
3.975000e-03,1.248765e-01,5.265312e-02,8.671869e-03,-1.000801e+02,-8.814945e+01,-8.201041e+01
3.980000e-03,1.404980e-01,7.285112e-02,3.634807e-02,-9.468018e+01,-8.280143e+01,-7.656170e+01
3.985000e-03,1.555649e-01,9.304137e-02,6.519641e-02,-8.890662e+01,-7.717704e+01,-7.111756e+01
3.990000e-03,1.700179e-01,1.131876e-01,9.473374e-02,-8.278217e+01,-7.135881e+01,-6.567793e+01
3.995000e-03,1.838000e-01,1.332709e-01,1.249402e-01,-7.633103e+01,-6.535932e+01,-6.024451e+01
4.000000e-03,1.968566e-01,1.532356e-01,1.554684e-01,-6.957864e+01,-5.915592e+01,-5.481956e+01
4.005000e-03,2.091364e-01,1.506042e-01,1.208913e-01,-6.255166e+01,-5.219843e+01,-4.769234e+01
4.010000e-03,2.205908e-01,1.652508e-01,1.406010e-01,-5.527781e+01,-4.505939e+01,-4.056438e+01
4.015000e-03,2.311746e-01,1.796252e-01,1.598674e-01,-4.778581e+01,-3.779709e+01,-3.343531e+01
4.020000e-03,2.408461e-01,1.936803e-01,1.784242e-01,-4.010522e+01,-3.042687e+01,-2.630687e+01
4.025000e-03,2.495671e-01,2.073808e-01,1.959906e-01,-3.226635e+01,-2.298013e+01,-1.917860e+01
4.030000e-03,2.573031e-01,2.206653e-01,2.123403e-01,-2.430014e+01,-1.549133e+01,-1.205023e+01
4.035000e-03,2.640237e-01,2.333411e-01,2.272895e-01,-1.623803e+01,-8.005146e+00,-4.923645e+00
4.040000e-03,2.697023e-01,2.460168e-01,2.405927e-01,-8.111834e+00,-5.189597e-01,2.201051e+00
4.045000e-03,2.743165e-01,2.537664e-01,2.536432e-01,4.637473e-02,6.946048e+00,9.277514e+00
4.050000e-03,2.778481e-01,2.589952e-01,2.630746e-01,8.204400e+00,1.448436e+01,1.635675e+01
4.055000e-03,2.802832e-01,2.634084e-01,2.702552e-01,1.633005e+01,2.202603e+01,2.343657e+01
4.060000e-03,2.816121e-01,2.673591e-01,2.750148e-01,2.439125e+01,2.953856e+01,3.051473e+01
4.065000e-03,2.818296e-01,2.705992e-01,2.772001e-01,3.235618e+01,3.697275e+01,3.758845e+01
4.070000e-03,2.809349e-01,2.730859e-01,2.766427e-01,4.019343e+01,4.424967e+01,4.465451e+01
4.075000e-03,2.789315e-01,2.750595e-01,2.732121e-01,4.787204e+01,5.139157e+01,5.170947e+01
4.080000e-03,2.758272e-01,2.764219e-01,2.668676e-01,5.536173e+01,5.834927e+01,5.874907e+01
4.085000e-03,2.716344e-01,2.932160e-01,3.237184e-01,6.263293e+01,6.448579e+01,6.401129e+01
4.090000e-03,2.663695e-01,2.876503e-01,3.206068e-01,6.965695e+01,7.055101e+01,6.927870e+01
4.095000e-03,2.600534e-01,2.814077e-01,3.138956e-01,7.640607e+01,7.651559e+01,7.454672e+01
4.100000e-03,2.527110e-01,2.744432e-01,3.036918e-01,8.285364e+01,8.233951e+01,7.981234e+01
4.105000e-03,2.443713e-01,2.664719e-01,2.899864e-01,8.897423e+01,8.788736e+01,8.507253e+01
4.110000e-03,2.350672e-01,2.577459e-01,2.726016e-01,9.474368e+01,9.315892e+01,9.032323e+01
4.115000e-03,2.248353e-01,2.483434e-01,2.515129e-01,1.001392e+02,9.814575e+01,9.555884e+01
4.120000e-03,2.137161e-01,2.383333e-01,2.268855e-01,1.051395e+02,1.028516e+02,1.007735e+02
4.125000e-03,2.017535e-01,2.603828e-01,3.138389e-01,1.097249e+02,1.061255e+02,1.029142e+02
4.130000e-03,1.889947e-01,2.456064e-01,2.989129e-01,1.138773e+02,1.092391e+02,1.050599e+02
4.135000e-03,1.754899e-01,2.300208e-01,2.802750e-01,1.175802e+02,1.121371e+02,1.072063e+02
4.140000e-03,1.612926e-01,2.136367e-01,2.574804e-01,1.208191e+02,1.147687e+02,1.093504e+02
4.145000e-03,1.464588e-01,1.965037e-01,2.313223e-01,1.235812e+02,1.170911e+02,1.114920e+02
4.150000e-03,1.310469e-01,1.786710e-01,2.011238e-01,1.258556e+02,1.190692e+02,1.136246e+02
4.155000e-03,1.151179e-01,1.601863e-01,1.677689e-01,1.276333e+02,1.206739e+02,1.157459e+02
4.160000e-03,9.873456e-02,1.411568e-01,1.306508e-01,1.289072e+02,1.219261e+02,1.178507e+02
4.165000e-03,8.196154e-02,1.623630e-01,2.282233e-01,1.296725e+02,1.215579e+02,1.162726e+02
4.170000e-03,6.486506e-02,1.419369e-01,2.039765e-01,1.299259e+02,1.209229e+02,1.147476e+02
4.175000e-03,4.751259e-02,1.209712e-01,1.766076e-01,1.296666e+02,1.200401e+02,1.132621e+02
4.180000e-03,2.997261e-02,9.946323e-02,1.466670e-01,1.288956e+02,1.188632e+02,1.117918e+02
4.185000e-03,1.231434e-02,7.745654e-02,1.138715e-01,1.276159e+02,1.173694e+02,1.103294e+02
4.190000e-03,-5.392532e-03,5.500489e-02,7.889699e-02,1.258325e+02,1.155429e+02,1.088542e+02
4.195000e-03,-2.307812e-02,3.216092e-02,4.155631e-02,1.235526e+02,1.133736e+02,1.073602e+02
4.200000e-03,-4.067263e-02,8.997266e-03,2.446620e-03,1.207850e+02,1.108841e+02,1.058298e+02
4.205000e-03,-5.810662e-02,2.444808e-02,8.314619e-02,1.175408e+02,1.069203e+02,1.010312e+02
4.210000e-03,-7.531129e-02,3.443901e-03,5.777889e-02,1.138326e+02,1.026818e+02,9.623551e+01
4.215000e-03,-9.221875e-02,-1.772388e-02,3.045551e-02,1.096752e+02,9.826116e+01,9.144154e+01
4.220000e-03,-1.087623e-01,-3.908806e-02,1.483846e-03,1.050850e+02,9.357612e+01,8.665079e+01
4.225000e-03,-1.248765e-01,-6.060087e-02,-2.901039e-02,1.000801e+02,8.859628e+01,8.186366e+01
4.230000e-03,-1.404980e-01,-8.217705e-02,-6.077670e-02,9.468018e+01,8.341036e+01,7.707983e+01
4.235000e-03,-1.555649e-01,-1.037950e-01,-9.355074e-02,8.890662e+01,7.802689e+01,7.230003e+01
4.240000e-03,-1.700179e-01,-1.254168e-01,-1.271184e-01,8.278217e+01,7.240362e+01,6.752536e+01
4.245000e-03,-1.838000e-01,-1.195271e-01,-8.123511e-02,7.633103e+01,6.584874e+01,6.065721e+01
4.250000e-03,-1.968566e-01,-1.358835e-01,-1.028265e-01,6.957864e+01,5.908819e+01,5.378538e+01
4.255000e-03,-2.091364e-01,-1.520560e-01,-1.244026e-01,6.255166e+01,5.217441e+01,4.691412e+01
4.260000e-03,-2.205908e-01,-1.679994e-01,-1.457202e-01,5.527781e+01,4.511756e+01,4.004316e+01
4.265000e-03,-2.311746e-01,-1.836760e-01,-1.666698e-01,4.778581e+01,3.794469e+01,3.317391e+01
4.270000e-03,-2.408461e-01,-1.990568e-01,-1.869214e-01,4.010522e+01,3.068382e+01,2.630860e+01
4.275000e-03,-2.495671e-01,-2.141144e-01,-2.062681e-01,3.226635e+01,2.336396e+01,1.944815e+01
4.280000e-03,-2.573031e-01,-2.288253e-01,-2.244231e-01,2.430014e+01,1.601489e+01,1.259269e+01
4.285000e-03,-2.640237e-01,-2.339474e-01,-2.251748e-01,1.623803e+01,8.485978e+00,5.327675e+00
4.290000e-03,-2.697023e-01,-2.417250e-01,-2.374957e-01,8.111834e+00,8.615685e-01,-1.940815e+00
4.295000e-03,-2.743165e-01,-2.489123e-01,-2.479685e-01,-4.637473e-02,-6.814342e+00,-9.209869e+00
4.300000e-03,-2.778481e-01,-2.554379e-01,-2.564206e-01,-8.204400e+00,-1.448994e+01,-1.647714e+01
4.305000e-03,-2.802832e-01,-2.613961e-01,-2.626657e-01,-1.633005e+01,-2.212177e+01,-2.374014e+01
4.310000e-03,-2.816121e-01,-2.667433e-01,-2.665464e-01,-2.439125e+01,-2.966515e+01,-3.099586e+01
4.315000e-03,-2.818296e-01,-2.714768e-01,-2.679007e-01,-3.235618e+01,-3.707813e+01,-3.824081e+01
4.320000e-03,-2.809349e-01,-2.756415e-01,-2.665983e-01,-4.019343e+01,-4.433579e+01,-4.547117e+01
4.325000e-03,-2.789315e-01,-2.904173e-01,-3.132391e-01,-4.787204e+01,-5.097895e+01,-5.133459e+01
4.330000e-03,-2.758272e-01,-2.875087e-01,-3.132594e-01,-5.536173e+01,-5.758528e+01,-5.720339e+01
4.335000e-03,-2.716344e-01,-2.837024e-01,-3.101523e-01,-6.263293e+01,-6.409454e+01,-6.307164e+01
4.340000e-03,-2.663695e-01,-2.792675e-01,-3.034961e-01,-6.965695e+01,-7.046515e+01,-6.893966e+01
4.345000e-03,-2.600534e-01,-2.741774e-01,-2.935091e-01,-7.640607e+01,-7.669126e+01,-7.479957e+01
4.350000e-03,-2.527110e-01,-2.681205e-01,-2.801900e-01,-8.285364e+01,-8.260200e+01,-8.065155e+01
4.355000e-03,-2.443713e-01,-2.615425e-01,-2.631407e-01,-8.897423e+01,-8.831732e+01,-8.648730e+01
4.360000e-03,-2.350672e-01,-2.542073e-01,-2.428362e-01,-9.474368e+01,-9.371152e+01,-9.230208e+01
4.365000e-03,-2.248353e-01,-2.754465e-01,-3.214190e-01,-1.001392e+02,-9.780797e+01,-9.533960e+01
4.370000e-03,-2.137161e-01,-2.626071e-01,-3.070664e-01,-1.051395e+02,-1.017484e+02,-9.845193e+01
4.375000e-03,-2.017535e-01,-2.490770e-01,-2.896194e-01,-1.097249e+02,-1.055246e+02,-1.015976e+02
4.380000e-03,-1.889947e-01,-2.348019e-01,-2.692313e-01,-1.138773e+02,-1.090800e+02,-1.047443e+02
4.385000e-03,-1.754899e-01,-2.196128e-01,-2.460492e-01,-1.175802e+02,-1.122962e+02,-1.078610e+02
4.390000e-03,-1.612926e-01,-2.036699e-01,-2.202056e-01,-1.208191e+02,-1.151608e+02,-1.109186e+02
4.395000e-03,-1.464588e-01,-1.870815e-01,-1.918291e-01,-1.235812e+02,-1.176781e+02,-1.138900e+02
4.400000e-03,-1.310469e-01,-1.699722e-01,-1.610730e-01,-1.258556e+02,-1.198896e+02,-1.167507e+02
4.405000e-03,-1.151179e-01,-1.918248e-01,-2.519028e-01,-1.276333e+02,-1.204614e+02,-1.161350e+02
4.410000e-03,-9.873456e-02,-1.723289e-01,-2.293195e-01,-1.289072e+02,-1.207757e+02,-1.155623e+02
4.415000e-03,-8.196154e-02,-1.522609e-01,-2.036315e-01,-1.296725e+02,-1.208583e+02,-1.150122e+02
4.420000e-03,-6.486506e-02,-1.316096e-01,-1.750821e-01,-1.299259e+02,-1.206637e+02,-1.144663e+02
4.425000e-03,-4.751259e-02,-1.103992e-01,-1.438658e-01,-1.296666e+02,-1.201661e+02,-1.139068e+02
4.430000e-03,-2.997261e-02,-8.856459e-02,-1.101697e-01,-1.288956e+02,-1.192573e+02,-1.133171e+02
4.435000e-03,-1.231434e-02,-6.627346e-02,-7.412240e-02,-1.276159e+02,-1.179866e+02,-1.126819e+02
4.440000e-03,5.392532e-03,-4.366134e-02,-3.596184e-02,-1.258325e+02,-1.164347e+02,-1.119868e+02
4.445000e-03,2.307812e-02,-6.099456e-02,-1.220719e-01,-1.235526e+02,-1.133101e+02,-1.078548e+02
4.450000e-03,4.067263e-02,-3.963479e-02,-9.636894e-02,-1.207850e+02,-1.099205e+02,-1.037489e+02
4.455000e-03,5.810662e-02,-1.798050e-02,-6.833727e-02,-1.175408e+02,-1.062906e+02,-9.966386e+01
4.460000e-03,7.531129e-02,3.945989e-03,-3.848528e-02,-1.138326e+02,-1.023969e+02,-9.558952e+01
4.465000e-03,9.221875e-02,2.610081e-02,-6.573167e-03,-1.096752e+02,-9.823587e+01,-9.152533e+01
4.470000e-03,1.087623e-01,4.843578e-02,2.670355e-02,-1.050850e+02,-9.380843e+01,-8.746434e+01
4.475000e-03,1.248765e-01,7.090409e-02,6.154284e-02,-1.000801e+02,-8.912020e+01,-8.340549e+01
4.480000e-03,1.404980e-01,9.346331e-02,9.738258e-02,-9.468018e+01,-8.416184e+01,-7.934504e+01
4.485000e-03,1.555649e-01,8.493108e-02,4.116838e-02,-8.890662e+01,-7.812574e+01,-7.283527e+01
4.490000e-03,1.700179e-01,1.028989e-01,6.406644e-02,-8.278217e+01,-7.187148e+01,-6.631943e+01
4.495000e-03,1.838000e-01,1.207794e-01,8.752734e-02,-7.633103e+01,-6.543066e+01,-5.980332e+01
4.500000e-03,1.968566e-01,1.385260e-01,1.113181e-01,-6.957864e+01,-5.881354e+01,-5.328893e+01
4.505000e-03,2.091364e-01,1.560988e-01,1.351785e-01,-6.255166e+01,-5.204252e+01,-4.677788e+01
4.510000e-03,2.205908e-01,1.734620e-01,1.589018e-01,-5.527781e+01,-4.514213e+01,-4.027228e+01
4.515000e-03,2.311746e-01,1.905823e-01,1.822202e-01,-4.778581e+01,-3.813868e+01,-3.377406e+01
4.520000e-03,2.408461e-01,2.074723e-01,2.050149e-01,-4.010522e+01,-3.106539e+01,-2.728625e+01
4.525000e-03,2.495671e-01,2.098304e-01,1.936765e-01,-3.226635e+01,-2.360757e+01,-1.994560e+01
4.530000e-03,2.573031e-01,2.200414e-01,2.087091e-01,-2.430014e+01,-1.602782e+01,-1.260103e+01
4.535000e-03,2.640237e-01,2.297597e-01,2.223085e-01,-1.623803e+01,-8.364992e+00,-5.256242e+00
4.540000e-03,2.697023e-01,2.388498e-01,2.342744e-01,-8.111834e+00,-6.622100e-01,2.087060e+00
4.545000e-03,2.743165e-01,2.475186e-01,2.444333e-01,4.637473e-02,7.035805e+00,9.427628e+00
4.550000e-03,2.778481e-01,2.556267e-01,2.526007e-01,8.204400e+00,1.469365e+01,1.676282e+01
4.555000e-03,2.802832e-01,2.631700e-01,2.585760e-01,1.633005e+01,2.226631e+01,2.408990e+01
4.560000e-03,2.816121e-01,2.701637e-01,2.622099e-01,2.439125e+01,2.972075e+01,3.140597e+01
4.565000e-03,2.818296e-01,2.826479e-01,2.981549e-01,3.235618e+01,3.675724e+01,3.778117e+01
4.570000e-03,2.809349e-01,2.824501e-01,3.013664e-01,4.019343e+01,4.379161e+01,4.416092e+01
4.575000e-03,2.789315e-01,2.813063e-01,3.016273e-01,4.787204e+01,5.075177e+01,5.054139e+01
4.580000e-03,2.758272e-01,2.797144e-01,2.987833e-01,5.536173e+01,5.762479e+01,5.691950e+01
4.585000e-03,2.716344e-01,2.772658e-01,2.927668e-01,6.263293e+01,6.433126e+01,6.329183e+01
4.590000e-03,2.663695e-01,2.741482e-01,2.835313e-01,6.965695e+01,7.083247e+01,6.965389e+01
4.595000e-03,2.600534e-01,2.704357e-01,2.709914e-01,7.640607e+01,7.715121e+01,7.600080e+01
4.600000e-03,2.527110e-01,2.659277e-01,2.550278e-01,8.285364e+01,8.314917e+01,8.232759e+01
4.605000e-03,2.443713e-01,2.860689e-01,3.292136e-01,8.897423e+01,8.800682e+01,8.614998e+01
4.610000e-03,2.350672e-01,2.756043e-01,3.199327e-01,9.474368e+01,9.275931e+01,8.997805e+01
4.615000e-03,2.248353e-01,2.642992e-01,3.067135e-01,1.001392e+02,9.733953e+01,9.380642e+01
4.620000e-03,2.137161e-01,2.521569e-01,2.898069e-01,1.051395e+02,1.016926e+02,9.763286e+01
4.625000e-03,2.017535e-01,2.392166e-01,2.691728e-01,1.097249e+02,1.057706e+02,1.014551e+02
4.630000e-03,1.889947e-01,2.255184e-01,2.446202e-01,1.138773e+02,1.095326e+02,1.052679e+02
4.635000e-03,1.754899e-01,2.111015e-01,2.163755e-01,1.175802e+02,1.129428e+02,1.090667e+02
4.640000e-03,1.612926e-01,1.960483e-01,1.846030e-01,1.208191e+02,1.159982e+02,1.128465e+02
4.645000e-03,1.464588e-01,2.181863e-01,2.789805e-01,1.235812e+02,1.175055e+02,1.131505e+02
4.650000e-03,1.310469e-01,1.999427e-01,2.579766e-01,1.258556e+02,1.187620e+02,1.135071e+02
4.655000e-03,1.151179e-01,1.811813e-01,2.337630e-01,1.276333e+02,1.198580e+02,1.138927e+02
4.660000e-03,9.873456e-02,1.615083e-01,2.065012e-01,1.289072e+02,1.205527e+02,1.142902e+02
4.665000e-03,8.196154e-02,1.413269e-01,1.760880e-01,1.296725e+02,1.209733e+02,1.146793e+02
4.670000e-03,6.486506e-02,1.206507e-01,1.430068e-01,1.299259e+02,1.211125e+02,1.150418e+02
4.675000e-03,4.751259e-02,9.927771e-02,1.074500e-01,1.296666e+02,1.207786e+02,1.153621e+02
4.680000e-03,2.997261e-02,7.756036e-02,6.948135e-02,1.288956e+02,1.201676e+02,1.156250e+02
4.685000e-03,1.231434e-02,9.649295e-02,1.602017e-01,1.276159e+02,1.179230e+02,1.123255e+02
4.690000e-03,-5.392532e-03,7.508122e-02,1.346779e-01,1.258325e+02,1.153983e+02,1.090513e+02
4.695000e-03,-2.307812e-02,5.335558e-02,1.065906e-01,1.235526e+02,1.126793e+02,1.057951e+02
4.700000e-03,-4.067263e-02,3.122284e-02,7.618909e-02,1.207850e+02,1.096562e+02,1.025503e+02
4.705000e-03,-5.810662e-02,8.725152e-03,4.367817e-02,1.175408e+02,1.062953e+02,9.931050e+01
4.710000e-03,-7.531129e-02,-1.400317e-02,9.169520e-03,1.138326e+02,1.026746e+02,9.606909e+01
4.715000e-03,-9.221875e-02,-3.693304e-02,-2.703255e-02,1.096752e+02,9.879871e+01,9.282033e+01
4.720000e-03,-1.087623e-01,-6.006150e-02,-6.467314e-02,1.050850e+02,9.460448e+01,8.955978e+01
4.725000e-03,-1.248765e-01,-4.903880e-02,7.771903e-04,1.000801e+02,8.917739e+01,8.353142e+01
4.730000e-03,-1.404980e-01,-6.831922e-02,-2.329895e-02,9.468018e+01,8.350904e+01,7.750046e+01
4.735000e-03,-1.555649e-01,-8.760997e-02,-4.848526e-02,8.890662e+01,7.764444e+01,7.146920e+01
4.740000e-03,-1.700179e-01,-1.068738e-01,-7.441061e-02,8.278217e+01,7.157810e+01,6.544029e+01
4.745000e-03,-1.838000e-01,-1.260681e-01,-1.009157e-01,7.633103e+01,6.532527e+01,5.941391e+01
4.750000e-03,-1.968566e-01,-1.451539e-01,-1.278076e-01,6.957864e+01,5.890386e+01,5.339298e+01
4.755000e-03,-2.091364e-01,-1.640947e-01,-1.547950e-01,6.255166e+01,5.233438e+01,4.737989e+01
4.760000e-03,-2.205908e-01,-1.828484e-01,-1.816842e-01,5.527781e+01,4.563620e+01,4.137677e+01
4.765000e-03,-2.311746e-01,-1.824467e-01,-1.583893e-01,4.778581e+01,3.836688e+01,3.408392e+01
4.770000e-03,-2.408461e-01,-1.948642e-01,-1.759357e-01,4.010522e+01,3.094118e+01,2.678740e+01
4.775000e-03,-2.495671e-01,-2.069090e-01,-1.924760e-01,3.226635e+01,2.341255e+01,1.949142e+01
4.780000e-03,-2.573031e-01,-2.185306e-01,-2.078908e-01,2.430014e+01,1.580882e+01,1.219575e+01
4.785000e-03,-2.640237e-01,-2.296691e-01,-2.218420e-01,1.623803e+01,8.169711e+00,4.902269e+00
4.790000e-03,-2.697023e-01,-2.404444e-01,-2.342585e-01,8.111834e+00,5.249950e-01,-2.386738e+00
4.795000e-03,-2.743165e-01,-2.506831e-01,-2.448336e-01,-4.637473e-02,-7.087455e+00,-9.670609e+00
4.800000e-03,-2.778481e-01,-2.604105e-01,-2.534330e-01,-8.204400e+00,-1.462512e+01,-1.694655e+01
4.805000e-03,-2.802832e-01,-2.707147e-01,-2.779597e-01,-1.633005e+01,-2.193884e+01,-2.372789e+01
4.810000e-03,-2.816121e-01,-2.731547e-01,-2.843223e-01,-2.439125e+01,-2.928677e+01,-3.051331e+01
4.815000e-03,-2.818296e-01,-2.749717e-01,-2.880213e-01,-3.235618e+01,-3.661120e+01,-3.729945e+01
4.820000e-03,-2.809349e-01,-2.761180e-01,-2.890094e-01,-4.019343e+01,-4.387243e+01,-4.408337e+01
4.825000e-03,-2.789315e-01,-2.765735e-01,-2.870886e-01,-4.787204e+01,-5.102575e+01,-5.086119e+01
4.830000e-03,-2.758272e-01,-2.762039e-01,-2.821905e-01,-5.536173e+01,-5.798517e+01,-5.762908e+01
4.835000e-03,-2.716344e-01,-2.751217e-01,-2.742105e-01,-6.263293e+01,-6.472006e+01,-6.438203e+01
4.840000e-03,-2.663695e-01,-2.735174e-01,-2.630576e-01,-6.965695e+01,-7.126433e+01,-7.111521e+01
4.845000e-03,-2.600534e-01,-2.920811e-01,-3.289732e-01,-7.640607e+01,-7.681025e+01,-7.569241e+01
4.850000e-03,-2.527110e-01,-2.839514e-01,-3.227064e-01,-8.285364e+01,-8.225605e+01,-8.027505e+01
4.855000e-03,-2.443713e-01,-2.750901e-01,-3.127391e-01,-8.897423e+01,-8.756999e+01,-8.485873e+01
4.860000e-03,-2.350672e-01,-2.654546e-01,-2.990691e-01,-9.474368e+01,-9.270024e+01,-8.944052e+01
4.865000e-03,-2.248353e-01,-2.550356e-01,-2.816849e-01,-1.001392e+02,-9.760000e+01,-9.401669e+01
4.870000e-03,-2.137161e-01,-2.436611e-01,-2.605863e-01,-1.051395e+02,-1.021340e+02,-9.858307e+01
4.875000e-03,-2.017535e-01,-2.315890e-01,-2.357872e-01,-1.097249e+02,-1.063410e+02,-1.031351e+02
4.880000e-03,-1.889947e-01,-2.189800e-01,-2.073531e-01,-1.138773e+02,-1.102709e+02,-1.076676e+02
4.885000e-03,-1.754899e-01,-2.415167e-01,-2.988892e-01,-1.175802e+02,-1.126737e+02,-1.089075e+02
4.890000e-03,-1.612926e-01,-2.248525e-01,-2.815290e-01,-1.208191e+02,-1.148819e+02,-1.101502e+02
4.895000e-03,-1.464588e-01,-2.074508e-01,-2.604712e-01,-1.235812e+02,-1.168655e+02,-1.113947e+02
4.900000e-03,-1.310469e-01,-1.893046e-01,-2.353977e-01,-1.258556e+02,-1.185699e+02,-1.126360e+02
4.905000e-03,-1.151179e-01,-1.704549e-01,-2.069113e-01,-1.276333e+02,-1.199564e+02,-1.138788e+02
4.910000e-03,-9.873456e-02,-1.509529e-01,-1.746856e-01,-1.289072e+02,-1.209936e+02,-1.151117e+02
4.915000e-03,-8.196154e-02,-1.308489e-01,-1.392041e-01,-1.296725e+02,-1.216564e+02,-1.163401e+02
4.920000e-03,-6.486506e-02,-1.102623e-01,-1.003073e-01,-1.299259e+02,-1.219824e+02,-1.175546e+02
4.925000e-03,-4.751259e-02,-1.305233e-01,-1.974600e-01,-1.296666e+02,-1.206873e+02,-1.150622e+02
4.930000e-03,-2.997261e-02,-1.094940e-01,-1.721018e-01,-1.288956e+02,-1.191287e+02,-1.126238e+02
4.935000e-03,-1.231434e-02,-8.794495e-02,-1.439325e-01,-1.276159e+02,-1.172942e+02,-1.102231e+02
4.940000e-03,5.392532e-03,-6.593000e-02,-1.132187e-01,-1.258325e+02,-1.151693e+02,-1.078474e+02
4.945000e-03,2.307812e-02,-4.350362e-02,-8.013061e-02,-1.235526e+02,-1.127385e+02,-1.054845e+02
4.950000e-03,4.067263e-02,-2.071934e-02,-4.477639e-02,-1.207850e+02,-1.099919e+02,-1.031217e+02
4.955000e-03,5.810662e-02,2.371203e-03,-7.509388e-03,-1.175408e+02,-1.069253e+02,-1.007486e+02
4.960000e-03,7.531129e-02,2.570863e-02,3.142284e-02,-1.138326e+02,-1.035534e+02,-9.835605e+01
4.965000e-03,9.221875e-02,1.235598e-02,-4.272088e-02,-1.096752e+02,-9.882199e+01,-9.290865e+01
4.970000e-03,1.087623e-01,3.264605e-02,-1.777633e-02,-1.050850e+02,-9.385665e+01,-8.745792e+01
4.975000e-03,1.248765e-01,5.305466e-02,8.626979e-03,-1.000801e+02,-8.866811e+01,-8.200782e+01
4.980000e-03,1.404980e-01,7.354245e-02,3.641122e-02,-9.468018e+01,-8.324524e+01,-7.655957e+01
4.985000e-03,1.555649e-01,9.406119e-02,6.513655e-02,-8.890662e+01,-7.758888e+01,-7.111534e+01
4.990000e-03,1.700179e-01,1.145644e-01,9.476178e-02,-8.278217e+01,-7.173664e+01,-6.567579e+01
4.995000e-03,1.838000e-01,1.350119e-01,1.249183e-01,-7.633103e+01,-6.569775e+01,-6.024260e+01
5.000000e-03,1.968566e-01,1.553607e-01,1.554685e-01,-6.957864e+01,-5.948149e+01,-5.481774e+01
5.005000e-03,2.091364e-01,1.522040e-01,1.209039e-01,-6.255166e+01,-5.251778e+01,-4.769134e+01
5.010000e-03,2.205908e-01,1.667054e-01,1.406023e-01,-5.527781e+01,-4.537184e+01,-4.056368e+01
5.015000e-03,2.311746e-01,1.809215e-01,1.598893e-01,-4.778581e+01,-3.809216e+01,-3.343539e+01
5.020000e-03,2.408461e-01,1.948061e-01,1.784133e-01,-4.010522e+01,-3.070305e+01,-2.630693e+01
5.025000e-03,2.495671e-01,2.083283e-01,1.960296e-01,-3.226635e+01,-2.323704e+01,-1.917930e+01
5.030000e-03,2.573031e-01,2.213492e-01,2.123425e-01,-2.430014e+01,-1.573323e+01,-1.205170e+01
5.035000e-03,2.640237e-01,2.339477e-01,2.273452e-01,-1.623803e+01,-8.222417e+00,-4.925605e+00
5.040000e-03,2.697023e-01,2.464607e-01,2.405772e-01,-8.111834e+00,-7.151739e-01,2.199330e+00
5.045000e-03,2.743165e-01,2.543413e-01,2.536495e-01,4.637472e-02,6.766997e+00,9.275913e+00
5.050000e-03,2.778481e-01,2.595783e-01,2.630801e-01,8.204400e+00,1.431796e+01,1.635524e+01
5.055000e-03,2.802832e-01,2.640175e-01,2.702598e-01,1.633005e+01,2.188019e+01,2.343517e+01
5.060000e-03,2.816121e-01,2.678817e-01,2.750185e-01,2.439125e+01,2.940493e+01,3.051343e+01
5.065000e-03,2.818296e-01,2.711004e-01,2.772027e-01,3.235618e+01,3.684965e+01,3.758725e+01
5.070000e-03,2.809349e-01,2.736642e-01,2.766500e-01,4.019343e+01,4.416936e+01,4.465341e+01
5.075000e-03,2.789315e-01,2.755747e-01,2.732168e-01,4.787204e+01,5.132234e+01,5.170845e+01
5.080000e-03,2.758272e-01,2.767987e-01,2.668705e-01,5.536173e+01,5.825387e+01,5.874815e+01
5.085000e-03,2.716344e-01,2.935973e-01,3.237158e-01,6.263293e+01,6.439826e+01,6.401062e+01
5.090000e-03,2.663695e-01,2.881132e-01,3.206075e-01,6.965695e+01,7.048641e+01,6.927817e+01
5.095000e-03,2.600534e-01,2.818290e-01,3.139200e-01,7.640607e+01,7.646122e+01,7.454665e+01
5.100000e-03,2.527110e-01,2.747132e-01,3.036914e-01,8.285364e+01,8.226258e+01,7.981280e+01
5.105000e-03,2.443713e-01,2.667868e-01,2.899040e-01,8.897423e+01,8.783774e+01,8.507307e+01
5.110000e-03,2.350672e-01,2.580797e-01,2.725284e-01,9.474368e+01,9.314009e+01,9.032334e+01
5.115000e-03,2.248353e-01,2.486214e-01,2.515501e-01,1.001392e+02,9.812840e+01,9.555906e+01
5.120000e-03,2.137161e-01,2.385154e-01,2.268964e-01,1.051395e+02,1.028052e+02,1.007750e+02
5.125000e-03,2.017535e-01,2.605281e-01,3.138151e-01,1.097249e+02,1.060782e+02,1.029159e+02
5.130000e-03,1.889947e-01,2.456057e-01,2.989058e-01,1.138773e+02,1.091580e+02,1.050625e+02
5.135000e-03,1.754899e-01,2.300912e-01,2.802518e-01,1.175802e+02,1.120978e+02,1.072085e+02
5.140000e-03,1.612926e-01,2.135527e-01,2.575010e-01,1.208191e+02,1.146723e+02,1.093550e+02
5.145000e-03,1.464588e-01,1.964672e-01,2.311940e-01,1.235812e+02,1.170065e+02,1.114948e+02
5.150000e-03,1.310469e-01,1.787458e-01,2.011930e-01,1.258556e+02,1.190494e+02,1.136299e+02
5.155000e-03,1.151179e-01,1.601314e-01,1.675285e-01,1.276333e+02,1.205760e+02,1.157509e+02
5.160000e-03,9.873456e-02,1.412001e-01,1.306776e-01,1.289072e+02,1.218946e+02,1.178573e+02
5.165000e-03,8.196154e-02,1.624657e-01,2.281351e-01,1.296725e+02,1.215354e+02,1.162794e+02
5.170000e-03,6.486506e-02,1.420702e-01,2.038240e-01,1.299259e+02,1.209161e+02,1.147555e+02
5.175000e-03,4.751259e-02,1.210982e-01,1.767095e-01,1.296666e+02,1.200348e+02,1.132682e+02
5.180000e-03,2.997261e-02,9.958269e-02,1.465133e-01,1.288956e+02,1.188636e+02,1.117993e+02
5.185000e-03,1.231434e-02,7.757665e-02,1.139271e-01,1.276159e+02,1.173812e+02,1.103340e+02
5.190000e-03,-5.392532e-03,5.512671e-02,7.884425e-02,1.258325e+02,1.155677e+02,1.088611e+02
5.195000e-03,-2.307812e-02,3.224623e-02,4.155294e-02,1.235526e+02,1.133740e+02,1.073642e+02
5.200000e-03,-4.067263e-02,9.062195e-03,2.443805e-03,1.207850e+02,1.108684e+02,1.058346e+02
5.205000e-03,-5.810662e-02,2.451034e-02,8.311383e-02,1.175408e+02,1.069054e+02,1.010360e+02
5.210000e-03,-7.531129e-02,3.500576e-03,5.772347e-02,1.138326e+02,1.026667e+02,9.623981e+01
5.215000e-03,-9.221875e-02,-1.766467e-02,3.047980e-02,1.096752e+02,9.825965e+01,9.144658e+01
5.220000e-03,-1.087623e-01,-3.905186e-02,1.426856e-03,1.050850e+02,9.354589e+01,8.665471e+01
5.225000e-03,-1.248765e-01,-6.056073e-02,-2.902029e-02,1.000801e+02,8.857802e+01,8.186762e+01
5.230000e-03,-1.404980e-01,-8.213806e-02,-6.079940e-02,9.468018e+01,8.340999e+01,7.708296e+01
5.235000e-03,-1.555649e-01,-1.037645e-01,-9.353513e-02,8.890662e+01,7.801686e+01,7.230323e+01
5.240000e-03,-1.700179e-01,-1.253926e-01,-1.271276e-01,8.278217e+01,7.239448e+01,6.752789e+01
5.245000e-03,-1.838000e-01,-1.195068e-01,-8.122556e-02,7.633103e+01,6.584725e+01,6.065913e+01
5.250000e-03,-1.968566e-01,-1.358861e-01,-1.028150e-01,6.957864e+01,5.910036e+01,5.378672e+01
5.255000e-03,-2.091364e-01,-1.520691e-01,-1.243789e-01,6.255166e+01,5.218101e+01,4.691478e+01
5.260000e-03,-2.205908e-01,-1.680121e-01,-1.457453e-01,5.527781e+01,4.511855e+01,4.004363e+01
5.265000e-03,-2.311746e-01,-1.836838e-01,-1.666566e-01,4.778581e+01,3.794064e+01,3.317445e+01
5.270000e-03,-2.408461e-01,-1.990553e-01,-1.868218e-01,4.010522e+01,3.067617e+01,2.630704e+01
5.275000e-03,-2.495671e-01,-2.140315e-01,-2.062159e-01,3.226635e+01,2.335399e+01,1.944472e+01
5.280000e-03,-2.573031e-01,-2.287982e-01,-2.244441e-01,2.430014e+01,1.601251e+01,1.259045e+01
5.285000e-03,-2.640237e-01,-2.339536e-01,-2.251792e-01,1.623803e+01,8.486061e+00,5.325722e+00
5.290000e-03,-2.697023e-01,-2.416798e-01,-2.375132e-01,8.111834e+00,8.583381e-01,-1.942541e+00
5.295000e-03,-2.743165e-01,-2.488764e-01,-2.479601e-01,-4.637472e-02,-6.816213e+00,-9.211321e+00
5.300000e-03,-2.778481e-01,-2.553127e-01,-2.564174e-01,-8.204400e+00,-1.448310e+01,-1.647854e+01
5.305000e-03,-2.802832e-01,-2.613058e-01,-2.626679e-01,-1.633005e+01,-2.211103e+01,-2.374138e+01
5.310000e-03,-2.816121e-01,-2.666756e-01,-2.665434e-01,-2.439125e+01,-2.965332e+01,-3.099692e+01
5.315000e-03,-2.818296e-01,-2.714384e-01,-2.678912e-01,-3.235618e+01,-3.707010e+01,-3.824176e+01
5.320000e-03,-2.809349e-01,-2.756261e-01,-2.665932e-01,-4.019343e+01,-4.433467e+01,-4.547204e+01
5.325000e-03,-2.789315e-01,-2.903889e-01,-3.132670e-01,-4.787204e+01,-5.097630e+01,-5.133495e+01
5.330000e-03,-2.758272e-01,-2.874305e-01,-3.133384e-01,-5.536173e+01,-5.757504e+01,-5.720304e+01
5.335000e-03,-2.716344e-01,-2.838528e-01,-3.100778e-01,-6.263293e+01,-6.411771e+01,-6.307199e+01
5.340000e-03,-2.663695e-01,-2.792835e-01,-3.034944e-01,-6.965695e+01,-7.046649e+01,-6.893846e+01
5.345000e-03,-2.600534e-01,-2.742058e-01,-2.935438e-01,-7.640607e+01,-7.668555e+01,-7.479894e+01
5.350000e-03,-2.527110e-01,-2.681990e-01,-2.801690e-01,-8.285364e+01,-8.262803e+01,-8.064930e+01
5.355000e-03,-2.443713e-01,-2.614620e-01,-2.632990e-01,-8.897423e+01,-8.827746e+01,-8.648497e+01
5.360000e-03,-2.350672e-01,-2.542139e-01,-2.428231e-01,-9.474368e+01,-9.371098e+01,-9.230000e+01
5.365000e-03,-2.248353e-01,-2.754876e-01,-3.211181e-01,-1.001392e+02,-9.781169e+01,-9.534556e+01
5.370000e-03,-2.137161e-01,-2.627663e-01,-3.066724e-01,-1.051395e+02,-1.017793e+02,-9.846429e+01
5.375000e-03,-2.017535e-01,-2.492131e-01,-2.892212e-01,-1.097249e+02,-1.055518e+02,-1.016195e+02
5.380000e-03,-1.889947e-01,-2.348311e-01,-2.688853e-01,-1.138773e+02,-1.090744e+02,-1.047687e+02
5.385000e-03,-1.754899e-01,-2.196659e-01,-2.458331e-01,-1.175802e+02,-1.123011e+02,-1.078896e+02
5.390000e-03,-1.612926e-01,-2.037632e-01,-2.199995e-01,-1.208191e+02,-1.151929e+02,-1.109450e+02
5.395000e-03,-1.464588e-01,-1.871670e-01,-1.918990e-01,-1.235812e+02,-1.177168e+02,-1.139142e+02
5.400000e-03,-1.310469e-01,-1.699894e-01,-1.611627e-01,-1.258556e+02,-1.198923e+02,-1.167689e+02
5.405000e-03,-1.151179e-01,-1.918241e-01,-2.516790e-01,-1.276333e+02,-1.204652e+02,-1.161548e+02
5.410000e-03,-9.873456e-02,-1.724139e-01,-2.291223e-01,-1.289072e+02,-1.208064e+02,-1.155837e+02
5.415000e-03,-8.196154e-02,-1.523536e-01,-2.034708e-01,-1.296725e+02,-1.208939e+02,-1.150352e+02
5.420000e-03,-6.486506e-02,-1.316744e-01,-1.749460e-01,-1.299259e+02,-1.206938e+02,-1.144903e+02
5.425000e-03,-4.751259e-02,-1.104285e-01,-1.437461e-01,-1.296666e+02,-1.201791e+02,-1.139307e+02
5.430000e-03,-2.997261e-02,-8.859942e-02,-1.100610e-01,-1.288956e+02,-1.192776e+02,-1.133397e+02
5.435000e-03,-1.231434e-02,-6.631828e-02,-7.407755e-02,-1.276159e+02,-1.180237e+02,-1.127019e+02
5.440000e-03,5.392532e-03,-4.366197e-02,-3.596966e-02,-1.258325e+02,-1.164384e+02,-1.120040e+02
5.445000e-03,2.307812e-02,-6.099375e-02,-1.220238e-01,-1.235526e+02,-1.133171e+02,-1.078697e+02
5.450000e-03,4.067263e-02,-3.965084e-02,-9.627052e-02,-1.207850e+02,-1.099410e+02,-1.037621e+02
5.455000e-03,5.810662e-02,-1.799505e-02,-6.840075e-02,-1.175408e+02,-1.063121e+02,-9.967433e+01
5.460000e-03,7.531129e-02,3.940900e-03,-3.835510e-02,-1.138326e+02,-1.024136e+02,-9.559883e+01
5.465000e-03,9.221875e-02,2.610649e-02,-6.673653e-03,-1.096752e+02,-9.824201e+01,-9.153264e+01
5.470000e-03,1.087623e-01,4.845032e-02,2.680055e-02,-1.050850e+02,-9.379930e+01,-8.747145e+01
5.475000e-03,1.248765e-01,7.092290e-02,6.152518e-02,-1.000801e+02,-8.909182e+01,-8.341115e+01
5.480000e-03,1.404980e-01,9.347439e-02,9.742766e-02,-9.468018e+01,-8.416306e+01,-7.935053e+01
5.485000e-03,1.555649e-01,8.493767e-02,4.119417e-02,-8.890662e+01,-7.812649e+01,-7.284076e+01
5.490000e-03,1.700179e-01,1.029028e-01,6.408540e-02,-8.278217e+01,-7.186773e+01,-6.632481e+01
5.495000e-03,1.838000e-01,1.207784e-01,8.757225e-02,-7.633103e+01,-6.542551e+01,-5.980870e+01
5.500000e-03,1.968566e-01,1.385214e-01,1.113417e-01,-6.957864e+01,-5.880896e+01,-5.329426e+01
5.505000e-03,2.091364e-01,1.560922e-01,1.351974e-01,-6.255166e+01,-5.203991e+01,-4.678298e+01
5.510000e-03,2.205908e-01,1.734560e-01,1.589029e-01,-5.527781e+01,-4.514214e+01,-4.027662e+01
5.515000e-03,2.311746e-01,1.905803e-01,1.822739e-01,-4.778581e+01,-3.814116e+01,-3.377845e+01
5.520000e-03,2.408461e-01,2.074682e-01,2.050165e-01,-4.010522e+01,-3.106733e+01,-2.729091e+01
5.525000e-03,2.495671e-01,2.098377e-01,1.936869e-01,-3.226635e+01,-2.361189e+01,-1.995002e+01
5.530000e-03,2.573031e-01,2.200079e-01,2.087048e-01,-2.430014e+01,-1.602966e+01,-1.260521e+01
5.535000e-03,2.640237e-01,2.296960e-01,2.223034e-01,-1.623803e+01,-8.365725e+00,-5.260267e+00
5.540000e-03,2.697023e-01,2.388876e-01,2.342956e-01,-8.111834e+00,-6.633221e-01,2.083442e+00
5.545000e-03,2.743165e-01,2.475512e-01,2.444452e-01,4.637472e-02,7.038604e+00,9.424218e+00
5.550000e-03,2.778481e-01,2.556185e-01,2.526037e-01,8.204400e+00,1.469149e+01,1.675976e+01
5.555000e-03,2.802832e-01,2.631658e-01,2.585852e-01,1.633005e+01,2.226452e+01,2.408718e+01
5.560000e-03,2.816121e-01,2.701645e-01,2.622181e-01,2.439125e+01,2.971954e+01,3.140353e+01
5.565000e-03,2.818296e-01,2.826595e-01,2.981581e-01,3.235618e+01,3.675636e+01,3.777883e+01
5.570000e-03,2.809349e-01,2.824976e-01,3.013611e-01,4.019343e+01,4.379825e+01,4.415873e+01
5.575000e-03,2.789315e-01,2.816047e-01,3.016106e-01,4.787204e+01,5.078568e+01,5.053944e+01
5.580000e-03,2.758272e-01,2.799453e-01,2.987995e-01,5.536173e+01,5.766314e+01,5.691785e+01
5.585000e-03,2.716344e-01,2.775264e-01,2.928206e-01,6.263293e+01,6.437916e+01,6.329013e+01
5.590000e-03,2.663695e-01,2.743649e-01,2.835308e-01,6.965695e+01,7.088699e+01,6.965222e+01
5.595000e-03,2.600534e-01,2.704777e-01,2.709464e-01,7.640607e+01,7.714398e+01,7.599943e+01
5.600000e-03,2.527110e-01,2.659859e-01,2.550320e-01,8.285364e+01,8.315898e+01,8.232625e+01
5.605000e-03,2.443713e-01,2.860511e-01,3.292218e-01,8.897423e+01,8.801353e+01,8.614872e+01
5.610000e-03,2.350672e-01,2.755891e-01,3.199537e-01,9.474368e+01,9.276385e+01,8.997648e+01
5.615000e-03,2.248353e-01,2.642869e-01,3.068228e-01,1.001392e+02,9.734341e+01,9.380538e+01
5.620000e-03,2.137161e-01,2.521447e-01,2.898760e-01,1.051395e+02,1.016963e+02,9.763252e+01
5.625000e-03,2.017535e-01,2.392027e-01,2.691423e-01,1.097249e+02,1.057746e+02,1.014543e+02
5.630000e-03,1.889947e-01,2.255014e-01,2.446513e-01,1.138773e+02,1.095367e+02,1.052669e+02
5.635000e-03,1.754899e-01,2.110798e-01,2.164463e-01,1.175802e+02,1.129471e+02,1.090658e+02
5.640000e-03,1.612926e-01,1.960207e-01,1.846065e-01,1.208191e+02,1.160022e+02,1.128461e+02
5.645000e-03,1.464588e-01,2.181686e-01,2.788863e-01,1.235812e+02,1.175099e+02,1.131528e+02
5.650000e-03,1.310469e-01,1.999279e-01,2.578581e-01,1.258556e+02,1.187665e+02,1.135109e+02
5.655000e-03,1.151179e-01,1.811460e-01,2.337102e-01,1.276333e+02,1.198542e+02,1.139012e+02
5.660000e-03,9.873456e-02,1.614813e-01,2.062516e-01,1.289072e+02,1.205500e+02,1.142984e+02
5.665000e-03,8.196154e-02,1.413183e-01,1.761654e-01,1.296725e+02,1.209787e+02,1.146884e+02
5.670000e-03,6.486506e-02,1.206650e-01,1.429417e-01,1.299259e+02,1.211338e+02,1.150513e+02
5.675000e-03,4.751259e-02,9.925119e-02,1.074738e-01,1.296666e+02,1.207669e+02,1.153703e+02
5.680000e-03,2.997261e-02,7.755391e-02,6.950861e-02,1.288956e+02,1.201698e+02,1.156311e+02
5.685000e-03,1.231434e-02,9.649153e-02,1.615420e-01,1.276159e+02,1.179277e+02,1.122823e+02
5.690000e-03,-5.392532e-03,7.510231e-02,1.356029e-01,1.258325e+02,1.154190e+02,1.089834e+02
5.695000e-03,-2.307812e-02,5.333593e-02,1.071439e-01,1.235526e+02,1.126666e+02,1.057183e+02
5.700000e-03,-4.067263e-02,3.120645e-02,7.643161e-02,1.207850e+02,1.096392e+02,1.024756e+02
5.705000e-03,-5.810662e-02,8.754976e-03,4.368259e-02,1.175408e+02,1.063270e+02,9.924455e+01
5.710000e-03,-7.531129e-02,-1.396941e-02,9.091782e-03,1.138326e+02,1.027251e+02,9.601555e+01
5.715000e-03,-9.221875e-02,-3.693426e-02,-2.717782e-02,1.096752e+02,9.880603e+01,9.277998e+01
5.720000e-03,-1.087623e-01,-6.006595e-02,-6.481741e-02,1.050850e+02,9.460533e+01,8.953083e+01
5.725000e-03,-1.248765e-01,-4.903378e-02,8.748077e-04,1.000801e+02,8.918542e+01,8.350680e+01
5.730000e-03,-1.404980e-01,-6.831678e-02,-2.320676e-02,9.468018e+01,8.353747e+01,7.747738e+01
5.735000e-03,-1.555649e-01,-8.761735e-02,-4.840285e-02,8.890662e+01,7.766737e+01,7.144793e+01
5.740000e-03,-1.700179e-01,-1.068863e-01,-7.433158e-02,8.278217e+01,7.159353e+01,6.542025e+01
5.745000e-03,-1.838000e-01,-1.260817e-01,-1.008664e-01,7.633103e+01,6.533207e+01,5.939529e+01
5.750000e-03,-1.968566e-01,-1.451634e-01,-1.277614e-01,6.957864e+01,5.890200e+01,5.337639e+01
5.755000e-03,-2.091364e-01,-1.640934e-01,-1.547496e-01,6.255166e+01,5.232484e+01,4.736481e+01
5.760000e-03,-2.205908e-01,-1.828620e-01,-1.816391e-01,5.527781e+01,4.563410e+01,4.136296e+01
5.765000e-03,-2.311746e-01,-1.824573e-01,-1.583311e-01,4.778581e+01,3.836972e+01,3.407089e+01
5.770000e-03,-2.408461e-01,-1.948991e-01,-1.758641e-01,4.010522e+01,3.095078e+01,2.677517e+01
5.775000e-03,-2.495671e-01,-2.069551e-01,-1.924652e-01,3.226635e+01,2.341845e+01,1.947978e+01
5.780000e-03,-2.573031e-01,-2.185767e-01,-2.077865e-01,2.430014e+01,1.581072e+01,1.218515e+01
5.785000e-03,-2.640237e-01,-2.297432e-01,-2.218541e-01,1.623803e+01,8.165999e+00,4.892308e+00
5.790000e-03,-2.697023e-01,-2.404268e-01,-2.342143e-01,8.111834e+00,5.262860e-01,-2.395654e+00
5.795000e-03,-2.743165e-01,-2.506738e-01,-2.447949e-01,-4.637472e-02,-7.086930e+00,-9.679115e+00
5.800000e-03,-2.778481e-01,-2.604024e-01,-2.534119e-01,-8.204400e+00,-1.462519e+01,-1.695438e+01
5.805000e-03,-2.802832e-01,-2.707081e-01,-2.779244e-01,-1.633005e+01,-2.193889e+01,-2.373546e+01
5.810000e-03,-2.816121e-01,-2.731117e-01,-2.842872e-01,-2.439125e+01,-2.928280e+01,-3.052086e+01
5.815000e-03,-2.818296e-01,-2.750257e-01,-2.879576e-01,-3.235618e+01,-3.661621e+01,-3.730662e+01
5.820000e-03,-2.809349e-01,-2.760435e-01,-2.889498e-01,-4.019343e+01,-4.386531e+01,-4.408990e+01
5.825000e-03,-2.789315e-01,-2.763833e-01,-2.871187e-01,-4.787204e+01,-5.098331e+01,-5.086798e+01
5.830000e-03,-2.758272e-01,-2.761425e-01,-2.821668e-01,-5.536173e+01,-5.796719e+01,-5.763596e+01
5.835000e-03,-2.716344e-01,-2.751189e-01,-2.741377e-01,-6.263293e+01,-6.472455e+01,-6.438872e+01
5.840000e-03,-2.663695e-01,-2.734996e-01,-2.630518e-01,-6.965695e+01,-7.126064e+01,-7.112095e+01
5.845000e-03,-2.600534e-01,-2.921108e-01,-3.289750e-01,-7.640607e+01,-7.680704e+01,-7.569793e+01
5.850000e-03,-2.527110e-01,-2.839619e-01,-3.227446e-01,-8.285364e+01,-8.224627e+01,-8.028050e+01
5.855000e-03,-2.443713e-01,-2.750610e-01,-3.127558e-01,-8.897423e+01,-8.756710e+01,-8.486416e+01
5.860000e-03,-2.350672e-01,-2.652479e-01,-2.990566e-01,-9.474368e+01,-9.264164e+01,-8.944571e+01
5.865000e-03,-2.248353e-01,-2.549179e-01,-2.816542e-01,-1.001392e+02,-9.755872e+01,-9.402156e+01
5.870000e-03,-2.137161e-01,-2.435217e-01,-2.605485e-01,-1.051395e+02,-1.020793e+02,-9.858760e+01
5.875000e-03,-2.017535e-01,-2.314886e-01,-2.357531e-01,-1.097249e+02,-1.062927e+02,-1.031394e+02
5.880000e-03,-1.889947e-01,-2.189459e-01,-2.073491e-01,-1.138773e+02,-1.102603e+02,-1.076719e+02
5.885000e-03,-1.754899e-01,-2.415191e-01,-2.988989e-01,-1.175802e+02,-1.126694e+02,-1.089113e+02
5.890000e-03,-1.612926e-01,-2.248011e-01,-2.816074e-01,-1.208191e+02,-1.148576e+02,-1.101541e+02
5.895000e-03,-1.464588e-01,-2.073434e-01,-2.603488e-01,-1.235812e+02,-1.168379e+02,-1.113976e+02
5.900000e-03,-1.310469e-01,-1.891275e-01,-2.354347e-01,-1.258556e+02,-1.185045e+02,-1.126402e+02
5.905000e-03,-1.151179e-01,-1.704352e-01,-2.069582e-01,-1.276333e+02,-1.199583e+02,-1.138806e+02
5.910000e-03,-9.873456e-02,-1.508588e-01,-1.747555e-01,-1.289072e+02,-1.209488e+02,-1.151157e+02
5.915000e-03,-8.196154e-02,-1.307521e-01,-1.391305e-01,-1.296725e+02,-1.215900e+02,-1.163424e+02
5.920000e-03,-6.486506e-02,-1.102557e-01,-1.003036e-01,-1.299259e+02,-1.219734e+02,-1.175574e+02
5.925000e-03,-4.751259e-02,-1.305212e-01,-1.974711e-01,-1.296666e+02,-1.206715e+02,-1.150645e+02
5.930000e-03,-2.997261e-02,-1.094902e-01,-1.721265e-01,-1.288956e+02,-1.191101e+02,-1.126255e+02
5.935000e-03,-1.231434e-02,-8.795213e-02,-1.439456e-01,-1.276159e+02,-1.172804e+02,-1.102244e+02
5.940000e-03,5.392532e-03,-6.594344e-02,-1.131931e-01,-1.258325e+02,-1.151590e+02,-1.078483e+02
5.945000e-03,2.307812e-02,-4.352021e-02,-8.008585e-02,-1.235526e+02,-1.127301e+02,-1.054847e+02
5.950000e-03,4.067263e-02,-2.073704e-02,-4.483174e-02,-1.207850e+02,-1.099837e+02,-1.031218e+02
5.955000e-03,5.810662e-02,2.353691e-03,-7.539520e-03,-1.175408e+02,-1.069153e+02,-1.007490e+02
5.960000e-03,7.531129e-02,2.568659e-02,3.143320e-02,-1.138326e+02,-1.035483e+02,-9.835648e+01
5.965000e-03,9.221875e-02,1.234488e-02,-4.273030e-02,-1.096752e+02,-9.881573e+01,-9.290907e+01
5.970000e-03,1.087623e-01,3.265012e-02,-1.781289e-02,-1.050850e+02,-9.381604e+01,-8.745841e+01
5.975000e-03,1.248765e-01,5.303645e-02,8.695741e-03,-1.000801e+02,-8.866250e+01,-8.200856e+01
5.980000e-03,1.404980e-01,7.352698e-02,3.636192e-02,-9.468018e+01,-8.320987e+01,-7.656075e+01
5.985000e-03,1.555649e-01,9.403217e-02,6.514900e-02,-8.890662e+01,-7.755096e+01,-7.111501e+01
5.990000e-03,1.700179e-01,1.145273e-01,9.476652e-02,-8.278217e+01,-7.171992e+01,-6.567606e+01
5.995000e-03,1.838000e-01,1.349731e-01,1.249033e-01,-7.633103e+01,-6.568426e+01,-6.024277e+01
6.000000e-03,1.968566e-01,1.553343e-01,1.554709e-01,-6.957864e+01,-5.948264e+01,-5.481760e+01
6.005000e-03,2.091364e-01,1.521756e-01,1.209021e-01,-6.255166e+01,-5.251974e+01,-4.769113e+01
6.010000e-03,2.205908e-01,1.667007e-01,1.405985e-01,-5.527781e+01,-4.537746e+01,-4.056347e+01
6.015000e-03,2.311746e-01,1.809326e-01,1.598892e-01,-4.778581e+01,-3.809524e+01,-3.343514e+01
6.020000e-03,2.408461e-01,1.948309e-01,1.784022e-01,-4.010522e+01,-3.070435e+01,-2.630683e+01
6.025000e-03,2.495671e-01,2.083716e-01,1.960270e-01,-3.226635e+01,-2.323629e+01,-1.917882e+01
6.030000e-03,2.573031e-01,2.213667e-01,2.123258e-01,-2.430014e+01,-1.572359e+01,-1.205181e+01
6.035000e-03,2.640237e-01,2.341932e-01,2.273275e-01,-1.623803e+01,-8.206927e+00,-4.924830e+00
6.040000e-03,2.697023e-01,2.465280e-01,2.405763e-01,-8.111834e+00,-7.019716e-01,2.199318e+00
6.045000e-03,2.743165e-01,2.543794e-01,2.536518e-01,4.637472e-02,6.776319e+00,9.275842e+00
6.050000e-03,2.778481e-01,2.595207e-01,2.630828e-01,8.204400e+00,1.432764e+01,1.635511e+01
6.055000e-03,2.802832e-01,2.638420e-01,2.702627e-01,1.633005e+01,2.187300e+01,2.343498e+01
6.060000e-03,2.816121e-01,2.678005e-01,2.750213e-01,2.439125e+01,2.940629e+01,3.051319e+01
6.065000e-03,2.818296e-01,2.708715e-01,2.772053e-01,3.235618e+01,3.681937e+01,3.758698e+01
6.070000e-03,2.809349e-01,2.735163e-01,2.766514e-01,4.019343e+01,4.414628e+01,4.465313e+01
6.075000e-03,2.789315e-01,2.754424e-01,2.732172e-01,4.787204e+01,5.130143e+01,5.170819e+01
6.080000e-03,2.758272e-01,2.767355e-01,2.668696e-01,5.536173e+01,5.825240e+01,5.874794e+01
6.085000e-03,2.716344e-01,2.936037e-01,3.237013e-01,6.263293e+01,6.439722e+01,6.401013e+01
6.090000e-03,2.663695e-01,2.880508e-01,3.205629e-01,6.965695e+01,7.047237e+01,6.927721e+01
6.095000e-03,2.600534e-01,2.815506e-01,3.139144e-01,7.640607e+01,7.641476e+01,7.454531e+01
6.100000e-03,2.527110e-01,2.744327e-01,3.037193e-01,8.285364e+01,8.219853e+01,7.981139e+01
6.105000e-03,2.443713e-01,2.666078e-01,2.899371e-01,8.897423e+01,8.780073e+01,8.507165e+01
6.110000e-03,2.350672e-01,2.578410e-01,2.725384e-01,9.474368e+01,9.306115e+01,9.032184e+01
6.115000e-03,2.248353e-01,2.485531e-01,2.515087e-01,1.001392e+02,9.811133e+01,9.555727e+01
6.120000e-03,2.137161e-01,2.384727e-01,2.268857e-01,1.051395e+02,1.027947e+02,1.007726e+02
6.125000e-03,2.017535e-01,2.605217e-01,3.138574e-01,1.097249e+02,1.060710e+02,1.029131e+02
6.130000e-03,1.889947e-01,2.456353e-01,2.989914e-01,1.138773e+02,1.091636e+02,1.050584e+02
6.135000e-03,1.754899e-01,2.300465e-01,2.801997e-01,1.175802e+02,1.120657e+02,1.072047e+02
6.140000e-03,1.612926e-01,2.137184e-01,2.575862e-01,1.208191e+02,1.147195e+02,1.093497e+02
6.145000e-03,1.464588e-01,1.966634e-01,2.312288e-01,1.235812e+02,1.170853e+02,1.114903e+02
6.150000e-03,1.310469e-01,1.787607e-01,2.012121e-01,1.258556e+02,1.190344e+02,1.136231e+02
6.155000e-03,1.151179e-01,1.602373e-01,1.676338e-01,1.276333e+02,1.206173e+02,1.157443e+02
6.160000e-03,9.873456e-02,1.412438e-01,1.306513e-01,1.289072e+02,1.218951e+02,1.178499e+02
6.165000e-03,8.196154e-02,1.624681e-01,2.283020e-01,1.296725e+02,1.215270e+02,1.162698e+02
6.170000e-03,6.486506e-02,1.420152e-01,2.040665e-01,1.299259e+02,1.208852e+02,1.147437e+02
6.175000e-03,4.751259e-02,1.210492e-01,1.767684e-01,1.296666e+02,1.200085e+02,1.132533e+02
6.180000e-03,2.997261e-02,9.955474e-02,1.466638e-01,1.288956e+02,1.188454e+02,1.117830e+02
6.185000e-03,1.231434e-02,7.756566e-02,1.139711e-01,1.276159e+02,1.173735e+02,1.103181e+02
6.190000e-03,-5.392532e-03,5.511132e-02,7.889648e-02,1.258325e+02,1.155581e+02,1.088445e+02
6.195000e-03,-2.307812e-02,3.222244e-02,4.164000e-02,1.235526e+02,1.133570e+02,1.073494e+02
6.200000e-03,-4.067263e-02,9.053033e-03,2.413304e-03,1.207850e+02,1.108665e+02,1.058216e+02
6.205000e-03,-5.810662e-02,2.452010e-02,8.318326e-02,1.175408e+02,1.069081e+02,1.010236e+02
6.210000e-03,-7.531129e-02,3.543237e-03,5.782058e-02,1.138326e+02,1.027056e+02,9.622819e+01
6.215000e-03,-9.221875e-02,-1.765369e-02,3.049090e-02,1.096752e+02,9.826336e+01,9.143481e+01
6.220000e-03,-1.087623e-01,-3.902785e-02,1.478585e-03,1.050850e+02,9.357935e+01,8.664439e+01
6.225000e-03,-1.248765e-01,-6.054562e-02,-2.899483e-02,1.000801e+02,8.862359e+01,8.185740e+01
6.230000e-03,-1.404980e-01,-8.214308e-02,-6.073150e-02,9.468018e+01,8.342869e+01,7.707412e+01
6.235000e-03,-1.555649e-01,-1.037743e-01,-9.352490e-02,8.890662e+01,7.801378e+01,7.229488e+01
6.240000e-03,-1.700179e-01,-1.253993e-01,-1.271074e-01,8.278217e+01,7.239128e+01,6.752054e+01
6.245000e-03,-1.838000e-01,-1.195012e-01,-8.118497e-02,7.633103e+01,6.583392e+01,6.065192e+01
6.250000e-03,-1.968566e-01,-1.358890e-01,-1.027749e-01,6.957864e+01,5.909027e+01,5.377960e+01
6.255000e-03,-2.091364e-01,-1.520869e-01,-1.243454e-01,6.255166e+01,5.218215e+01,4.690775e+01
6.260000e-03,-2.205908e-01,-1.680340e-01,-1.457066e-01,5.527781e+01,4.512194e+01,4.003678e+01
6.265000e-03,-2.311746e-01,-1.836983e-01,-1.665712e-01,4.778581e+01,3.794082e+01,3.316752e+01
6.270000e-03,-2.408461e-01,-1.989890e-01,-1.868055e-01,4.010522e+01,3.066760e+01,2.629964e+01
6.275000e-03,-2.495671e-01,-2.141022e-01,-2.061953e-01,3.226635e+01,2.336154e+01,1.943814e+01
6.280000e-03,-2.573031e-01,-2.287970e-01,-2.244423e-01,2.430014e+01,1.601052e+01,1.258428e+01
6.285000e-03,-2.640237e-01,-2.339310e-01,-2.251394e-01,1.623803e+01,8.482466e+00,5.319690e+00
6.290000e-03,-2.697023e-01,-2.417111e-01,-2.374634e-01,8.111834e+00,8.567424e-01,-1.948374e+00
6.295000e-03,-2.743165e-01,-2.488923e-01,-2.479449e-01,-4.637472e-02,-6.819638e+00,-9.217035e+00
6.300000e-03,-2.778481e-01,-2.554227e-01,-2.564000e-01,-8.204400e+00,-1.449471e+01,-1.648386e+01
6.305000e-03,-2.802832e-01,-2.613766e-01,-2.626381e-01,-1.633005e+01,-2.212498e+01,-2.374645e+01
6.310000e-03,-2.816121e-01,-2.667251e-01,-2.665195e-01,-2.439125e+01,-2.966733e+01,-3.100177e+01
6.315000e-03,-2.818296e-01,-2.714613e-01,-2.678800e-01,-3.235618e+01,-3.707968e+01,-3.824631e+01
6.320000e-03,-2.809349e-01,-2.756366e-01,-2.665874e-01,-4.019343e+01,-4.433930e+01,-4.547637e+01
6.325000e-03,-2.789315e-01,-2.904164e-01,-3.132336e-01,-4.787204e+01,-5.098092e+01,-5.133903e+01
6.330000e-03,-2.758272e-01,-2.874808e-01,-3.132831e-01,-5.536173e+01,-5.758292e+01,-5.720671e+01
6.335000e-03,-2.716344e-01,-2.837862e-01,-3.100841e-01,-6.263293e+01,-6.410909e+01,-6.307522e+01
6.340000e-03,-2.663695e-01,-2.792730e-01,-3.035614e-01,-6.965695e+01,-7.046584e+01,-6.894141e+01
6.345000e-03,-2.600534e-01,-2.742877e-01,-2.935746e-01,-7.640607e+01,-7.671812e+01,-7.480159e+01
6.350000e-03,-2.527110e-01,-2.681239e-01,-2.801423e-01,-8.285364e+01,-8.260429e+01,-8.065166e+01
6.355000e-03,-2.443713e-01,-2.614728e-01,-2.632304e-01,-8.897423e+01,-8.828805e+01,-8.648670e+01
6.360000e-03,-2.350672e-01,-2.541934e-01,-2.428110e-01,-9.474368e+01,-9.371076e+01,-9.230135e+01
6.365000e-03,-2.248353e-01,-2.754571e-01,-3.211662e-01,-1.001392e+02,-9.780978e+01,-9.534572e+01
6.370000e-03,-2.137161e-01,-2.626048e-01,-3.067560e-01,-1.051395e+02,-1.017453e+02,-9.846421e+01
6.375000e-03,-2.017535e-01,-2.491467e-01,-2.893066e-01,-1.097249e+02,-1.055543e+02,-1.016141e+02
6.380000e-03,-1.889947e-01,-2.346263e-01,-2.689778e-01,-1.138773e+02,-1.090244e+02,-1.047630e+02
6.385000e-03,-1.754899e-01,-2.194883e-01,-2.458982e-01,-1.175802e+02,-1.122445e+02,-1.078807e+02
6.390000e-03,-1.612926e-01,-2.037408e-01,-2.201701e-01,-1.208191e+02,-1.152041e+02,-1.109381e+02
6.395000e-03,-1.464588e-01,-1.870620e-01,-1.917899e-01,-1.235812e+02,-1.176767e+02,-1.139079e+02
6.400000e-03,-1.310469e-01,-1.699630e-01,-1.611351e-01,-1.258556e+02,-1.198878e+02,-1.167640e+02
6.405000e-03,-1.151179e-01,-1.918258e-01,-2.517187e-01,-1.276333e+02,-1.204601e+02,-1.161507e+02
6.410000e-03,-9.873456e-02,-1.723261e-01,-2.291132e-01,-1.289072e+02,-1.207691e+02,-1.155803e+02
6.415000e-03,-8.196154e-02,-1.522863e-01,-2.034679e-01,-1.296725e+02,-1.208678e+02,-1.150316e+02
6.420000e-03,-6.486506e-02,-1.316747e-01,-1.750302e-01,-1.299259e+02,-1.207008e+02,-1.144867e+02
6.425000e-03,-4.751259e-02,-1.103409e-01,-1.437855e-01,-1.296666e+02,-1.201284e+02,-1.139279e+02
6.430000e-03,-2.997261e-02,-8.852144e-02,-1.100310e-01,-1.288956e+02,-1.192212e+02,-1.133371e+02
6.435000e-03,-1.231434e-02,-6.627041e-02,-7.402478e-02,-1.276159e+02,-1.179784e+02,-1.126996e+02
6.440000e-03,5.392532e-03,-4.366431e-02,-3.597879e-02,-1.258325e+02,-1.164335e+02,-1.120023e+02
6.445000e-03,2.307812e-02,-6.099419e-02,-1.220498e-01,-1.235526e+02,-1.133051e+02,-1.078681e+02
6.450000e-03,4.067263e-02,-3.966747e-02,-9.636142e-02,-1.207850e+02,-1.099363e+02,-1.037606e+02
6.455000e-03,5.810662e-02,-1.802079e-02,-6.831187e-02,-1.175408e+02,-1.063165e+02,-9.967408e+01
6.460000e-03,7.531129e-02,3.903599e-03,-3.848930e-02,-1.138326e+02,-1.024369e+02,-9.559873e+01
6.465000e-03,9.221875e-02,2.608111e-02,-6.548516e-03,-1.096752e+02,-9.825820e+01,-9.153319e+01
6.470000e-03,1.087623e-01,4.843369e-02,2.670874e-02,-1.050850e+02,-9.380997e+01,-8.747177e+01
6.475000e-03,1.248765e-01,7.091000e-02,6.157187e-02,-1.000801e+02,-8.910612e+01,-8.341200e+01
6.480000e-03,1.404980e-01,9.346642e-02,9.741450e-02,-9.468018e+01,-8.416027e+01,-7.935156e+01
6.485000e-03,1.555649e-01,8.493170e-02,4.119073e-02,-8.890662e+01,-7.812132e+01,-7.284149e+01
6.490000e-03,1.700179e-01,1.029091e-01,6.408179e-02,-8.278217e+01,-7.187337e+01,-6.632529e+01
6.495000e-03,1.838000e-01,1.208004e-01,8.756453e-02,-7.633103e+01,-6.544000e+01,-5.980884e+01
6.500000e-03,1.968566e-01,1.385502e-01,1.113349e-01,-6.957864e+01,-5.882265e+01,-5.329420e+01
6.505000e-03,2.091364e-01,1.561204e-01,1.351931e-01,-6.255166e+01,-5.204660e+01,-4.678269e+01
6.510000e-03,2.205908e-01,1.734244e-01,1.588741e-01,-5.527781e+01,-4.512674e+01,-4.027606e+01
6.515000e-03,2.311746e-01,1.905861e-01,1.822435e-01,-4.778581e+01,-3.814697e+01,-3.377710e+01
6.520000e-03,2.408461e-01,2.074539e-01,2.050273e-01,-4.010522e+01,-3.106787e+01,-2.728950e+01
6.525000e-03,2.495671e-01,2.098310e-01,1.936878e-01,-3.226635e+01,-2.360972e+01,-1.994857e+01
6.530000e-03,2.573031e-01,2.200411e-01,2.087192e-01,-2.430014e+01,-1.602919e+01,-1.260376e+01
6.535000e-03,2.640237e-01,2.296644e-01,2.222998e-01,-1.623803e+01,-8.361327e+00,-5.258767e+00
6.540000e-03,2.697023e-01,2.389193e-01,2.342838e-01,-8.111834e+00,-6.619088e-01,2.084578e+00
6.545000e-03,2.743165e-01,2.475656e-01,2.444379e-01,4.637472e-02,7.040702e+00,9.425457e+00
6.550000e-03,2.778481e-01,2.556583e-01,2.525990e-01,8.204400e+00,1.469759e+01,1.676093e+01
6.555000e-03,2.802832e-01,2.631691e-01,2.585718e-01,1.633005e+01,2.226465e+01,2.408838e+01
6.560000e-03,2.816121e-01,2.701684e-01,2.622174e-01,2.439125e+01,2.971978e+01,3.140471e+01
6.565000e-03,2.818296e-01,2.826585e-01,2.981707e-01,3.235618e+01,3.675636e+01,3.778004e+01
6.570000e-03,2.809349e-01,2.824349e-01,3.014002e-01,4.019343e+01,4.378930e+01,4.415996e+01
6.575000e-03,2.789315e-01,2.813998e-01,3.016195e-01,4.787204e+01,5.076385e+01,5.054085e+01
6.580000e-03,2.758272e-01,2.797043e-01,2.987618e-01,5.536173e+01,5.761987e+01,5.691936e+01
6.585000e-03,2.716344e-01,2.774567e-01,2.927465e-01,6.263293e+01,6.437683e+01,6.329180e+01
6.590000e-03,2.663695e-01,2.741876e-01,2.834897e-01,6.965695e+01,7.084282e+01,6.965393e+01
6.595000e-03,2.600534e-01,2.703909e-01,2.709207e-01,7.640607e+01,7.712222e+01,7.600109e+01
6.600000e-03,2.527110e-01,2.659338e-01,2.550354e-01,8.285364e+01,8.314942e+01,8.232804e+01
6.605000e-03,2.443713e-01,2.860319e-01,3.292037e-01,8.897423e+01,8.800299e+01,8.615025e+01
6.610000e-03,2.350672e-01,2.754391e-01,3.199127e-01,9.474368e+01,9.272841e+01,8.997769e+01
6.615000e-03,2.248353e-01,2.642304e-01,3.067763e-01,1.001392e+02,9.733515e+01,9.380621e+01
6.620000e-03,2.137161e-01,2.520460e-01,2.898316e-01,1.051395e+02,1.016752e+02,9.763304e+01
6.625000e-03,2.017535e-01,2.390563e-01,2.691006e-01,1.097249e+02,1.057235e+02,1.014546e+02
6.630000e-03,1.889947e-01,2.254038e-01,2.446122e-01,1.138773e+02,1.094932e+02,1.052669e+02
6.635000e-03,1.754899e-01,2.111111e-01,2.164096e-01,1.175802e+02,1.129657e+02,1.090657e+02
6.640000e-03,1.612926e-01,1.960181e-01,1.845990e-01,1.208191e+02,1.159931e+02,1.128461e+02
6.645000e-03,1.464588e-01,2.181765e-01,2.790033e-01,1.235812e+02,1.175021e+02,1.131502e+02
6.650000e-03,1.310469e-01,2.000313e-01,2.580330e-01,1.258556e+02,1.187941e+02,1.135065e+02
6.655000e-03,1.151179e-01,1.811826e-01,2.337539e-01,1.276333e+02,1.198425e+02,1.138921e+02
6.660000e-03,9.873456e-02,1.616395e-01,2.064029e-01,1.289072e+02,1.205986e+02,1.142884e+02
6.665000e-03,8.196154e-02,1.414505e-01,1.761577e-01,1.296725e+02,1.210285e+02,1.146772e+02
6.670000e-03,6.486506e-02,1.206698e-01,1.431083e-01,1.299259e+02,1.211054e+02,1.150406e+02
6.675000e-03,4.751259e-02,9.934977e-02,1.074302e-01,1.296666e+02,1.208092e+02,1.153612e+02
6.680000e-03,2.997261e-02,7.759047e-02,6.947232e-02,1.288956e+02,1.201686e+02,1.156231e+02
6.685000e-03,1.231434e-02,9.650636e-02,1.602210e-01,1.276159e+02,1.179239e+02,1.123228e+02
6.690000e-03,-5.392532e-03,7.509076e-02,1.346631e-01,1.258325e+02,1.153967e+02,1.090477e+02
6.695000e-03,-2.307812e-02,5.339607e-02,1.066574e-01,1.235526e+02,1.127079e+02,1.057930e+02
6.700000e-03,-4.067263e-02,3.118441e-02,7.617743e-02,1.207850e+02,1.096195e+02,1.025472e+02
6.705000e-03,-5.810662e-02,8.719372e-03,4.370323e-02,1.175408e+02,1.062845e+02,9.930781e+01
6.710000e-03,-7.531129e-02,-1.397560e-02,9.130078e-03,1.138326e+02,1.027115e+02,9.606579e+01
6.715000e-03,-9.221875e-02,-3.695763e-02,-2.695765e-02,1.096752e+02,9.876501e+01,9.281738e+01
6.720000e-03,-1.087623e-01,-6.006776e-02,-6.467629e-02,1.050850e+02,9.460404e+01,8.955728e+01
6.725000e-03,-1.248765e-01,-4.904110e-02,7.782512e-04,1.000801e+02,8.917446e+01,8.352933e+01
6.730000e-03,-1.404980e-01,-6.832045e-02,-2.330186e-02,9.468018e+01,8.349221e+01,7.749868e+01
6.735000e-03,-1.555649e-01,-8.760521e-02,-4.846799e-02,8.890662e+01,7.765774e+01,7.146753e+01
6.740000e-03,-1.700179e-01,-1.068708e-01,-7.441004e-02,8.278217e+01,7.158487e+01,6.543876e+01
6.745000e-03,-1.838000e-01,-1.260488e-01,-1.009525e-01,7.633103e+01,6.530982e+01,5.941331e+01
6.750000e-03,-1.968566e-01,-1.451258e-01,-1.278141e-01,6.957864e+01,5.889104e+01,5.339304e+01
6.755000e-03,-2.091364e-01,-1.640850e-01,-1.547975e-01,6.255166e+01,5.233916e+01,4.738009e+01
6.760000e-03,-2.205908e-01,-1.828396e-01,-1.816745e-01,5.527781e+01,4.563769e+01,4.137670e+01
6.765000e-03,-2.311746e-01,-1.824459e-01,-1.583861e-01,4.778581e+01,3.836881e+01,3.408376e+01
6.770000e-03,-2.408461e-01,-1.948746e-01,-1.759299e-01,4.010522e+01,3.094532e+01,2.678729e+01
6.775000e-03,-2.495671e-01,-2.069257e-01,-1.925037e-01,3.226635e+01,2.341532e+01,1.949083e+01
6.780000e-03,-2.573031e-01,-2.185486e-01,-2.078837e-01,2.430014e+01,1.580982e+01,1.219601e+01
6.785000e-03,-2.640237e-01,-2.296506e-01,-2.218406e-01,1.623803e+01,8.169199e+00,4.902127e+00
6.790000e-03,-2.697023e-01,-2.404523e-01,-2.342327e-01,8.111834e+00,5.244995e-01,-2.387687e+00
6.795000e-03,-2.743165e-01,-2.506858e-01,-2.448353e-01,-4.637472e-02,-7.087113e+00,-9.671628e+00
6.800000e-03,-2.778481e-01,-2.604187e-01,-2.534359e-01,-8.204400e+00,-1.462552e+01,-1.694727e+01
6.805000e-03,-2.802832e-01,-2.707178e-01,-2.779529e-01,-1.633005e+01,-2.193894e+01,-2.372876e+01
6.810000e-03,-2.816121e-01,-2.731656e-01,-2.843181e-01,-2.439125e+01,-2.928754e+01,-3.051448e+01
6.815000e-03,-2.818296e-01,-2.749738e-01,-2.880055e-01,-3.235618e+01,-3.661203e+01,-3.730093e+01
6.820000e-03,-2.809349e-01,-2.761000e-01,-2.889495e-01,-4.019343e+01,-4.386945e+01,-4.408481e+01
6.825000e-03,-2.789315e-01,-2.765296e-01,-2.870514e-01,-4.787204e+01,-5.101421e+01,-5.086276e+01
6.830000e-03,-2.758272e-01,-2.762647e-01,-2.822034e-01,-5.536173e+01,-5.800230e+01,-5.763078e+01
6.835000e-03,-2.716344e-01,-2.751635e-01,-2.742321e-01,-6.263293e+01,-6.473546e+01,-6.438434e+01
6.840000e-03,-2.663695e-01,-2.735171e-01,-2.630647e-01,-6.965695e+01,-7.126462e+01,-7.111736e+01
6.845000e-03,-2.600534e-01,-2.921109e-01,-3.289564e-01,-7.640607e+01,-7.681042e+01,-7.569460e+01
6.850000e-03,-2.527110e-01,-2.839620e-01,-3.226859e-01,-8.285364e+01,-8.224926e+01,-8.027737e+01
6.855000e-03,-2.443713e-01,-2.750543e-01,-3.127211e-01,-8.897423e+01,-8.756850e+01,-8.486114e+01
6.860000e-03,-2.350672e-01,-2.652428e-01,-2.990584e-01,-9.474368e+01,-9.264329e+01,-8.944299e+01
6.865000e-03,-2.248353e-01,-2.549185e-01,-2.816834e-01,-1.001392e+02,-9.756292e+01,-9.401918e+01
6.870000e-03,-2.137161e-01,-2.435098e-01,-2.605958e-01,-1.051395e+02,-1.020787e+02,-9.858552e+01
6.875000e-03,-2.017535e-01,-2.314864e-01,-2.358095e-01,-1.097249e+02,-1.062974e+02,-1.031375e+02
6.880000e-03,-1.889947e-01,-2.189368e-01,-2.073560e-01,-1.138773e+02,-1.102619e+02,-1.076701e+02
6.885000e-03,-1.754899e-01,-2.415095e-01,-2.988948e-01,-1.175802e+02,-1.126698e+02,-1.089105e+02
6.890000e-03,-1.612926e-01,-2.247883e-01,-2.816000e-01,-1.208191e+02,-1.148569e+02,-1.101536e+02
6.895000e-03,-1.464588e-01,-2.073529e-01,-2.603352e-01,-1.235812e+02,-1.168443e+02,-1.113973e+02
6.900000e-03,-1.310469e-01,-1.891271e-01,-2.354477e-01,-1.258556e+02,-1.185073e+02,-1.126401e+02
6.905000e-03,-1.151179e-01,-1.704139e-01,-2.069364e-01,-1.276333e+02,-1.199487e+02,-1.138809e+02
6.910000e-03,-9.873456e-02,-1.508756e-01,-1.747309e-01,-1.289072e+02,-1.209613e+02,-1.151161e+02
6.915000e-03,-8.196154e-02,-1.307477e-01,-1.391155e-01,-1.296725e+02,-1.215891e+02,-1.163427e+02
6.920000e-03,-6.486506e-02,-1.102567e-01,-1.003098e-01,-1.299259e+02,-1.219746e+02,-1.175578e+02
6.925000e-03,-4.751259e-02,-1.305261e-01,-1.974565e-01,-1.296666e+02,-1.206763e+02,-1.150643e+02
6.930000e-03,-2.997261e-02,-1.094920e-01,-1.720577e-01,-1.288956e+02,-1.191141e+02,-1.126249e+02
6.935000e-03,-1.231434e-02,-8.795177e-02,-1.440502e-01,-1.276159e+02,-1.172836e+02,-1.102249e+02
6.940000e-03,5.392532e-03,-6.594152e-02,-1.131709e-01,-1.258325e+02,-1.151613e+02,-1.078494e+02
6.945000e-03,2.307812e-02,-4.351712e-02,-8.006631e-02,-1.235526e+02,-1.127316e+02,-1.054850e+02
6.950000e-03,4.067263e-02,-2.073309e-02,-4.479865e-02,-1.207850e+02,-1.099844e+02,-1.031229e+02
6.955000e-03,5.810662e-02,2.358240e-03,-7.477912e-03,-1.175408e+02,-1.069154e+02,-1.007497e+02
6.960000e-03,7.531129e-02,2.569066e-02,3.142729e-02,-1.138326e+02,-1.035492e+02,-9.835772e+01
6.965000e-03,9.221875e-02,1.234918e-02,-4.271818e-02,-1.096752e+02,-9.881649e+01,-9.291015e+01
6.970000e-03,1.087623e-01,3.265403e-02,-1.777486e-02,-1.050850e+02,-9.381761e+01,-8.745921e+01
6.975000e-03,1.248765e-01,5.304329e-02,8.629610e-03,-1.000801e+02,-8.865283e+01,-8.200897e+01
6.980000e-03,1.404980e-01,7.352882e-02,3.641189e-02,-9.468018e+01,-8.322393e+01,-7.656046e+01
6.985000e-03,1.555649e-01,9.403747e-02,6.514088e-02,-8.890662e+01,-7.755535e+01,-7.111618e+01
6.990000e-03,1.700179e-01,1.145286e-01,9.476383e-02,-8.278217e+01,-7.171020e+01,-6.567644e+01
6.995000e-03,1.838000e-01,1.349824e-01,1.249173e-01,-7.633103e+01,-6.569735e+01,-6.024324e+01
7.000000e-03,1.968566e-01,1.553354e-01,1.554728e-01,-6.957864e+01,-5.948330e+01,-5.481834e+01
7.005000e-03,2.091364e-01,1.521907e-01,1.209073e-01,-6.255166e+01,-5.251837e+01,-4.769194e+01
7.010000e-03,2.205908e-01,1.666991e-01,1.406048e-01,-5.527781e+01,-4.537360e+01,-4.056427e+01
7.015000e-03,2.311746e-01,1.809230e-01,1.598930e-01,-4.778581e+01,-3.809437e+01,-3.343597e+01
7.020000e-03,2.408461e-01,1.948128e-01,1.784127e-01,-4.010522e+01,-3.070418e+01,-2.630754e+01
7.025000e-03,2.495671e-01,2.083370e-01,1.960332e-01,-3.226635e+01,-2.323653e+01,-1.917983e+01
7.030000e-03,2.573031e-01,2.213167e-01,2.123386e-01,-2.430014e+01,-1.573112e+01,-1.205233e+01
7.035000e-03,2.640237e-01,2.340204e-01,2.273462e-01,-1.623803e+01,-8.216737e+00,-4.926047e+00
7.040000e-03,2.697023e-01,2.464916e-01,2.405768e-01,-8.111834e+00,-7.102984e-01,2.198697e+00
7.045000e-03,2.743165e-01,2.543641e-01,2.536521e-01,4.637472e-02,6.769314e+00,9.275312e+00
7.050000e-03,2.778481e-01,2.595632e-01,2.630826e-01,8.204400e+00,1.432125e+01,1.635467e+01
7.055000e-03,2.802832e-01,2.640697e-01,2.702620e-01,1.633005e+01,2.188529e+01,2.343463e+01
7.060000e-03,2.816121e-01,2.679336e-01,2.750203e-01,2.439125e+01,2.941363e+01,3.051292e+01
7.065000e-03,2.818296e-01,2.711462e-01,2.772041e-01,3.235618e+01,3.686026e+01,3.758677e+01
7.070000e-03,2.809349e-01,2.737091e-01,2.766527e-01,4.019343e+01,4.418218e+01,4.465296e+01
7.075000e-03,2.789315e-01,2.755698e-01,2.732187e-01,4.787204e+01,5.132130e+01,5.170804e+01
7.080000e-03,2.758272e-01,2.768070e-01,2.668714e-01,5.536173e+01,5.825934e+01,5.874779e+01
7.085000e-03,2.716344e-01,2.935922e-01,3.237117e-01,6.263293e+01,6.440385e+01,6.401014e+01
7.090000e-03,2.663695e-01,2.881039e-01,3.205725e-01,6.965695e+01,7.049157e+01,6.927792e+01
7.095000e-03,2.600534e-01,2.818114e-01,3.139333e-01,7.640607e+01,7.646428e+01,7.454483e+01
7.100000e-03,2.527110e-01,2.746880e-01,3.037803e-01,8.285364e+01,8.226267e+01,7.981207e+01
7.105000e-03,2.443713e-01,2.667558e-01,2.898941e-01,8.897423e+01,8.783457e+01,8.507233e+01
7.110000e-03,2.350672e-01,2.580446e-01,2.725429e-01,9.474368e+01,9.313382e+01,9.032193e+01
7.115000e-03,2.248353e-01,2.485840e-01,2.515600e-01,1.001392e+02,9.811954e+01,9.555850e+01
7.120000e-03,2.137161e-01,2.385010e-01,2.268884e-01,1.051395e+02,1.028076e+02,1.007730e+02
7.125000e-03,2.017535e-01,2.605033e-01,3.138378e-01,1.097249e+02,1.060816e+02,1.029135e+02
7.130000e-03,1.889947e-01,2.456100e-01,2.989156e-01,1.138773e+02,1.091718e+02,1.050595e+02
7.135000e-03,1.754899e-01,2.300181e-01,2.802769e-01,1.175802e+02,1.120711e+02,1.072057e+02
7.140000e-03,1.612926e-01,2.136959e-01,2.574889e-01,1.208191e+02,1.147259e+02,1.093509e+02
7.145000e-03,1.464588e-01,1.966322e-01,2.313513e-01,1.235812e+02,1.170878e+02,1.114915e+02
7.150000e-03,1.310469e-01,1.787203e-01,2.011508e-01,1.258556e+02,1.190314e+02,1.136254e+02
7.155000e-03,1.151179e-01,1.601992e-01,1.676728e-01,1.276333e+02,1.206154e+02,1.157456e+02
7.160000e-03,9.873456e-02,1.412135e-01,1.306604e-01,1.289072e+02,1.219003e+02,1.178519e+02
7.165000e-03,8.196154e-02,1.624455e-01,2.281808e-01,1.296725e+02,1.215348e+02,1.162740e+02
7.170000e-03,6.486506e-02,1.420438e-01,2.038792e-01,1.299259e+02,1.209148e+02,1.147495e+02
7.175000e-03,4.751259e-02,1.210801e-01,1.766754e-01,1.296666e+02,1.200386e+02,1.132633e+02
7.180000e-03,2.997261e-02,9.956324e-02,1.465391e-01,1.288956e+02,1.188650e+02,1.117932e+02
7.185000e-03,1.231434e-02,7.754389e-02,1.139963e-01,1.276159e+02,1.173712e+02,1.103300e+02
7.190000e-03,-5.392532e-03,5.507775e-02,7.880228e-02,1.258325e+02,1.155412e+02,1.088556e+02
7.195000e-03,-2.307812e-02,3.221880e-02,4.170851e-02,1.235526e+02,1.133650e+02,1.073595e+02
7.200000e-03,-4.067263e-02,9.046669e-03,2.438729e-03,1.207850e+02,1.108705e+02,1.058291e+02
7.205000e-03,-5.810662e-02,2.450809e-02,8.313644e-02,1.175408e+02,1.069103e+02,1.010316e+02
7.210000e-03,-7.531129e-02,3.534218e-03,5.778407e-02,1.138326e+02,1.027095e+02,9.623613e+01
7.215000e-03,-9.221875e-02,-1.765879e-02,3.043423e-02,1.096752e+02,9.827193e+01,9.144388e+01
7.220000e-03,-1.087623e-01,-3.903785e-02,1.518449e-03,1.050850e+02,9.357887e+01,8.665272e+01
7.225000e-03,-1.248765e-01,-6.055595e-02,-2.907664e-02,1.000801e+02,8.862142e+01,8.186526e+01
7.230000e-03,-1.404980e-01,-8.215098e-02,-6.074817e-02,9.468018e+01,8.343558e+01,7.708176e+01
7.235000e-03,-1.555649e-01,-1.037824e-01,-9.355977e-02,8.890662e+01,7.802617e+01,7.230133e+01
7.240000e-03,-1.700179e-01,-1.254082e-01,-1.271125e-01,8.278217e+01,7.239297e+01,6.752666e+01
7.245000e-03,-1.838000e-01,-1.194963e-01,-8.120914e-02,7.633103e+01,6.584233e+01,6.065769e+01
7.250000e-03,-1.968566e-01,-1.358661e-01,-1.027970e-01,6.957864e+01,5.909015e+01,5.378504e+01
7.255000e-03,-2.091364e-01,-1.520458e-01,-1.243671e-01,6.255166e+01,5.217356e+01,4.691287e+01
7.260000e-03,-2.205908e-01,-1.679883e-01,-1.457244e-01,5.527781e+01,4.511323e+01,4.004158e+01
7.265000e-03,-2.311746e-01,-1.836590e-01,-1.665647e-01,4.778581e+01,3.793711e+01,3.317170e+01
7.270000e-03,-2.408461e-01,-1.990286e-01,-1.868308e-01,4.010522e+01,3.067428e+01,2.630364e+01
7.275000e-03,-2.495671e-01,-2.140692e-01,-2.062113e-01,3.226635e+01,2.335488e+01,1.944205e+01
7.280000e-03,-2.573031e-01,-2.288144e-01,-2.244511e-01,2.430014e+01,1.600767e+01,1.258786e+01
7.285000e-03,-2.640237e-01,-2.339433e-01,-2.251657e-01,1.623803e+01,8.483190e+00,5.323189e+00
7.290000e-03,-2.697023e-01,-2.417203e-01,-2.374821e-01,8.111834e+00,8.559343e-01,-1.945124e+00
7.295000e-03,-2.743165e-01,-2.488734e-01,-2.479617e-01,-4.637472e-02,-6.820125e+00,-9.213784e+00
7.300000e-03,-2.778481e-01,-2.554173e-01,-2.564141e-01,-8.204400e+00,-1.449421e+01,-1.648079e+01
7.305000e-03,-2.802832e-01,-2.613669e-01,-2.626607e-01,-1.633005e+01,-2.212362e+01,-2.374354e+01
7.310000e-03,-2.816121e-01,-2.667108e-01,-2.665313e-01,-2.439125e+01,-2.966460e+01,-3.099899e+01
7.315000e-03,-2.818296e-01,-2.714443e-01,-2.678847e-01,-3.235618e+01,-3.707574e+01,-3.824370e+01
7.320000e-03,-2.809349e-01,-2.756364e-01,-2.665904e-01,-4.019343e+01,-4.434122e+01,-4.547379e+01
7.325000e-03,-2.789315e-01,-2.904184e-01,-3.132646e-01,-4.787204e+01,-5.098436e+01,-5.133656e+01
7.330000e-03,-2.758272e-01,-2.875768e-01,-3.133394e-01,-5.536173e+01,-5.760014e+01,-5.720436e+01
7.335000e-03,-2.716344e-01,-2.835731e-01,-3.101039e-01,-6.263293e+01,-6.407561e+01,-6.307320e+01
7.340000e-03,-2.663695e-01,-2.793540e-01,-3.035253e-01,-6.965695e+01,-7.049899e+01,-6.893972e+01
7.345000e-03,-2.600534e-01,-2.740277e-01,-2.935514e-01,-7.640607e+01,-7.665456e+01,-7.480019e+01
7.350000e-03,-2.527110e-01,-2.681330e-01,-2.801249e-01,-8.285364e+01,-8.261403e+01,-8.065033e+01
7.355000e-03,-2.443713e-01,-2.615782e-01,-2.632032e-01,-8.897423e+01,-8.834578e+01,-8.648545e+01
7.360000e-03,-2.350672e-01,-2.541981e-01,-2.428167e-01,-9.474368e+01,-9.371427e+01,-9.230024e+01
7.365000e-03,-2.248353e-01,-2.754842e-01,-3.212697e-01,-1.001392e+02,-9.781492e+01,-9.534120e+01
7.370000e-03,-2.137161e-01,-2.627820e-01,-3.067905e-01,-1.051395e+02,-1.017875e+02,-9.845697e+01
7.375000e-03,-2.017535e-01,-2.492206e-01,-2.895147e-01,-1.097249e+02,-1.055591e+02,-1.016055e+02
7.380000e-03,-1.889947e-01,-2.348334e-01,-2.690765e-01,-1.138773e+02,-1.090805e+02,-1.047553e+02
7.385000e-03,-1.754899e-01,-2.196651e-01,-2.458629e-01,-1.175802e+02,-1.123059e+02,-1.078721e+02
7.390000e-03,-1.612926e-01,-2.037609e-01,-2.201575e-01,-1.208191e+02,-1.151965e+02,-1.109293e+02
7.395000e-03,-1.464588e-01,-1.871646e-01,-1.917809e-01,-1.235812e+02,-1.177196e+02,-1.139011e+02
7.400000e-03,-1.310469e-01,-1.699867e-01,-1.611147e-01,-1.258556e+02,-1.198940e+02,-1.167583e+02
7.405000e-03,-1.151179e-01,-1.918237e-01,-2.517848e-01,-1.276333e+02,-1.204683e+02,-1.161439e+02
7.410000e-03,-9.873456e-02,-1.724099e-01,-2.292326e-01,-1.289072e+02,-1.208088e+02,-1.155721e+02
7.415000e-03,-8.196154e-02,-1.523437e-01,-2.035719e-01,-1.296725e+02,-1.208933e+02,-1.150231e+02
7.420000e-03,-6.486506e-02,-1.316553e-01,-1.750268e-01,-1.299259e+02,-1.206874e+02,-1.144781e+02
7.425000e-03,-4.751259e-02,-1.103985e-01,-1.438002e-01,-1.296666e+02,-1.201642e+02,-1.139188e+02
7.430000e-03,-2.997261e-02,-8.861673e-02,-1.100838e-01,-1.288956e+02,-1.192961e+02,-1.133285e+02
7.435000e-03,-1.231434e-02,-6.632420e-02,-7.406566e-02,-1.276159e+02,-1.180336e+02,-1.126918e+02
7.440000e-03,5.392532e-03,-4.365776e-02,-3.597028e-02,-1.258325e+02,-1.164393e+02,-1.119950e+02
7.445000e-03,2.307812e-02,-6.097550e-02,-1.220550e-01,-1.235526e+02,-1.133108e+02,-1.078617e+02
7.450000e-03,4.067263e-02,-3.959802e-02,-9.632068e-02,-1.207850e+02,-1.099049e+02,-1.037551e+02
7.455000e-03,5.810662e-02,-1.796689e-02,-6.837212e-02,-1.175408e+02,-1.062947e+02,-9.966676e+01
7.460000e-03,7.531129e-02,3.923858e-03,-3.845557e-02,-1.138326e+02,-1.024440e+02,-9.559248e+01
7.465000e-03,9.221875e-02,2.612003e-02,-6.621964e-03,-1.096752e+02,-9.823212e+01,-9.152724e+01
7.470000e-03,1.087623e-01,4.846331e-02,2.678068e-02,-1.050850e+02,-9.377715e+01,-8.746630e+01
7.475000e-03,1.248765e-01,7.092295e-02,6.152420e-02,-1.000801e+02,-8.908437e+01,-8.340672e+01
7.480000e-03,1.404980e-01,9.346839e-02,9.740928e-02,-9.468018e+01,-8.416521e+01,-7.934642e+01
7.485000e-03,1.555649e-01,8.493986e-02,4.127218e-02,-8.890662e+01,-7.812497e+01,-7.284051e+01
7.490000e-03,1.700179e-01,1.028960e-01,6.421425e-02,-8.278217e+01,-7.185361e+01,-6.632767e+01
7.495000e-03,1.838000e-01,1.207661e-01,8.771798e-02,-7.633103e+01,-6.541942e+01,-5.981503e+01
7.500000e-03,1.968566e-01,1.385219e-01,1.114854e-01,-6.957864e+01,-5.881830e+01,-5.330367e+01
7.505000e-03,2.091364e-01,1.561119e-01,1.353279e-01,-6.255166e+01,-5.205736e+01,-4.679465e+01
7.510000e-03,2.205908e-01,1.734503e-01,1.589872e-01,-5.527781e+01,-4.514305e+01,-4.028936e+01
7.515000e-03,2.311746e-01,1.905558e-01,1.822957e-01,-4.778581e+01,-3.813798e+01,-3.379055e+01
7.520000e-03,2.408461e-01,2.074662e-01,2.049557e-01,-4.010522e+01,-3.106972e+01,-2.730052e+01
7.525000e-03,2.495671e-01,2.098330e-01,1.937337e-01,-3.226635e+01,-2.361171e+01,-1.995879e+01
7.530000e-03,2.573031e-01,2.200067e-01,2.087621e-01,-2.430014e+01,-1.602875e+01,-1.261352e+01
7.535000e-03,2.640237e-01,2.297015e-01,2.223529e-01,-1.623803e+01,-8.365689e+00,-5.268024e+00
7.540000e-03,2.697023e-01,2.388752e-01,2.343171e-01,-8.111834e+00,-6.636365e-01,2.075929e+00
7.545000e-03,2.743165e-01,2.475638e-01,2.444714e-01,4.637472e-02,7.038156e+00,9.417248e+00
7.550000e-03,2.778481e-01,2.556269e-01,2.526340e-01,8.204400e+00,1.469081e+01,1.675319e+01
7.555000e-03,2.802832e-01,2.631792e-01,2.586076e-01,1.633005e+01,2.226506e+01,2.408107e+01
7.560000e-03,2.816121e-01,2.701715e-01,2.622307e-01,2.439125e+01,2.971881e+01,3.139797e+01
7.565000e-03,2.818296e-01,2.826246e-01,2.981735e-01,3.235618e+01,3.675556e+01,3.777370e+01
7.570000e-03,2.809349e-01,2.823603e-01,3.013695e-01,4.019343e+01,4.378437e+01,4.415391e+01
7.575000e-03,2.789315e-01,2.815760e-01,3.016056e-01,4.787204e+01,5.078592e+01,5.053502e+01
7.580000e-03,2.758272e-01,2.797562e-01,2.987751e-01,5.536173e+01,5.763183e+01,5.691390e+01
7.585000e-03,2.716344e-01,2.773910e-01,2.927811e-01,6.263293e+01,6.434833e+01,6.328677e+01
7.590000e-03,2.663695e-01,2.743516e-01,2.835384e-01,6.965695e+01,7.089558e+01,6.964934e+01
7.595000e-03,2.600534e-01,2.703264e-01,2.709756e-01,7.640607e+01,7.709584e+01,7.599688e+01
7.600000e-03,2.527110e-01,2.659438e-01,2.550452e-01,8.285364e+01,8.315058e+01,8.232413e+01
7.605000e-03,2.443713e-01,2.860046e-01,3.292251e-01,8.897423e+01,8.800158e+01,8.614686e+01
7.610000e-03,2.350672e-01,2.754041e-01,3.199555e-01,9.474368e+01,9.272249e+01,8.997485e+01
7.615000e-03,2.248353e-01,2.642591e-01,3.068289e-01,1.001392e+02,9.734831e+01,9.380395e+01
7.620000e-03,2.137161e-01,2.519537e-01,2.898870e-01,1.051395e+02,1.016480e+02,9.763130e+01
7.625000e-03,2.017535e-01,2.390247e-01,2.691578e-01,1.097249e+02,1.057129e+02,1.014533e+02
7.630000e-03,1.889947e-01,2.254898e-01,2.446707e-01,1.138773e+02,1.095418e+02,1.052660e+02
7.635000e-03,1.754899e-01,2.109528e-01,2.164689e-01,1.175802e+02,1.128856e+02,1.090651e+02
7.640000e-03,1.612926e-01,1.960062e-01,1.846142e-01,1.208191e+02,1.159917e+02,1.128459e+02
7.645000e-03,1.464588e-01,2.181705e-01,2.788739e-01,1.235812e+02,1.174971e+02,1.131531e+02
7.650000e-03,1.310469e-01,1.999563e-01,2.578473e-01,1.258556e+02,1.187663e+02,1.135115e+02
7.655000e-03,1.151179e-01,1.811066e-01,2.336973e-01,1.276333e+02,1.198125e+02,1.139020e+02
7.660000e-03,9.873456e-02,1.616015e-01,2.062428e-01,1.289072e+02,1.205809e+02,1.142993e+02
7.665000e-03,8.196154e-02,1.414664e-01,1.761541e-01,1.296725e+02,1.210395e+02,1.146895e+02
7.670000e-03,6.486506e-02,1.206873e-01,1.429362e-01,1.299259e+02,1.211200e+02,1.150523e+02
7.675000e-03,4.751259e-02,9.933243e-02,1.074786e-01,1.296666e+02,1.207971e+02,1.153712e+02
7.680000e-03,2.997261e-02,7.758982e-02,6.951172e-02,1.288956e+02,1.201667e+02,1.156318e+02
7.685000e-03,1.231434e-02,9.650972e-02,1.615278e-01,1.276159e+02,1.179220e+02,1.122834e+02
7.690000e-03,-5.392532e-03,7.509400e-02,1.355704e-01,1.258325e+02,1.153951e+02,1.089846e+02
7.695000e-03,-2.307812e-02,5.339326e-02,1.071361e-01,1.235526e+02,1.127008e+02,1.057193e+02
7.700000e-03,-4.067263e-02,3.119405e-02,7.648670e-02,1.207850e+02,1.096233e+02,1.024769e+02
7.705000e-03,-5.810662e-02,8.722719e-03,4.367551e-02,1.175408e+02,1.062831e+02,9.924626e+01
7.710000e-03,-7.531129e-02,-1.397826e-02,9.030722e-03,1.138326e+02,1.027011e+02,9.601692e+01
7.715000e-03,-9.221875e-02,-3.694773e-02,-2.720127e-02,1.096752e+02,9.877405e+01,9.278104e+01
7.720000e-03,-1.087623e-01,-6.006380e-02,-6.481497e-02,1.050850e+02,9.460310e+01,8.953224e+01
7.725000e-03,-1.248765e-01,-4.903005e-02,8.727723e-04,1.000801e+02,8.917506e+01,8.350804e+01
7.730000e-03,-1.404980e-01,-6.831576e-02,-2.320734e-02,9.468018e+01,8.352375e+01,7.747846e+01
7.735000e-03,-1.555649e-01,-8.761757e-02,-4.840204e-02,8.890662e+01,7.766652e+01,7.144889e+01
7.740000e-03,-1.700179e-01,-1.068895e-01,-7.433039e-02,8.278217e+01,7.159862e+01,6.542101e+01
7.745000e-03,-1.838000e-01,-1.260849e-01,-1.008738e-01,7.633103e+01,6.533295e+01,5.939595e+01
7.750000e-03,-1.968566e-01,-1.451728e-01,-1.277631e-01,6.957864e+01,5.890701e+01,5.337704e+01
7.755000e-03,-2.091364e-01,-1.641082e-01,-1.547511e-01,6.255166e+01,5.233202e+01,4.736539e+01
7.760000e-03,-2.205908e-01,-1.828550e-01,-1.816425e-01,5.527781e+01,4.563351e+01,4.136349e+01
7.765000e-03,-2.311746e-01,-1.824439e-01,-1.583330e-01,4.778581e+01,3.836487e+01,3.407131e+01
7.770000e-03,-2.408461e-01,-1.948659e-01,-1.758725e-01,4.010522e+01,3.094057e+01,2.677547e+01
7.775000e-03,-2.495671e-01,-2.069127e-01,-1.924640e-01,3.226635e+01,2.341156e+01,1.948019e+01
7.780000e-03,-2.573031e-01,-2.185336e-01,-2.078106e-01,2.430014e+01,1.580727e+01,1.218507e+01
7.785000e-03,-2.640237e-01,-2.296553e-01,-2.218627e-01,1.623803e+01,8.167822e+00,4.892997e+00
7.790000e-03,-2.697023e-01,-2.404427e-01,-2.342028e-01,8.111834e+00,5.231627e-01,-2.395920e+00
7.795000e-03,-2.743165e-01,-2.506782e-01,-2.448023e-01,-4.637472e-02,-7.088848e+00,-9.679286e+00
7.800000e-03,-2.778481e-01,-2.604080e-01,-2.534139e-01,-8.204400e+00,-1.462700e+01,-1.695438e+01
7.805000e-03,-2.802832e-01,-2.707495e-01,-2.779260e-01,-1.633005e+01,-2.193841e+01,-2.373542e+01
7.810000e-03,-2.816121e-01,-2.732406e-01,-2.842904e-01,-2.439125e+01,-2.928632e+01,-3.052077e+01
7.815000e-03,-2.818296e-01,-2.747363e-01,-2.879643e-01,-3.235618e+01,-3.659030e+01,-3.730658e+01
7.820000e-03,-2.809349e-01,-2.759903e-01,-2.889394e-01,-4.019343e+01,-4.385632e+01,-4.408984e+01
7.825000e-03,-2.789315e-01,-2.762894e-01,-2.871287e-01,-4.787204e+01,-5.097231e+01,-5.086767e+01
7.830000e-03,-2.758272e-01,-2.760093e-01,-2.821867e-01,-5.536173e+01,-5.793451e+01,-5.763569e+01
7.835000e-03,-2.716344e-01,-2.751635e-01,-2.741543e-01,-6.263293e+01,-6.474655e+01,-6.438854e+01
7.840000e-03,-2.663695e-01,-2.734753e-01,-2.630502e-01,-6.965695e+01,-7.125708e+01,-7.112063e+01
7.845000e-03,-2.600534e-01,-3.105665e-01,-3.290054e-01,-7.640607e+01,-7.624925e+01,-7.569735e+01
7.850000e-03,-2.527110e-01,-2.998465e-01,-3.227324e-01,-8.285364e+01,-8.132600e+01,-8.028010e+01
7.855000e-03,-2.443713e-01,-2.875583e-01,-3.127222e-01,-8.897423e+01,-8.635847e+01,-8.486400e+01
7.860000e-03,-2.350672e-01,-2.751381e-01,-2.990226e-01,-9.474368e+01,-9.138659e+01,-8.944555e+01
7.865000e-03,-2.248353e-01,-2.610107e-01,-2.816446e-01,-1.001392e+02,-9.615315e+01,-9.402141e+01
7.870000e-03,-2.137161e-01,-2.468098e-01,-2.605876e-01,-1.051395e+02,-1.009085e+02,-9.858760e+01
7.875000e-03,-2.017535e-01,-2.309790e-01,-2.358506e-01,-1.097249e+02,-1.052028e+02,-1.031398e+02
7.880000e-03,-1.889947e-01,-2.149622e-01,-2.073527e-01,-1.138773e+02,-1.094260e+02,-1.076724e+02
7.885000e-03,-1.754899e-01,-2.410348e-01,-2.988855e-01,-1.175802e+02,-1.119802e+02,-1.089125e+02
7.890000e-03,-1.612926e-01,-2.246781e-01,-2.815900e-01,-1.208191e+02,-1.143287e+02,-1.101555e+02
7.895000e-03,-1.464588e-01,-2.075878e-01,-2.603243e-01,-1.235812e+02,-1.164137e+02,-1.113991e+02
7.900000e-03,-1.310469e-01,-1.897774e-01,-2.354503e-01,-1.258556e+02,-1.181920e+02,-1.126418e+02
7.905000e-03,-1.151179e-01,-1.712964e-01,-2.069230e-01,-1.276333e+02,-1.196286e+02,-1.138826e+02
7.910000e-03,-9.873456e-02,-1.521939e-01,-1.747170e-01,-1.289072e+02,-1.206951e+02,-1.151177e+02
7.915000e-03,-8.196154e-02,-1.325176e-01,-1.391063e-01,-1.296725e+02,-1.213691e+02,-1.163441e+02
7.920000e-03,-6.486506e-02,-1.123680e-01,-1.003081e-01,-1.299259e+02,-1.216808e+02,-1.175593e+02
7.925000e-03,-4.751259e-02,-1.320756e-01,-1.974806e-01,-1.296666e+02,-1.203618e+02,-1.150657e+02
7.930000e-03,-2.997261e-02,-1.108958e-01,-1.721193e-01,-1.288956e+02,-1.188102e+02,-1.126260e+02
7.935000e-03,-1.231434e-02,-8.920817e-02,-1.439557e-01,-1.276159e+02,-1.169979e+02,-1.102242e+02
7.940000e-03,5.392532e-03,-6.705165e-02,-1.132578e-01,-1.258325e+02,-1.149023e+02,-1.078479e+02
7.945000e-03,2.307812e-02,-4.448054e-02,-8.012093e-02,-1.235526e+02,-1.125074e+02,-1.054846e+02
7.950000e-03,4.067263e-02,-2.151688e-02,-4.476446e-02,-1.207850e+02,-1.097716e+02,-1.031215e+02
7.955000e-03,5.810662e-02,1.760041e-03,-7.498355e-03,-1.175408e+02,-1.067086e+02,-1.007484e+02
7.960000e-03,7.531129e-02,2.527049e-02,3.144110e-02,-1.138326e+02,-1.033590e+02,-9.835652e+01
7.965000e-03,9.221875e-02,1.177171e-02,-4.272609e-02,-1.096752e+02,-9.864270e+01,-9.290909e+01
7.970000e-03,1.087623e-01,3.210117e-02,-1.779076e-02,-1.050850e+02,-9.369115e+01,-8.745841e+01
7.975000e-03,1.248765e-01,5.254938e-02,8.617887e-03,-1.000801e+02,-8.850631e+01,-8.200769e+01
7.980000e-03,1.404980e-01,7.307139e-02,3.638578e-02,-9.468018e+01,-8.309349e+01,-7.656008e+01
7.985000e-03,1.555649e-01,9.362234e-02,6.517639e-02,-8.890662e+01,-7.746202e+01,-7.111547e+01
7.990000e-03,1.700179e-01,1.141592e-01,9.473617e-02,-8.278217e+01,-7.162477e+01,-6.567600e+01
7.995000e-03,1.838000e-01,1.346347e-01,1.249293e-01,-7.633103e+01,-6.558693e+01,-6.024290e+01
8.000000e-03,1.968568e-01,1.550154e-01,1.554694e-01,-6.957868e+01,-5.938158e+01,-5.481799e+01
